idOriginal, Enrollments
0031N00001IGkkw, 1
003o0000005BdxA, 35
003o0000005BdxN, 33
003o0000005BdxU, 26
003o0000005BdxY, 31
003o0000005Bdxa, 18
003o0000005Bdxb, 21
003o0000005Bdxe, 24
003o0000005Bdxl, 5
003o0000005Bdxq, 22
003o0000005BdyE, 19
003o0000005Bdzc, 4
003o0000005Bdzo, 38
003o0000005Be02, 27
003o0000005Be03, 6
003o0000005Be04, 3
003o0000005Be08, 8
003o0000005Be09, 12
003o0000005Be0A, 12
003o0000005Be0C, 30
003o0000005Be0D, 20
003o0000005Be0E, 20
003o0000005Be0N, 31
003o0000005Be0O, 60
003o0000005Be0R, 34
003o0000005Be0X, 19
003o0000005Be0Y, 31
003o0000005Be2U, 28
003o0000005Be2W, 6
003o0000005Be2X, 35
003o0000005Be2Y, 8
003o0000005Be2d, 41
003o0000005Be3L, 9
003o0000005Be3M, 19
003o0000005Be3N, 14
003o0000005Be3V, 6
003o0000005Be3W, 34
003o0000005Be3X, 5
003o0000005Be3Y, 6
003o0000005Be3Z, 13
003o0000005Be4Q, 12
003o0000005Be4e, 30
003o0000005Be4g, 4
003o0000005Be4h, 32
003o0000005Be4i, 27
003o0000005BebU, 54
003o0000005Bebp, 22
003o0000005Bebs, 22
003o0000005BedD, 11
003o0000005BedO, 18
003o0000005Beed, 36
003o0000005Beee, 12
003o0000005Beei, 20
003o0000005Bees, 13
003o0000005BefR, 23
003o0000005BefY, 46
003o0000005Befi, 21
003o0000005Befo, 28
003o0000005Befp, 24
003o0000005Befv, 16
003o0000005Beg3, 31
003o0000005BegW, 33
003o0000005Begt, 48
003o0000005Bei6, 31
003o0000005Bejd, 33
003o0000005Bel9, 38
003o0000005BelE, 30
003o0000005BelS, 16
003o0000005Bemx, 20
003o0000005Beng, 19
003o0000005Bens, 9
003o0000005Bep8, 37
003o0000005Bepc, 15
003o0000005Beph, 15
003o0000005Bes3, 27
003o0000005Bes7, 29
003o0000005BetP, 17
003o0000005Beu2, 28
003o0000005BeuG, 24
003o0000005BeuK, 25
003o0000005Beul, 21
003o0000005Beut, 27
003o0000005Bevh, 17
003o0000005Bew2, 30
003o0000005Cue6, 31
003o0000005Cue9, 21
003o0000005CueB, 45
003o0000005CufB, 23
003o0000005CufK, 38
003o0000005CufL, 27
003o0000005CufZ, 28
003o0000005Cufb, 9
003o0000005Cufv, 1
003o0000005CugD, 39
003o0000005CugE, 36
003o0000005CugI, 34
003o0000005Cuge, 25
003o0000005Cugm, 27
003o0000005CuhX, 16
003o0000005CuiH, 40
003o0000005Cuim, 35
003o0000005Cuit, 28
003o0000005Cujs, 23
003o0000005CulW, 34
003o0000005Cull, 11
003o0000005Culm, 24
003o0000005Cumt, 38
003o0000005Cupq, 26
003o0000005CurG, 41
003o0000005EQ2U, 45
003o0000005EQ7e, 20
003o0000005EQ9O, 48
003o0000005EQCP, 49
003o0000005EQCS, 22
003o0000005EQCU, 23
003o0000005EQDo, 27
003o0000005EQEL, 14
003o0000005EQFg, 39
003o0000005EQHJ, 22
003o0000005EQHN, 15
003o0000005EQHR, 29
003o0000005EQHY, 23
003o0000005EQHb, 26
003o0000005EQHe, 19
003o0000005EQHo, 23
003o0000005EQHr, 28
003o0000005EQHu, 22
003o0000005EQHv, 22
003o0000005EQIK, 25
003o0000005EQIM, 29
003o0000005EQIT, 22
003o0000005EQIb, 26
003o0000005EQId, 29
003o0000005EQIh, 12
003o0000005EQIm, 21
003o0000005EQIt, 29
003o0000005EQJ1, 29
003o0000005EQJE, 41
003o0000005EQJL, 30
003o0000005EQJP, 24
003o0000005EQJW, 27
003o0000005EQJX, 7
003o0000005EQJZ, 33
003o0000005EQJd, 20
003o0000005EQJh, 30
003o0000005EQJi, 31
003o0000005EQJj, 21
003o0000005EQJk, 4
003o0000005EQJl, 15
003o0000005EQJm, 12
003o0000005EQJt, 33
003o0000005EQJw, 30
003o0000005EQJx, 19
003o0000005EQJy, 30
003o0000005EQJz, 16
003o0000005EQK3, 23
003o0000005EQK8, 26
003o0000005EQKB, 37
003o0000005EQKE, 19
003o0000005EQKL, 25
003o0000005EQKQ, 35
003o0000005EQKU, 28
003o0000005EQKX, 25
003o0000005EQKn, 22
003o0000005EQKo, 23
003o0000005EQKr, 30
003o0000005EQKx, 31
003o0000005EQKz, 42
003o0000005EQL0, 9
003o0000005EQL2, 17
003o0000005EQL4, 13
003o0000005EQL9, 27
003o0000005EQLA, 22
003o0000005EQLB, 1
003o0000005EQLE, 16
003o0000005EQLK, 19
003o0000005EQLM, 24
003o0000005EQLO, 35
003o0000005EQLP, 6
003o0000005EQLa, 38
003o0000005EQLi, 38
003o0000005EQLq, 35
003o0000005EQLr, 34
003o0000005EQLs, 38
003o0000005EQLu, 23
003o0000005EQLv, 19
003o0000005EQM4, 18
003o0000005EQMF, 17
003o0000005EQMR, 6
003o0000005EQMT, 8
003o0000005EQMU, 22
003o0000005EQMX, 45
003o0000005EQMc, 24
003o0000005EQMd, 29
003o0000005EQMe, 22
003o0000005EQMl, 8
003o0000005EQMn, 26
003o0000005EQMo, 43
003o0000005EQMw, 28
003o0000005EQMy, 28
003o0000005EQN5, 20
003o0000005EQN6, 26
003o0000005EQNB, 34
003o0000005EQNI, 16
003o0000005EQNK, 27
003o0000005EQNM, 21
003o0000005EQNO, 18
003o0000005EQNT, 23
003o0000005EQNU, 31
003o0000005EQNY, 16
003o0000005EQNd, 41
003o0000005EQNf, 6
003o0000005EQNj, 34
003o0000005EQNk, 24
003o0000005EQNl, 26
003o0000005EQNm, 16
003o0000005EQNo, 29
003o0000005EQNq, 32
003o0000005EQNw, 18
003o0000005EQNx, 24
003o0000005EQO6, 23
003o0000005EQO8, 22
003o0000005EQOA, 27
003o0000005EQOB, 29
003o0000005EQOL, 22
003o0000005EQOQ, 30
003o0000005EQOR, 24
003o0000005EQOV, 21
003o0000005EQOZ, 35
003o0000005EQOi, 35
003o0000005EQXH, 40
003o000000FIU6B, 23
003o0000005Bebp, 1