,idOriginal,newClusters,xs,ys,point,xVal,yVal,centerX,centerY,distNoSqrt,dist,theta,spiralX,spiralY,spiral7X
0,003o0000005EQJE,5,0.2746,0.25617,1,0,0,-0.06329392,-0.0532988,0.209943239,0.458195634,13.15205292,0.381830515,0.253275931,-14.61816948
1,003o0000005EQJy,5,0.28068,0.23953,2,0.5,0,-0.06329392,-0.0532988,0.204066764,0.451737494,12.97446776,0.414639753,0.179278105,-14.58536025
2,003o0000005Cull,5,0.34437,0.30214,3,0.5,-0.5,-0.06329392,-0.0532988,0.292526612,0.540857294,15.40669838,-0.516498122,0.160487701,-15.51649812
3,003o0000005EQJt,5,0.31045,0.2584,4,0,-0.5,-0.06329392,-0.0532988,0.23684066,0.486662778,13.93234281,0.098984759,0.476489955,-14.90101524
4,003o0000005EQLB,5,0.21048,0.20525,5,-0.5,-0.5,-0.06329392,-0.0532988,0.141799641,0.376562931,10.89170959,-0.039041313,-0.374533599,-15.03904131
5,003o0000005Bew2,5,0.35616,0.43653,6,-0.5,0,-0.06329392,-0.0532988,0.415873844,0.644882814,18.19672887,0.512275383,-0.391724107,-14.48772462
6,003o0000005EQJW,5,0.43491,0.35228,7,-0.5,0.5,-0.06329392,-0.0532988,0.412701309,0.642418329,18.13122643,0.483680733,-0.422793398,-14.51631927
7,003o0000005BefR,5,-0.27503,0.3003,8,0,0.5,-0.06329392,-0.0532988,0.169864279,0.412145944,11.88116463,0.319119951,-0.260819355,-14.68088005
8,003o0000005EQK8,5,-0.17377,0.42637,9,0.5,0.5,-0.06329392,-0.0532988,0.242287122,0.492226698,14.08437786,0.025972126,0.491541016,-14.97402787
9,003o0000005Befv,5,-0.02718,0.38302,10,1,0.5,-0.06329392,-0.0532988,0.19167831,0.437810816,12.59079658,0.437680217,0.010692889,-14.56231978
10,003o0000005EQOB,5,-0.00904,0.52201,11,1,0,-0.06329392,-0.0532988,0.333923703,0.577861318,16.40512713,-0.44302674,-0.371013491,-15.44302674
11,003o0000005EQJl,5,-0.21351,0.50121,12,1,-0.5,-0.06329392,-0.0532988,0.33004488,0.574495326,16.31458146,-0.471994247,-0.32751536,-15.47199425
12,003o0000005EQHo,5,-0.36504,0.22048,13,1,-1,-0.06329392,-0.0532988,0.166005528,0.40743776,11.75061846,0.279225586,-0.296712994,-14.72077441
13,003o0000005EQOi,5,-0.25287,0.47425,14,0.5,-1,-0.06329392,-0.0532988,0.314246826,0.560577226,15.93960121,-0.545605147,-0.128692852,-15.54560515
14,003o0000005Cue9,5,-0.08351,0.50817,15,0,-1,-0.06329392,-0.0532988,0.315655903,0.561832629,15.97346266,-0.542146904,-0.147419937,-15.5421469
15,003o0000005EQIK,5,-0.44114,0.24681,16,-0.5,-1,-0.06329392,-0.0532988,0.232832952,0.48252767,13.81925037,0.150832465,0.458347597,-14.84916754
16,003o0000005EQKU,5,-0.18574,0.3774,17,-1,-1,-0.06329392,-0.0532988,0.200494499,0.447766121,12.86515892,0.427927336,0.131805514,-14.57207266
17,003o0000005Befo,5,-0.41635,-0.44302,18,-1,-0.5,-0.06329392,-0.0532988,0.276531209,0.525862348,15.00021059,-0.399563275,0.341877754,-15.39956327
18,003o0000005EQOA,5,0.26755,0.50171,19,-1,0,-0.06329392,-0.0532988,0.417492467,0.64613657,18.23004089,0.526058645,-0.375172986,-14.47394135
19,003o0000005BeuG,5,-0.16459,0.17237,20,-1,0.5,-0.06329392,-0.0532988,0.061187303,0.247360674,7.243096354,0.141884315,0.202623158,-14.85811569
20,003o0000005Be8I,5,-0.17079,0.53589,21,-1,1,-0.06329392,-0.0532988,0.358698849,0.598914726,16.97023014,-0.18186516,-0.570634658,-15.18186516
21,003o0000005Be9m,5,-0.27272,0.33412,22,-0.5,1,-0.06329392,-0.0532988,0.19395261,0.44040051,12.66221534,0.438379252,0.042145473,-14.56162075
22,003o0000005Be9P,5,-0.23699,0.33194,23,0,1,-0.06329392,-0.0532988,0.178579261,0.422586395,12.17024758,0.389862922,-0.163052639,-14.61013708
23,003o0000005Be87,5,-0.22087,0.29177,24,0.5,1,-0.06329392,-0.0532988,0.143902698,0.379345091,10.96930859,-0.009962617,-0.379214245,-15.00996262
24,003o0000005Be8f,5,-0.18907,0.4076,25,1,1,-0.06329392,-0.0532988,0.228247326,0.477752369,13.68854291,0.207213687,0.430476264,-14.79278631
25,003o0000005Be8e,5,-0.11947,0.13764,26,1.5,1,-0.06329392,-0.0532988,0.039613377,0.199031096,5.855155225,0.181075543,-0.082613709,-14.81892446
26,003o0000005Be9A,5,-0.08607,0.09379,27,1.5,0.5,-0.06329392,-0.0532988,0.022153865,0.148841744,4.400080945,-0.045732495,-0.141641815,-15.0457325
27,003o0000005Be6h,5,-0.29118,0.23565,28,1.5,0,-0.06329392,-0.0532988,0.135423474,0.367999286,10.65260313,-0.12375326,-0.346566884,-15.12375326
28,003o0000005Be9c,5,-0.29884,0.21908,29,1.5,-0.5,-0.06329392,-0.0532988,0.129672166,0.360100217,10.43171396,-0.192456611,-0.304356074,-15.19245661
29,003o0000005Be82,5,-0.10769,0.04947,30,1.5,-1,-0.06329392,-0.0532988,0.012532438,0.111948373,3.321405806,-0.110143443,-0.02002149,-15.11014344
30,003o0000005Be9I,5,-0.24917,0.22439,31,1.5,-1.5,-0.06329392,-0.0532988,0.111660987,0.334157129,9.70394563,-0.321220277,-0.092078881,-15.32122028
31,003o0000005Be9t,5,-0.20219,0.16471,32,1,-1.5,-0.06329392,-0.0532988,0.066819958,0.258495567,7.561058916,0.074641028,0.247484696,-14.92535897
32,003o0000005EQL4,5,0.28186,0.3209,33,0.5,-1.5,-0.06329392,-0.0532988,0.25915597,0.509073639,14.54378596,-0.201341827,0.467565438,-15.20134183
33,003o0000005EQIM,5,0.21299,0.39873,34,0,-1.5,-0.06329392,-0.0532988,0.28066284,0.529776217,15.10641529,-0.436779603,0.299810638,-15.4367796
34,003o0000005EQLa,5,-0.13363,0.45252,35,-0.5,-1.5,-0.06329392,-0.0532988,0.260799823,0.51068564,14.58767078,-0.22236231,0.459733429,-15.22236231
35,003o0000005EQJi,5,-0.09644,0.32602,36,-1,-1.5,-0.06329392,-0.0532988,0.144981415,0.380764251,11.00887585,0.005064612,-0.380730567,-14.99493539
36,003o0000005EQ9O,5,0.05097,0.4931,37,-1.5,-1.5,-0.06329392,-0.0532988,0.311607892,0.558218498,15.87595958,-0.550359774,-0.093338157,-15.55035977
37,003o0000005EQNw,5,0.02805,0.46631,38,-1.5,-1,-0.06329392,-0.0532988,0.278337017,0.527576551,15.04673554,-0.416383934,0.323977524,-15.41638393
38,003o0000005EQM4,5,0.02634,0.28224,39,-1.5,-0.5,-0.06329392,-0.0532988,0.120620526,0.347304659,10.07320791,-0.276813271,-0.209749706,-15.27681327
39,003o0000005EQKL,5,-0.16387,0.49999,40,-1.5,0,-0.06329392,-0.0532988,0.316244044,0.562355798,15.98757163,-0.540515922,-0.155198526,-15.54051592
40,003o0000005EQLE,5,-0.09439,0.54114,41,-1.5,0.5,-0.06329392,-0.0532988,0.354324453,0.595251588,16.87205924,-0.235470214,-0.546697568,-15.23547021
41,003o0000005EQJx,5,-0.26057,0.35133,42,-1.5,1,-0.06329392,-0.0532988,0.202642318,0.450158103,12.93100583,0.420561968,0.160530212,-14.57943803
42,003o0000005EQMd,5,-0.33395,0.45826,43,-1.5,1.5,-0.06329392,-0.0532988,0.334947119,0.578746162,16.42892047,-0.434739196,-0.382032657,-15.4347392
43,003o0000005EQO6,5,-0.26399,0.4397,44,-1,1.5,-0.06329392,-0.0532988,0.283326733,0.532284448,15.1744378,-0.458307273,0.270704962,-15.45830727
44,003o0000005EQNY,5,0.13316,0.58332,45,-0.5,1.5,-0.06329392,-0.0532988,0.443877639,0.666241427,18.76321468,0.663759618,-0.057452667,-14.33624038
45,003o0000005Begt,5,-0.22096,0.47129,46,0,1.5,-0.06329392,-0.0532988,0.300052002,0.547770026,15.59372063,-0.544199335,0.062442658,-15.54419934
46,003o0000005EQN6,5,0.11451,0.36476,47,0.5,1.5,-0.06329392,-0.0532988,0.206387394,0.454298794,13.04492323,0.403263942,0.209202264,-14.59673606
47,003o0000005Bemx,5,0.23145,0.4519,48,1,1.5,-0.06329392,-0.0532988,0.342099806,0.584892987,16.59410386,-0.36989005,-0.453079636,-15.36989005
48,003o0000005EQJj,5,0.19529,0.44206,49,1.5,1.5,-0.06329392,-0.0532988,0.312245984,0.55878975,15.89137518,-0.549417244,-0.101915046,-15.54941724
49,003o0000005Beee,5,0.04339,0.5166,50,2,1.5,-0.06329392,-0.0532988,0.336166101,0.579798328,16.4572082,-0.424530273,-0.394892578,-15.42453027
50,003o0000005EQOV,5,0.0684,0.44448,51,2,1,-0.06329392,-0.0532988,0.265127022,0.514904867,14.70247354,-0.275821533,0.434798234,-15.27582153
51,003o0000005BedD,5,-0.03412,0.49272,52,2,0.5,-0.06329392,-0.0532988,0.298987648,0.546797629,15.56742676,-0.541406745,0.076592323,-15.54140675
52,003o0000005CufK,5,0.15569,0.38988,53,2,0,-0.06329392,-0.0532988,0.244361406,0.494329249,14.14179033,-0.002285468,0.494323965,-15.00228547
53,003o0000005EQJh,5,-0.00261,0.4366,54,2,-0.5,-0.06329392,-0.0532988,0.243683372,0.49364296,14.12305289,0.00696707,0.493593793,-14.99303293
54,003o0000005EQMo,5,-0.16238,0.54453,55,2,-1,-0.06329392,-0.0532988,0.367217325,0.605984592,17.15951876,-0.072086995,-0.601681635,-15.072087
55,003o0000005EQNI,5,-0.28663,0.50997,56,2,-1.5,-0.06329392,-0.0532988,0.367150746,0.605929654,17.15804879,-0.072964761,-0.601520481,-15.07296476
56,003o0000005EQK3,5,-0.11896,0.4883,57,2,-2,-0.06329392,-0.0532988,0.296427973,0.544451993,15.50398117,-0.533164244,0.110289896,-15.53316424
57,003o0000005Befi,5,-0.03337,0.46558,58,1.5,-2,-0.06329392,-0.0532988,0.27013065,0.519740945,14.83395248,-0.33354677,0.398594032,-15.33354677
58,003o0000005EQMU,5,0.02213,0.40639,59,1,-2,-0.06329392,-0.0532988,0.218611039,0.467558594,13.40914168,0.311111997,0.349027742,-14.688888
59,003o0000005EQL9,5,-0.0581,0.34605,60,0.5,-2,-0.06329392,-0.0532988,0.159506441,0.399382575,11.52700448,0.202393832,-0.344300999,-14.79760617
60,003o0000005Cuit,5,-0.0125,0.41151,61,0,-2,-0.06329392,-0.0532988,0.218627243,0.467575922,13.40961706,0.310957564,0.34918854,-14.68904244
61,003o0000005EQLM,5,-0.09961,0.49375,62,-0.5,-2,-0.06329392,-0.0532988,0.300581247,0.548252904,15.60677607,-0.545448559,0.055381557,-15.54544856
62,003o0000005CufL,5,0.00911,0.33566,63,-1,-2,-0.06329392,-0.0532988,0.156531276,0.395640336,11.42300549,0.164006561,-0.360046002,-14.83599344
63,003o0000005EQHu,5,-0.06792,0.45865,64,-1.5,-2,-0.06329392,-0.0532988,0.262112974,0.511969701,14.62261864,-0.238889118,0.452818908,-15.23888912
64,003o0000005EQNO,5,-0.06162,0.31336,65,-2,-2,-0.06329392,-0.0532988,0.134441478,0.366662621,10.61524756,-0.136113919,-0.340462155,-15.13611392
65,003o0000005EQOQ,5,0.07975,0.39372,66,-2,-1.5,-0.06329392,-0.0532988,0.220287371,0.469347814,13.45822009,0.294738117,0.365262663,-14.70526188
66,003o0000005EQNK,5,-0.0388,0.19932,67,-2,-1,-0.06329392,-0.0532988,0.06441621,0.253803487,7.427156349,0.105070329,0.231033409,-14.89492967
67,003o0000005EQHY,5,-0.05766,0.52681,68,-2,-0.5,-0.06329392,-0.0532988,0.336557961,0.580136157,16.46628969,-0.421171865,-0.398963934,-15.42117187
68,003o0000005Beul,5,-0.07514,0.42874,69,-2,0,-0.06329392,-0.0532988,0.232501734,0.482184336,13.8098566,0.155020977,0.456585404,-14.84497902
69,003o0000005EQLv,5,-0.103,0.39173,70,-2,0.5,-0.06329392,-0.0532988,0.199627206,0.446796604,12.83846166,0.430359423,0.120074864,-14.56964058
70,003o0000005EQHN,5,-0.06196,0.39613,71,-2,1,-0.06329392,-0.0532988,0.201988026,0.44943078,12.910987,0.423006551,0.151833736,-14.57699345
71,003o0000005EQNo,5,-0.31544,0.29534,72,-2,1.5,-0.06329392,-0.0532988,0.185126659,0.430263476,12.38246138,0.423007646,-0.078684118,-14.57699235
72,003o0000005EQLP,5,-0.09671,0.1979,73,-2,2,-0.06329392,-0.0532988,0.064217472,0.253411664,7.415969086,0.107482144,0.229488693,-14.89251786
73,003o0000005EQ7e,5,-0.07121,0.27046,74,-1.5,2,-0.06329392,-0.0532988,0.104882425,0.323855562,9.413978713,-0.323836677,0.003497328,-15.32383668
74,003o0000005Bees,5,-0.14151,0.33716,75,-1,2,-0.06329392,-0.0532988,0.15857583,0.398215808,11.49458709,0.190569742,-0.349655549,-14.80943026
75,003o0000005EQJm,5,-0.11967,0.29869,76,-0.5,2,-0.06329392,-0.0532988,0.127074378,0.356474933,10.33022768,-0.22006333,-0.280439848,-15.22006333
76,003o0000005EQNk,5,0.15561,0.47727,77,0,2,-0.06329392,-0.0532988,0.329422178,0.573953115,16.29999077,-0.476272578,-0.320291444,-15.47627258
77,003o0000005EQMF,5,0.16316,0.31286,78,0.5,2,-0.06329392,-0.0532988,0.185353645,0.430527171,12.38974525,0.423829136,-0.075647262,-14.57617086
78,003o0000005Beng,5,0.13517,0.45893,79,1,2,-0.06329392,-0.0532988,0.301766271,0.549332569,15.63596253,-0.547909285,0.039518184,-15.54790928
79,003o0000005EQKo,5,0.07876,0.32757,80,1.5,2,-0.06329392,-0.0532988,0.165240359,0.406497674,11.72453861,0.270767092,-0.30319225,-14.72923291
80,003o0000005EQNm,5,0.18483,0.34694,81,2,2,-0.06329392,-0.0532988,0.221756577,0.47091037,13.50106797,0.279749913,0.378809402,-14.72025009
81,003o0000005EQOZ,5,0.04336,0.42015,82,2.5,2,-0.06329392,-0.0532988,0.235528825,0.48531312,13.89543995,0.116174139,0.471203135,-14.88382586
82,003o0000005CugI,5,0.18007,0.41134,83,2.5,1.5,-0.06329392,-0.0532988,0.275115212,0.524514263,14.96361223,-0.385794784,0.355355592,-15.38579478
83,003o0000005CugE,5,-0.04323,0.29247,84,2.5,1,-0.06329392,-0.0532988,0.119958624,0.346350435,10.04643811,-0.281552679,-0.201709477,-15.28155268
84,003o0000005Beut,5,0.00641,0.36492,85,2.5,0.5,-0.06329392,-0.0532988,0.179765601,0.423987737,12.2090066,0.397201108,-0.148313455,-14.60279889
85,003o0000005EQJd,5,0.08739,0.52006,86,2.5,0,-0.06329392,-0.0532988,0.351445957,0.592828776,16.80709333,-0.269364346,-0.528099239,-15.26936435
86,003o0000005EQMl,5,0.136,0.28103,87,2.5,-0.5,-0.06329392,-0.0532988,0.151493813,0.389222061,11.24446981,0.095878498,-0.377228216,-14.9041215
87,003o0000005Beei,5,0.03642,0.35824,88,2.5,-1,-0.06329392,-0.0532988,0.17930705,0.423446632,12.19404162,0.394433176,-0.154043887,-14.60556682
88,003o0000005EQJk,5,-0.11349,0.21108,89,2.5,-1.5,-0.06329392,-0.0532988,0.072415796,0.269101833,7.863300804,-0.002507769,0.269090147,-15.00250777
89,003o0000005EQKz,5,0.16917,0.58072,90,2.5,-2,-0.06329392,-0.0532988,0.456019313,0.67529202,19.00261604,0.667397283,0.102957174,-14.33260272
90,003o0000005EQMR,5,0.12742,0.53807,91,2.5,-2.5,-0.06329392,-0.0532988,0.386088857,0.621360489,17.5703703,0.178638222,-0.595127921,-14.82136178
91,003o0000005EQJw,5,0.11988,0.46584,92,2,-2.5,-0.06329392,-0.0532988,0.303057779,0.550506838,15.6677,-0.550060676,0.022159218,-15.55006068
92,003o0000005EQKn,5,-0.38635,0.30521,93,1.5,-2.5,-0.06329392,-0.0532988,0.232893791,0.482590707,13.82097504,0.150061344,0.458666964,-14.84993866
93,003o0000005CueB,5,0.09919,0.46371,94,1,-2.5,-0.06329392,-0.0532988,0.293699124,0.541940148,15.43601012,-0.522022814,0.145572337,-15.52202281
94,003o000000FIU6B,5,0.17902,0.49204,95,0.5,-2.5,-0.06329392,-0.0532988,0.356110443,0.5967499,16.91222126,-0.213866729,-0.557109922,-15.21386673
95,003o0000005EQLO,5,0.10494,0.39713,96,0,-2.5,-0.06329392,-0.0532988,0.231188756,0.480820919,13.77254699,0.171457976,0.44921144,-14.82854202
96,003o0000005EQIh,5,0.04667,0.29228,97,-0.5,-2.5,-0.06329392,-0.0532988,0.131516771,0.36265241,10.50311894,-0.17145876,-0.31956011,-15.17145876
97,003o0000005EQId,5,-0.24137,0.40864,98,-1,-2.5,-0.06329392,-0.0532988,0.245098545,0.495074283,14.16212903,-0.012356805,0.494920049,-15.0123568
98,003o0000005Culm,5,-0.01899,0.54063,99,-1.5,-2.5,-0.06329392,-0.0532988,0.354714257,0.595578926,16.88083439,-0.230790698,-0.549044543,-15.2307907
99,003o0000005Beed,5,-0.12878,0.38664,100,-2,-2.5,-0.06329392,-0.0532988,0.197834574,0.444785987,12.78308081,0.434382488,0.095636964,-14.56561751
100,003o0000005CurG,5,0.05171,0.21215,101,-2.5,-2.5,-0.06329392,-0.0532988,0.083688967,0.289290454,8.436929227,-0.159250664,0.241512304,-15.15925066
101,003o0000005Be7e,5,0.01276,0.17067,102,-2.5,-2,-0.06329392,-0.0532988,0.055946222,0.236529538,6.933159672,0.188301002,0.143139634,-14.811699
102,003o0000005Be8H,5,0.03245,0.19365,103,-2.5,-1.5,-0.06329392,-0.0532988,0.070150608,0.264859601,7.742484937,0.029469823,0.263215003,-14.97053018
103,003o0000005Be8L,5,-0.21049,0.24843,104,-2.5,-1,-0.06329392,-0.0532988,0.112706955,0.335718565,9.747847807,-0.318350257,-0.106583621,-15.31835026
104,003o0000005Be4N,5,-0.35385,0.31166,105,-2.5,-0.5,-0.06329392,-0.0532988,0.217617761,0.466495189,13.3799648,0.320431235,0.33903036,-14.67956877
105,003o0000005Be9E,5,0.11823,0.16206,106,-2.5,0,-0.06329392,-0.0532988,0.079330346,0.281656433,8.220278169,-0.100878101,0.262971396,-15.1008781
106,003o0000005BeA2,5,-0.04035,0.1112,107,-2.5,0.5,-0.06329392,-0.0532988,0.027586279,0.166091176,4.901764692,0.031265967,-0.163121789,-14.96873403
107,003o0000005Be8K,5,-0.37607,0.39098,108,-2.5,1,-0.06329392,-0.0532988,0.295212528,0.543334638,15.47374911,-0.528499982,0.126096382,-15.52849998
108,003o0000005BeA0,5,-0.19368,0.31487,109,-2.5,1.5,-0.06329392,-0.0532988,0.152548795,0.390574955,11.28212061,0.11039252,-0.374649552,-14.88960748
109,003o0000005Be9u,5,-0.4432,0.15335,110,-2.5,2,-0.06329392,-0.0532988,0.187032356,0.432472376,12.44346537,0.429210087,-0.053019406,-14.57078991
110,003o0000005BeA1,5,-0.13857,0.21908,111,-2.5,2.5,-0.06329392,-0.0532988,0.079856699,0.282589276,8.246768739,-0.108165215,0.261068928,-15.10816521
111,003o0000005Be8J,5,-0.02124,0.23735,112,-2,2.5,-0.06329392,-0.0532988,0.086245257,0.293675428,8.561232018,-0.190814466,0.223237758,-15.19081447
112,003o0000005Be93,5,-0.09779,0.25823,113,-1.5,2.5,-0.06329392,-0.0532988,0.098240173,0.313432884,9.120031214,-0.298990828,0.094046039,-15.29899083
113,003o0000005Be8m,5,-0.05307,0.24546,114,-1,2.5,-0.06329392,-0.0532988,0.089361349,0.298933687,8.710154508,-0.225796588,0.195901122,-15.22579659
114,003o0000005Be6f,5,0.06481,0.29676,115,-0.5,2.5,-0.06329392,-0.0532988,0.138951778,0.372762361,10.7856405,-0.077681867,-0.364578257,-15.07768187
115,003o0000005EQNd,5,-0.25856,0.15879,116,0,2.5,-0.06329392,-0.0532988,0.083110501,0.288288919,8.408523815,-0.151799725,0.245086402,-15.15179973
116,003o0000005EQMT,5,-0.21886,0.19975,117,0.5,2.5,-0.06329392,-0.0532988,0.0882345,0.297042927,8.656622115,-0.213631262,0.206388431,-15.21363126
117,003o0000005EQLA,5,-0.31818,-0.41147,118,1,2.5,-0.06329392,-0.0532988,0.193253522,0.439606099,12.64031063,0.438404955,0.032474873,-14.56159504
118,003o0000005Bebs,5,0.34818,0.54068,119,1.5,2.5,-0.06329392,-0.0532988,0.522121602,0.722579824,20.24727141,0.124441228,0.711783663,-14.87555877
119,003o0000005Bes3,5,-0.44492,0.35599,120,2,2.5,-0.06329392,-0.0532988,0.313155787,0.55960324,15.91332505,-0.547844451,-0.114115049,-15.54784445
120,003o0000005Be9j,5,-0.36281,0.23121,121,2.5,2.5,-0.06329392,-0.0532988,0.170655139,0.413104272,11.90772276,0.326691341,-0.252839686,-14.67330866
121,003o0000005Be8l,5,-0.32263,0.39162,122,3,2.5,-0.06329392,-0.0532988,0.265207941,0.514983438,14.70461057,-0.276792306,0.434274061,-15.27679231
122,003o0000005Be9l,5,-0.32973,0.17833,123,3,2,-0.06329392,-0.0532988,0.124640086,0.353044028,10.23411958,-0.243591603,-0.255544941,-15.2435916
123,003o0000005Be85,5,-0.50882,0.22557,124,3,1.5,-0.06329392,-0.0532988,0.276261296,0.525605646,14.99324223,-0.396977386,0.344485486,-15.39697739
124,003o0000005Be9b,5,-0.46107,0.27414,125,3,1,-0.06329392,-0.0532988,0.265441978,0.515210615,14.71078935,-0.279593574,0.432746359,-15.27959357
125,003o0000005BegW,0,-0.35359,0.14892,126,3,0.5,-0.33214761,-0.11164283,0.068352764,0.261443616,7.645129262,0.054207026,0.255762317,-9.945792974
126,003o0000005EQHb,0,-0.21129,0.09416,127,3,0,-0.33214761,-0.11164283,0.056961367,0.238665806,6.994340432,0.180815224,0.1557794,-9.819184776
127,003o0000005EQJX,0,-0.4548,0.16853,128,3,-0.5,-0.33214761,-0.11164283,0.093540423,0.305843789,8.905635368,-0.265547307,0.151740078,-10.26554731
128,003o0000005EQMn,0,-0.38531,0.14194,129,3,-1,-0.33214761,-0.11164283,0.067130491,0.259095526,7.578171933,0.07055848,0.249303013,-9.92944152
129,003o0000005Befp,0,-0.47371,0.33744,130,3,-1.5,-0.33214761,-0.11164283,0.221715298,0.47086654,13.49986624,0.280178857,0.378437718,-9.719821143
130,003o0000005Bevh,0,-0.41241,0.20784,131,3,-2,-0.33214761,-0.11164283,0.10851133,0.32941058,9.570410126,-0.325923559,-0.047803382,-10.32592356
131,003o0000005Be9S,0,-0.55207,0.04011,132,3,-2.5,-0.33214761,-0.11164283,0.071394779,0.267198015,7.809093405,0.011990018,0.266928864,-9.988009982
132,003o0000005Be91,0,-0.24121,-0.00575,133,3,-3,-0.33214761,-0.11164283,0.01948294,0.139581304,4.130055795,-0.076766097,-0.116575755,-10.0767661
133,003o0000005Be7z,0,-0.49597,0.05268,134,2.5,-3,-0.33214761,-0.11164283,0.053839768,0.23203398,6.804329455,0.201231494,0.11552339,-9.798768506
134,003o0000005Be8q,0,-0.38746,0.06186,135,2,-3,-0.33214761,-0.11164283,0.033162693,0.182106267,5.366051468,0.110738455,-0.144567241,-9.889261545
135,003o0000005Be9D,0,-0.19089,0.02259,136,1.5,-3,-0.33214761,-0.11164283,0.037972165,0.194864479,5.734893734,0.166300513,-0.10156921,-9.833699487
136,003o0000005Be6b,0,-0.17586,-0.27748,137,1,-3,-0.33214761,-0.11164283,0.051927784,0.227876686,6.685094372,0.209718535,0.08913989,-9.790281465
137,003o0000005Be6i,0,-0.38029,-0.02357,138,0.5,-3,-0.33214761,-0.11164283,0.010074513,0.100371874,2.981331168,-0.099085668,0.016016977,-10.09908567
138,003o0000005Be6k,0,-0.23999,0.03627,139,0,-3,-0.33214761,-0.11164283,0.03037123,0.174273436,5.139152692,0.072136471,-0.158642869,-9.927863529
139,003o0000005Be6v,0,-0.50585,-0.17698,140,-0.5,-3,-0.33214761,-0.11164283,0.034441466,0.185584121,5.466686833,0.127083765,-0.135244899,-9.872916235
140,003o0000005Be9q,0,-0.18931,-0.01744,141,-1,-3,-0.33214761,-0.11164283,0.029276756,0.171104518,5.047258961,0.05623288,-0.161600183,-9.94376712
141,003o0000005Be8s,0,-0.41705,0.02088,142,-1.5,-3,-0.33214761,-0.11164283,0.024770716,0.157387154,4.648826001,-0.009997261,-0.157069319,-10.00999726
142,003o0000005Be8b,0,-0.43933,0.01108,143,-2,-3,-0.33214761,-0.11164283,0.026548958,0.162938509,4.81019752,0.01591138,-0.162159754,-9.98408862
143,003o0000005Be9p,0,-0.22948,-0.14432,144,-2.5,-3,-0.33214761,-0.11164283,0.011608436,0.10774245,3.19794054,-0.10757145,-0.006067847,-10.10757145
144,003o0000005Be3L,0,-0.2035,-0.10241,145,-3,-3,-0.33214761,-0.11164283,0.016635453,0.128978497,3.820290532,-0.100395679,-0.08097012,-10.10039568
145,003o0000005BebU,0,-0.29186,-0.32467,146,-3,-2.5,-0.33214761,-0.11164283,0.047003667,0.21680329,6.367035806,0.216041575,0.018157769,-9.783958425
146,003o0000005EQHv,0,-0.23456,-0.22923,147,-3,-2,-0.33214761,-0.11164283,0.023350084,0.152807343,4.515565339,-0.029882284,-0.149857043,-10.02988228
147,003o0000005EQIb,0,-0.20471,-0.21766,148,-3,-1.5,-0.33214761,-0.11164283,0.027479985,0.16577088,4.89246447,0.029690202,-0.163090394,-9.970309798
148,003o0000005EQJP,0,-0.52142,0.19031,149,-3,-1,-0.33214761,-0.11164283,0.126999549,0.356369961,10.32728807,-0.220821715,-0.279709348,-10.22082172
149,003o0000005EQKx,0,-0.23572,-0.118,150,-3,-0.5,-0.33214761,-0.11164283,0.009338698,0.096636937,2.871447848,-0.093132134,0.025789595,-10.09313213
150,003o0000005EQCU,0,-0.27808,0.0748,151,-3,0,-0.33214761,-0.11164283,0.037684235,0.194124278,5.713519162,0.163468383,-0.104701113,-9.836531617
151,003o0000005EQJz,0,-0.26276,0.09581,152,-3,0.5,-0.33214761,-0.11164283,0.047851317,0.218749439,6.422983455,0.216615351,0.030481254,-9.783384649
152,003o0000005Be8o,0,-0.15357,0.0874,153,-3,1,-0.33214761,-0.11164283,0.071508011,0.267409818,7.81512506,0.010388015,0.267207972,-9.989611985
153,003o0000005Be8h,0,-0.30499,0.19251,154,-3,1.5,-0.33214761,-0.11164283,0.09324648,0.305362866,8.8920387,-0.263045389,0.155092241,-10.26304539
154,003o0000005Be9k,0,-0.10471,0.07244,155,-3,2,-0.33214761,-0.11164283,0.085614355,0.292599307,8.530736285,-0.183245063,0.228113133,-10.18324506
155,003o0000005Be7E,0,-0.51516,-0.06999,156,-3,2.5,-0.33214761,-0.11164283,0.035228493,0.18769255,5.527663562,0.136624015,-0.128694878,-9.863375985
156,003o0000005Be7l,0,-0.31678,-0.2683,157,-3,3,-0.33214761,-0.11164283,0.024777632,0.157409124,4.649464984,-0.009898276,-0.157097602,-10.00989828
157,003o0000005Be6c,0,-0.35056,-0.38269,158,-2.5,3,-0.33214761,-0.11164283,0.073805584,0.271671832,7.936445331,-0.022377681,0.270748636,-10.02237768
158,003o0000005Be6d,0,-0.44157,-0.16697,159,-2,3,-0.33214761,-0.11164283,0.015034355,0.122614661,3.634060846,-0.108044187,-0.057972484,-10.10804419
159,003o0000005Be8G,0,-0.57068,-0.13186,160,-1.5,3,-0.33214761,-0.11164283,0.057306435,0.239387625,7.015007044,0.178094412,0.159965045,-9.821905588
160,003o0000005Be9h,0,-0.50166,0.02105,161,-1,3,-0.33214761,-0.11164283,0.046341837,0.215271544,6.322986659,0.215101055,0.008565836,-9.784898945
161,003o0000005Be8N,0,-0.32343,0.13153,162,-0.5,3,-0.33214761,-0.11164283,0.059209022,0.243329041,7.127804588,0.161574376,0.181941592,-9.838425624
162,003o0000005Be6e,0,-0.48579,-0.27835,163,0,3,-0.33214761,-0.11164283,0.051397265,0.226709648,6.651605591,0.211496848,0.081647704,-9.788503152
163,003o0000005Be6g,0,-0.51159,-0.01923,164,0.5,3,-0.33214761,-0.11164283,0.040739702,0.201840785,5.936197143,0.189811317,-0.068639394,-9.810188683
164,003o0000005Be7N,0,-0.52537,-0.25962,165,1,3,-0.33214761,-0.11164283,0.059232135,0.243376529,7.129163119,0.161358539,0.182196478,-9.838641461
165,003o0000005Be7O,0,-0.49777,-0.24824,166,1.5,3,-0.33214761,-0.11164283,0.046089563,0.214684799,6.306109945,0.214628389,0.00492114,-9.785371611
166,003o0000005Be7T,0,-0.26412,-0.09913,167,2,3,-0.33214761,-0.11164283,0.004784327,0.069168827,2.060842844,-0.03255548,0.061028415,-10.03255548
167,003o0000005Be9Z,0,-0.15458,-0.18165,168,2.5,3,-0.33214761,-0.11164283,0.03643126,0.190869746,5.619502776,0.150353645,-0.117579936,-9.849646355
168,003o0000005Be9W,0,-0.39149,-0.00045,169,3,3,-0.33214761,-0.11164283,0.015885365,0.126037156,3.734244603,-0.104543072,-0.070399651,-10.10454307
169,003o0000005Be9d,0,-0.34382,-0.1126,170,3.5,3,-0.33214761,-0.11164283,0.000137161,0.01171157,0.350936247,0.010997764,0.00402617,-9.989002236
170,003o0000005Be9O,0,-0.37898,0.08709,171,3.5,2.5,-0.33214761,-0.11164283,0.04168801,0.20417642,6.003532272,0.196244425,-0.05635722,-9.803755575
171,003o0000005Be88,0,-0.47947,-0.0887,172,3.5,2,-0.33214761,-0.11164283,0.02223026,0.149098156,4.407550727,-0.044750155,-0.142224062,-10.04475015
172,003o0000005Be8D,0,-0.26682,0.01931,173,3.5,1.5,-0.33214761,-0.11164283,0.02141634,0.146343228,4.327274576,-0.054976053,-0.135624386,-10.05497605
173,003o0000005Be8Q,0,-0.22674,0.02861,174,3.5,1,-0.33214761,-0.11164283,0.030781621,0.175446917,5.173167555,0.078011702,-0.157148958,-9.921988298
174,003o0000005Be7o,0,-0.49005,0.07669,175,3.5,0.5,-0.33214761,-0.11164283,0.06040242,0.245769037,7.197591236,0.149983334,0.194698277,-9.850016666
175,003o0000005Be9L,0,-0.36,0.00017,176,3.5,0,-0.33214761,-0.11164283,0.013277865,0.115229617,3.417656524,-0.110866535,-0.031408215,-10.11086654
176,003o0000005Be7x,0,-0.54972,0.08914,177,3.5,-0.5,-0.33214761,-0.11164283,0.08765149,0.296059943,8.628783695,-0.207116031,0.211552451,-10.20711603
177,003o0000005Be9U,0,-0.22618,-0.38221,178,3.5,-1,-0.33214761,-0.11164283,0.084435728,0.290578265,8.473446036,-0.168709498,0.236585784,-10.1687095
178,003o0000005Be80,0,-0.33614,0.0636,179,3.5,-1.5,-0.33214761,-0.11164283,0.030725989,0.175288302,5.16857034,0.077218559,-0.157363537,-9.922781441
179,003o0000005Be89,0,-0.21481,-0.48716,180,3.5,-2,-0.33214761,-0.11164283,0.15478126,0.393422495,11.36133634,0.140711899,-0.367398178,-9.859288101
180,003o0000005Be8w,0,-0.51589,0.13932,181,3.5,-2.5,-0.33214761,-0.11164283,0.096743608,0.311036345,9.05236085,-0.289714977,0.113176145,-10.28971498
181,003o0000005Be7s,0,-0.48466,0.26135,182,3.5,-3,-0.33214761,-0.11164283,0.16238368,0.402968585,11.6265942,0.2377388,-0.325367398,-9.7622612
182,003o0000005Be7v,0,-0.45318,0.12836,183,3.5,-3.5,-0.33214761,-0.11164283,0.072250198,0.268793969,7.854536335,-0.0001491,0.268793928,-10.0001491
183,003o0000005Be9M,0,-0.24834,-0.17354,184,3,-3.5,-0.33214761,-0.11164283,0.010854975,0.104187212,3.093496861,-0.104066732,0.005009035,-10.10406673
184,003o0000005Be8r,0,-0.30324,-0.22233,185,2.5,-3.5,-0.33214761,-0.11164283,0.0130873,0.114399736,3.393318953,-0.1107943,-0.028494254,-10.1107943
185,003o0000005Bdzb,0,-0.15568,-0.40553,186,2,-3.5,-0.33214761,-0.11164283,0.117510486,0.342798025,9.94673671,-0.297152498,-0.170911905,-10.2971525
186,003o0000005Be84,0,-0.28826,-0.22915,187,1.5,-3.5,-0.33214761,-0.11164283,0.015734057,0.125435471,3.716636831,-0.105261468,-0.068220823,-10.10526147
187,003o0000005Be8u,0,-0.29858,-0.37888,188,1,-3.5,-0.33214761,-0.11164283,0.072542489,0.26933713,7.869999057,-0.004313902,0.26930258,-10.0043139
188,003o0000005Be98,0,-0.3655,-0.23962,189,0.5,-3.5,-0.33214761,-0.11164283,0.017490538,0.132251798,3.9159896,-0.094539255,-0.092481713,-10.09453925
189,003o0000005Be8x,0,-0.21635,-0.58722,190,0,-3.5,-0.33214761,-0.11164283,0.239582731,0.48947189,14.00912153,0.062503503,0.48546477,-9.937496497
190,003o0000005Be8a,0,-0.4813,-0.36959,191,-0.5,-3.5,-0.33214761,-0.11164283,0.088783178,0.297965062,8.682732564,-0.21962642,0.201363883,-10.21962642
191,003o0000005Be9H,0,-0.28587,-0.50389,192,-1,-3.5,-0.33214761,-0.11164283,0.15599946,0.394967669,11.40430402,0.156977538,-0.362432769,-9.843022462
192,003o0000005Be7n,0,0.03149,-0.23238,193,-1.5,-3.5,-0.33214761,-0.11164283,0.146809776,0.383157638,11.07558167,0.030622746,-0.381931961,-9.969377254
193,003o0000005Be8g,0,-0.07241,-0.15261,194,-2,-3.5,-0.33214761,-0.11164283,0.069141935,0.262948541,7.68802745,0.043437385,0.259335938,-9.956562615
194,003o0000005Be9n,0,-0.29205,-0.01618,195,-2.5,-3.5,-0.33214761,-0.11164283,0.01072097,0.103542118,3.07453788,-0.103309425,0.006937791,-10.10330942
195,003o0000005Be96,0,-0.15397,-0.22007,196,-3,-3.5,-0.33214761,-0.11164283,0.043503712,0.208575435,6.130271531,0.206141662,-0.031769908,-9.793858338
196,003o0000005Beph,0,-0.471,-0.17194,197,-3.5,-3.5,-0.33214761,-0.11164283,0.022915735,0.15137944,4.473992827,-0.035747414,-0.147098121,-10.03574741
197,003o0000005Cue6,0,-0.43513,-0.32936,198,-3.5,-3,-0.33214761,-0.11164283,0.058006139,0.240844636,7.056714452,0.17231216,0.168269599,-9.82768784
198,003o0000005Bens,0,-0.412,-0.3237,199,-3.5,-2.5,-0.33214761,-0.11164283,0.051344648,0.226593573,6.648274358,0.211659238,0.080901265,-9.788340762
199,003o0000005EQHe,0,-0.30553,-0.08098,200,-3.5,-2,-0.33214761,-0.11164283,0.001648706,0.040604265,1.213208436,0.014212131,0.038035794,-9.985787869
200,003o0000005Cuim,0,-0.34263,-0.15001,201,-3.5,-1.5,-0.33214761,-0.11164283,0.00158192,0.039773361,1.188480083,0.014838267,0.036901844,-9.985161733
201,003o0000005EQNf,0,-0.45023,-0.19906,202,-3.5,-1,-0.33214761,-0.11164283,0.021585212,0.146919068,4.34405759,-0.052899568,-0.137065124,-10.05289957
202,003o0000005EQJZ,0,-0.36344,-0.19303,203,-3.5,-0.5,-0.33214761,-0.11164283,0.007603085,0.087195671,2.593322649,-0.074415183,0.045447394,-10.07441518
203,003o0000005Be73,0,-0.28149,-0.13992,204,-3.5,0,-0.33214761,-0.11164283,0.003365792,0.058015444,1.730443392,-0.009222702,0.057277688,-10.0092227
204,003o0000005Be75,0,-0.41232,-0.29037,205,-3.5,0.5,-0.33214761,-0.11164283,0.038371013,0.195885205,5.764363967,0.17010754,-0.097131036,-9.82989246
205,003o0000005Be76,0,-0.41633,-0.2668,206,-3.5,1,-0.33214761,-0.11164283,0.031160422,0.176523149,5.204356763,0.083382689,-0.155588397,-9.916617311
206,003o0000005Be77,0,-0.47954,-0.29914,207,-3.5,1.5,-0.33214761,-0.11164283,0.056879705,0.238494665,6.989440053,0.181446225,0.154780402,-9.818553775
207,003o0000005Be79,0,-0.48807,-0.13329,208,-3.5,2,-0.33214761,-0.11164283,0.024780392,0.157417889,4.649719896,-0.009858779,-0.157108867,-10.00985878
208,003o0000005Be7B,0,-0.37715,-0.36469,209,-3.5,2.5,-0.33214761,-0.11164283,0.066058085,0.257017675,7.518895742,0.084520336,0.242722883,-9.915479664
209,003o0000005Be7C,0,-0.38666,-0.18774,210,-3.5,3,-0.33214761,-0.11164283,0.00876238,0.093607585,2.782263958,-0.087629158,0.032916722,-10.08762916
210,003o0000005Be7D,0,-0.3677,-0.05533,211,-3.5,3.5,-0.33214761,-0.11164283,0.004435107,0.066596601,1.984709684,-0.026784839,0.060972778,-10.02678484
211,003o0000005Be7F,0,-0.30441,-0.11245,212,-3,3.5,-0.33214761,-0.11164283,0.000770027,0.027749352,0.83017899,0.018723699,0.020480469,-9.981276301
212,003o0000005Be7I,0,-0.25584,-0.30082,213,-2.5,3.5,-0.33214761,-0.11164283,0.041610853,0.203987384,5.9980836,0.195753036,-0.057372483,-9.804246964
213,003o0000005Be7H,0,-0.1971,-0.32795,214,-2,3.5,-0.33214761,-0.11164283,0.065026649,0.255003233,7.461406063,0.097556413,0.235604319,-9.902443587
214,003o0000005Be7K,0,-0.23844,-0.41149,215,-1.5,3.5,-0.33214761,-0.11164283,0.098689442,0.314148757,9.140239189,-0.301517221,0.088186205,-10.30151722
215,003o0000005Be7L,0,-0.27557,-0.42344,216,-1,3.5,-0.33214761,-0.11164283,0.100418501,0.316888784,9.21756071,-0.310109651,0.0651959,-10.31010965
216,003o0000005EQFg,0,0.54182,-0.06777,217,-0.5,3.5,-0.33214761,-0.11164283,0.765744209,0.875068117,24.19196127,0.51555337,-0.707070669,-9.48444663
217,003o0000005Be0X,1,0.08427,-0.03095,218,0,3.5,0.22142381,0.00219667,0.019909869,0.141102336,4.174440955,-0.072297297,-0.121173306,-5.072297297
218,003o0000005Be0E,1,0.03215,-0.08435,219,0.5,3.5,0.22142381,0.00219667,0.043314901,0.208122323,6.117221951,0.205262652,-0.034382334,-4.794737348
219,003o0000005BdyE,1,0.14645,0.03598,220,1,3.5,0.22142381,0.00219667,0.006762386,0.082233725,2.446944332,-0.063178433,0.052639065,-5.063178433
220,003o0000005Bdzo,1,0.23326,0.09099,221,1.5,3.5,0.22142381,0.00219667,0.008024351,0.089578741,2.663572894,-0.079537646,0.041208174,-5.079537646
221,003o0000005Be0O,1,0.26014,0.01836,222,2,3.5,0.22142381,0.00219667,0.001760197,0.041954697,1.253389677,0.013094221,0.039858976,-4.986905779
222,003o0000005BdxY,1,0.49501,-0.18916,223,2.5,3.5,0.22142381,0.00219667,0.111466779,0.333866408,9.695770152,-0.321682212,-0.089371881,-5.321682212
223,003o0000005Bdxl,1,0.23694,-0.07904,224,3,3.5,0.22142381,0.00219667,0.006840149,0.082705192,2.460858815,-0.06427112,0.052051626,-5.06427112
224,003o0000005BdxN,1,0.34496,0.17698,225,3.5,3.5,0.22142381,0.00219667,0.045810403,0.214033648,6.287378482,0.214031767,0.000897478,-4.785968233
225,003o0000005Bdxq,1,0.43222,0.08101,226,4,3.5,0.22142381,0.00219667,0.050646575,0.225047939,6.603909036,0.213572184,0.070947143,-4.786427816
226,003o0000005Bdxe,1,0.29725,0.06895,227,4,3,0.22142381,0.00219667,0.010205618,0.10102286,3.000475183,-0.100018636,0.014208821,-5.100018636
227,003o0000005Be3V,1,-0.39881,0.25579,228,4,2.5,0.22142381,0.00219667,0.448999556,0.670074291,18.86464617,0.669998,0.010111201,-4.330002
228,003o0000005Be0Y,1,0.41632,-0.01046,229,4,2,0.22142381,0.00219667,0.038144716,0.195306723,5.74766286,0.167964201,-0.099663149,-4.832035799
229,003o0000005BdxU,1,-0.03488,-0.50394,230,4,1.5,0.22142381,0.00219667,0.321865972,0.567332329,16.12171369,-0.5194605,-0.228093754,-5.5194605
230,003o0000005Be3N,1,0.14311,0.07467,231,4,1,0.22142381,0.00219667,0.011385436,0.10670256,3.167398798,-0.106667033,-0.002753276,-5.106667033
231,003o0000005Be2d,1,0.0916,0.02426,232,4,0.5,0.22142381,0.00219667,0.017341012,0.131685277,3.899431025,-0.095646112,-0.090514272,-5.095646112
232,003o0000005Be3Z,1,0.07859,-0.13588,233,4,0,0.22142381,0.00219667,0.039466664,0.198662186,5.844511215,0.179851981,-0.084379672,-4.820148019
233,003o0000005Be3Y,1,0.17276,-0.0188,234,4,-0.5,0.22142381,0.00219667,0.002809027,0.053000251,1.581639518,-0.000574681,0.052997135,-5.000574681
234,003o0000005BefY,1,0.37825,0.07681,235,4,-1,0.22142381,0.00219667,0.030161603,0.173670962,5.121686206,0.069114912,-0.159325867,-4.930885088
235,003o0000005Beg3,1,0.41781,-0.11665,236,4,-1.5,0.22142381,0.00219667,0.052692067,0.229547526,6.733027013,0.206711207,0.099812542,-4.793288793
236,003o0000005BelE,1,0.47689,-0.05197,237,4,-2,0.22142381,0.00219667,0.068197002,0.261145558,7.636631589,0.056314153,0.255001409,-4.943685847
237,003o0000005BelS,1,0.28412,-0.23929,238,4,-2.5,0.22142381,0.00219667,0.062246624,0.249492733,7.304030594,0.130396252,0.212705058,-4.869603748
238,003o0000005Bep8,1,0.45627,-0.03261,239,4,-3,0.22142381,0.00219667,0.056364237,0.237411536,6.958422314,0.185313669,0.148401756,-4.814686331
239,003o0000005CufZ,1,0.42583,0.20796,240,4,-3.5,0.22142381,0.00219667,0.084120438,0.290035237,8.45804916,-0.164738526,0.238708309,-5.164738526
240,003o0000005CugD,1,0.42071,-0.07856,241,4,-4,0.22142381,0.00219667,0.046236625,0.215027034,6.31595398,0.214911598,0.007044889,-4.785088402
241,003o0000005Cugm,1,0.19216,-0.03277,242,3.5,-4,0.22142381,0.00219667,0.002079039,0.045596476,1.361694813,0.009464965,0.044603285,-4.990535035
242,003o0000005CuiH,1,0.21198,0.00714,243,3,-4,0.22142381,0.00219667,0.000113622,0.010659365,0.319440563,0.010120121,0.003347419,-4.989879879
243,003o0000005EQCP,1,0.4225,0.28518,244,2.5,-4,0.22142381,0.00219667,0.120511199,0.34714723,10.06879173,-0.277610966,-0.208430686,-5.277610966
244,003o0000005EQDo,1,0.45855,-0.07007,245,2,-4,0.22142381,0.00219667,0.061451302,0.24789373,7.258333419,0.139079651,0.20520271,-4.860920349
245,003o0000005EQEL,1,0.37722,0.0261,246,1.5,-4,0.22142381,0.00219667,0.024843822,0.157619231,4.655575689,-0.008950051,-0.157364922,-5.008950051
246,003o0000005EQHR,1,0.29617,-0.01565,247,1,-4,0.22142381,0.00219667,0.005905497,0.076847229,2.287879831,-0.050503171,0.057921725,-5.050503171
247,003o0000005EQIm,1,0.29697,0.17373,248,0.5,-4,0.22142381,0.00219667,0.03513091,0.187432415,5.520141685,0.135464124,-0.129539111,-4.864535876
248,003o0000005EQIT,1,0.33412,0.08163,249,0,-4,0.22142381,0.00219667,0.019010085,0.137877065,4.080308912,-0.081461112,-0.111239258,-5.081461112
249,003o0000005EQIt,1,0.38146,0.26873,250,-0.5,-4,0.22142381,0.00219667,0.096651598,0.310888401,9.048182408,-0.289101973,0.114331304,-5.289101973
250,003o0000005EQKX,1,0.40514,-0.05487,251,-1,-4,0.22142381,0.00219667,0.037008243,0.192375267,5.663001338,0.156549519,-0.111805596,-4.843450481
251,003o0000005EQLu,1,0.5741,-0.0187,252,-1.5,-4,0.22142381,0.00219667,0.124817166,0.353294729,10.24114443,-0.241962141,-0.257432492,-5.241962141
252,003o0000005EQNM,1,0.49605,-0.11444,253,-2,-4,0.22142381,0.00219667,0.089023657,0.298368324,8.694149611,-0.22221137,0.199112441,-5.22221137
253,003o0000005EQNq,1,0.50264,0.00798,254,-2.5,-4,0.22142381,0.00219667,0.079115992,0.281275652,8.20946353,-0.097895789,0.263689983,-5.097895789
254,003o0000005EQNU,1,0.25882,-0.12564,255,-3,-4,0.22142381,0.00219667,0.017740689,0.133194179,3.943529984,-0.092611997,-0.095727255,-5.092611997
255,003o0000005EQO8,1,0.2269,0.11121,256,-3.5,-4,0.22142381,0.00219667,0.011913895,0.109150789,3.239293785,-0.108630253,-0.010647198,-5.108630253
256,003o0000005EQOR,1,0.2411,-0.15594,257,-4,-4,0.22142381,0.00219667,0.025394359,0.159356076,4.70608016,-0.001005342,-0.159352904,-5.001005342
257,003o0000005EQLi,1,0.3691,0.15971,258,-4,-3.5,0.22142381,0.00219667,0.046618706,0.215913655,6.341453714,0.215547222,0.012573827,-4.784452778
258,003o0000005Bel9,1,0.2271,-0.0319,259,-4,-3,0.22142381,0.00219667,0.001194802,0.034565909,1.033409287,0.017694049,0.029693815,-4.982305951
259,003o0000005EQLs,1,0.36664,0.23044,260,-4,-2.5,0.22142381,0.00219667,0.07318276,0.270523122,7.903756399,-0.013459665,0.270188077,-5.013459665
260,003o0000005CufB,1,-0.13054,-0.04034,261,-4,-2,0.22142381,0.00219667,0.125687892,0.354524882,10.2756095,-0.233758888,-0.266542068,-5.233758888
261,003o0000005EQKQ,1,0.21023,-0.0855,262,-4,-1.5,0.22142381,0.00219667,0.007816007,0.088408186,2.629070337,-0.077048653,0.043353344,-5.077048653
262,003o0000005Cumt,1,0.14901,-0.05818,263,-4,-1,0.22142381,0.00219667,0.008889102,0.094282035,2.802124312,-0.088901532,0.031394581,-5.088901532
263,003o0000005EQNx,1,0.47731,-0.13915,264,-4,-0.5,0.22142381,0.00219667,0.085456623,0.292329648,8.523093558,-0.181329055,0.229295436,-5.181329055
264,003o0000005Cuge,1,0.18686,-0.13428,265,-4,0,0.22142381,0.00219667,0.019820538,0.140785434,4.165194528,-0.073249729,-0.120229013,-5.073249729
265,003o0000005Bei6,1,0.0133,0.02482,266,-4,0.5,0.22142381,0.00219667,0.043827335,0.209349792,6.152570327,0.207566547,-0.027266535,-4.792433453
266,003o0000005BedO,1,0.25276,0.15735,267,-4,1,0.22142381,0.00219667,0.025054513,0.158286173,4.674971236,-0.00592133,-0.158175379,-5.00592133
267,003o0000005Cujs,1,0.31182,0.16592,268,-4,1.5,0.22142381,0.00219667,0.0349768,0.187020854,5.508240514,0.133618856,-0.130854122,-4.866381144
268,003o0000005EQOL,1,0.16785,0.21057,269,-4,2,0.22142381,0.00219667,0.046289598,0.215150175,6.31949585,0.215008358,0.007810503,-4.784991642
269,003o0000005Bebp,1,0.28685,0.13323,270,-4,2.5,0.22142381,0.00219667,0.02145032,0.146459277,4.330657023,-0.054560228,-0.135917259,-5.054560228
270,003o0000005Bebp,1,0.28685,0.13323,271,-4,3,0.22142381,0.00219667,0.02145032,0.146459277,4.330657023,-0.054560228,-0.135917259,-5.054560228
271,003o0000005Cufb,1,0.27409,0.04734,272,-4,3.5,0.22142381,0.00219667,0.004811648,0.069366042,2.066678455,-0.033004898,0.061010856,-5.033004898
272,003o0000005Be8d,1,0.2043,0.07561,273,-4,4,0.22142381,0.00219667,0.005682742,0.075383963,2.244640107,-0.047039158,0.058907211,-5.047039158
273,003o0000005Be8j,1,0.35474,-0.13691,274,-3.5,4,0.22142381,0.00219667,0.037123872,0.192675562,5.671676165,0.157759387,-0.110615767,-4.842240613
274,003o0000005Be9G,1,0.18506,-0.30044,275,-3,4,0.22142381,0.00219667,0.092911281,0.304813518,8.876506032,-0.26013593,0.158872837,-5.26013593
275,003o0000005Be7P,1,0.38959,0.2115,276,-2.5,4,0.22142381,0.00219667,0.072087751,0.268491623,7.84592843,0.002162195,0.268482916,-4.997837805
276,003o0000005Be9e,1,0.25778,-0.19946,277,-2,4,0.22142381,0.00219667,0.041987185,0.204907748,6.024609856,0.198095635,-0.052395653,-4.801904365
277,003o0000005Be4h,1,-0.04954,-0.06829,278,-1.5,4,0.22142381,0.00219667,0.078389757,0.279981708,8.172708141,-0.087734357,0.265880499,-5.087734357
278,003o0000005EQJL,1,0.42825,0.10243,279,-1,4,0.22142381,0.00219667,0.052823793,0.229834274,6.741251623,0.206140492,0.10163607,-4.793859508
279,003o0000005Be4e,1,-0.33407,-0.5263,280,-0.5,4,0.22142381,0.00219667,0.587882103,0.766734702,21.40021475,-0.636712425,0.427176065,-5.636712425
280,003o0000005Be2W,1,0.49459,0.32567,281,0,4,0.22142381,0.00219667,0.179254763,0.423384887,12.1923339,0.394112062,-0.154694683,-4.605887938
281,003o0000005Be4g,1,0.45387,0.22675,282,0.5,4,0.22142381,0.00219667,0.104455429,0.323195652,9.395384548,-0.323056046,0.009498455,-5.323056046
282,003o0000005Be0A,1,-0.10152,-0.5116,283,1,4,0.22142381,0.00219667,0.368279723,0.606860546,17.18295495,-0.058051158,-0.604077632,-5.058051158
283,003o0000005Be0C,1,0.06466,0.11796,284,1.5,4,0.22142381,0.00219667,0.037976041,0.194874423,5.735180871,0.166338158,-0.101526636,-4.833661842
284,003o0000005BdxA,1,0.14402,0.16618,285,2,4,0.22142381,0.00219667,0.032881882,0.181333622,5.343684991,0.107021558,-0.146383976,-4.892978442
285,003o0000005CulW,1,0.38998,0.29473,286,2.5,4,0.22142381,0.00219667,0.113986938,0.337619517,9.801278676,-0.313971601,-0.124132076,-5.313971601
286,003o0000005EQMy,1,0.08804,0.16284,287,3,4,0.22142381,0.00219667,0.04359752,0.208800192,6.13674411,0.206565328,-0.03046778,-4.793434672
287,003o0000005Be4i,1,-0.15886,-0.12916,288,3.5,4,0.22142381,0.00219667,0.161870351,0.402331146,11.60889625,0.231576631,-0.329002454,-4.768423369
288,003o0000005Be03,1,-0.0479,-0.11508,289,4,4,0.22142381,0.00219667,0.086289132,0.293750118,8.563348398,-0.191335144,0.222890096,-5.191335144
289,003o0000005Be0D,1,0.06617,-0.19052,290,4.5,4,0.22142381,0.00219667,0.06124346,0.247474161,7.246340434,0.141291037,0.203175548,-4.858708963
290,003o0000005EQ2U,1,-0.06503,-0.02078,291,4.5,3.5,0.22142381,0.00219667,0.082583713,0.28737382,8.382565184,-0.144925696,0.248153693,-5.144925696
291,003o0000005CuhX,1,0.40925,0.13607,292,4.5,3,0.22142381,0.00219667,0.053200746,0.230652869,6.76472842,0.204423323,0.106826267,-4.795576677
292,003o0000005EQHJ,1,0.37365,0.37044,293,4.5,2.5,0.22142381,0.00219667,0.158775963,0.398467016,11.50156724,0.193127483,-0.348536567,-4.806872517
293,003o0000005EQMX,1,0.09719,-0.07162,294,4.5,2,0.22142381,0.00219667,0.02088294,0.144509309,4.273811978,-0.061366105,-0.130832494,-5.061366105
294,003o0000005Be8C,1,0.04532,0.01165,295,4.5,1.5,0.22142381,0.00219667,0.031101917,0.176357357,5.199552528,0.082556636,-0.155840685,-4.917443364
295,003o0000005Be3J,1,-0.49868,0.09457,296,4.5,1,0.22142381,0.00219667,0.527082329,0.726004359,20.33700833,0.060438025,0.723484329,-4.939561975
296,003o0000005Be7A,1,-0.13503,-0.49076,297,4.5,0.5,0.22142381,0.00219667,0.370065597,0.608330171,17.22226659,-0.034348123,-0.607359699,-5.034348123
297,003o0000005Be4U,1,0.35192,-0.00925,298,4.5,0,0.22142381,0.00219667,0.017160282,0.130997259,3.879318797,-0.096937956,-0.088109673,-5.096937956
298,003o0000005Cufv,1,0.52093,-0.02656,299,4.5,-0.5,0.22142381,0.00219667,0.090530904,0.300883539,8.765339949,-0.237799295,0.184343157,-5.237799295
299,003o0000005Be0R,1,0.04266,-0.35667,300,4.5,-1,0.22142381,0.00219667,0.160741787,0.400926161,11.56988066,0.217804169,-0.336605304,-4.782195831
300,003o0000005Bdxa,1,-0.38807,0.35454,301,4.5,-1.5,0.22142381,0.00219667,0.495628527,0.704008897,19.75969956,0.432002626,0.555879715,-4.567997374
301,003o0000005Cupq,6,0.39355,-0.147,302,4.5,-2,0.24724926,-0.35392868,0.064223385,0.253423332,7.416302232,0.107410629,0.229535056,0.107410629
302,003o0000005EQNT,6,0.42204,-0.17967,303,4.5,-2.5,0.24724926,-0.35392868,0.06091789,0.246815499,7.227511265,0.144705225,0.199945713,0.144705225
303,003o0000005Be2Y,6,0.14688,-0.50499,304,4.5,-3,0.24724926,-0.35392868,0.032893511,0.181365682,5.344613151,0.107176325,-0.146310444,0.107176325
304,003o0000005Be3X,6,0.28593,-0.43054,305,4.5,-3.5,0.24724926,-0.35392868,0.007365494,0.085822456,2.552826845,-0.071372246,0.047660219,-0.071372246
305,003o0000005Be2X,6,0.45412,-0.31053,306,4.5,-4,0.24724926,-0.35392868,0.044678948,0.211373954,6.210843506,0.2108211,-0.015277839,0.2108211
306,003o0000005Be08,6,0.39486,-0.21791,307,4.5,-4.5,0.24724926,-0.35392868,0.040290012,0.20072372,5.903982066,0.186464282,-0.074303993,0.186464282
307,003o0000005Bdxb,6,0.46928,-0.28301,308,4,-4.5,0.24724926,-0.35392868,0.054327109,0.233081764,6.834365927,0.198563947,0.122063375,0.198563947
308,003o0000005Bdzc,6,0.34662,-0.22989,309,3.5,-4.5,0.24724926,-0.35392868,0.025260138,0.158934383,4.693819622,-0.00295114,-0.158906982,-0.00295114
309,003o0000005Bejd,6,0.37083,-0.39824,310,3,-4.5,0.24724926,-0.35392868,0.017235692,0.131284776,3.887723855,-0.096405104,-0.089116488,-0.096405104
310,003o0000005BetP,6,0.19389,-0.50907,311,2.5,-4.5,0.24724926,-0.35392868,0.02691604,0.164061086,4.84280844,0.021336153,-0.162667785,0.021336153
311,003o0000005Beu2,6,0.40051,-0.33289,312,2,-4.5,0.24724926,-0.35392868,0.02393148,0.15469803,4.570593786,-0.021862006,-0.153145464,-0.021862006
312,003o0000005BeuK,6,0.34556,-0.35564,313,1.5,-4.5,0.24724926,-0.35392868,0.00966793,0.098325634,2.921139937,-0.095946011,0.021501004,-0.095946011
313,003o0000005EQKE,6,0.20984,-0.49765,314,1,-4.5,0.24724926,-0.35392868,0.022055271,0.14851017,4.390420948,-0.046993678,-0.140878901,-0.046993678
314,003o0000005EQL2,6,0.33806,-0.41998,315,0.5,-4.5,0.24724926,-0.35392868,0.012609367,0.112291439,3.331472079,-0.110273225,-0.021193941,-0.110273225
315,003o0000005EQLq,6,0.27881,-0.31928,316,0,-4.5,0.24724926,-0.35392868,0.002196611,0.04686802,1.399491671,0.0079895,0.046182023,0.0079895
316,003o0000005EQLr,6,0.37405,-0.10507,317,-0.5,-4.5,0.24724926,-0.35392868,0.07800907,0.279301039,8.153369626,-0.082375785,0.266876938,-0.082375785
317,003o0000005EQNj,6,0.44114,-0.22039,318,-1,-4.5,0.24724926,-0.35392868,0.055426198,0.235427692,6.901594065,0.191826953,0.136486697,0.191826953
318,003o0000005EQNl,6,0.46515,-0.23491,319,-1.5,-4.5,0.24724926,-0.35392868,0.061646179,0.248286485,7.269559066,0.136984093,0.207078577,0.136984093
319,003o0000005EQXH,6,0.43189,-0.26222,320,-2,-4.5,0.24724926,-0.35392868,0.042502685,0.206161793,6.060745773,0.201082413,-0.045481293,0.201082413
320,003o0000005EQCS,6,0.37412,-0.20372,321,-2.5,-4.5,0.24724926,-0.35392868,0.038658832,0.196618494,5.785531804,0.172769676,-0.093858783,0.172769676
321,003o0000005Be4Q,6,0.27529,-0.2903,322,-3,-4.5,0.24724926,-0.35392868,0.004834892,0.069533388,2.071630045,-0.033386945,0.060993474,-0.033386945
322,003o0000005EQKr,6,-0.03616,-0.57639,323,-3.5,-4.5,0.24724926,-0.35392868,0.129809848,0.360291337,10.43706226,-0.190927356,-0.30554311,-0.190927356
323,003o0000005Be3W,6,0.45097,-0.36929,324,-4,-4.5,0.24724926,-0.35392868,0.04173811,0.20429907,6.007067377,0.196560431,-0.055696562,0.196560431
324,003o0000005Be2U,6,0.29178,-0.3828,325,-4.5,4.5,0.24724926,-0.35392868,0.00281654,0.053071084,1.58374221,-0.000687033,0.053066636,-0.000687033
325,003o0000005Be4H,6,0.15981,-0.42555,326,-4.5,-4,0.24724926,-0.35392868,0.012775238,0.113027597,3.353070158,-0.110509551,-0.023725026,-0.110509551
326,003o0000005Be4R,6,0.17647,-0.36894,327,-4.5,-3.5,0.24724926,-0.35392868,0.005235043,0.0723536,2.155052742,-0.039908747,0.060351763,-0.039908747
327,003o0000005BdzZ,6,0.13929,-0.46694,328,-4.5,-3,0.24724926,-0.35392868,0.02442676,0.156290628,4.616930688,-0.014896589,-0.155579086,-0.014896589
328,003o0000005Bdzf,6,0.12827,-0.4022,329,-4.5,-2.5,0.24724926,-0.35392868,0.016486185,0.128398538,3.803328337,-0.101297056,-0.078899246,-0.101297056
329,003o0000005BdzK,6,0.16169,-0.47808,330,-4.5,-2,0.24724926,-0.35392868,0.022733937,0.150777774,4.456472247,-0.038166739,-0.145867191,-0.038166739
330,003o0000005Bdyp,6,0.15144,-0.46546,331,-4.5,-1.5,0.24724926,-0.35392868,0.02161865,0.147032818,4.347372661,-0.052485502,-0.137345993,-0.052485502
331,003o0000005Be4S,6,0.11907,-0.42703,332,-4.5,-1,0.24724926,-0.35392868,0.021773726,0.147559228,4.362713029,-0.050552816,-0.138629501,-0.050552816
332,003o0000005Be4G,6,0.36664,-0.17282,333,-4.5,-0.5,0.24724926,-0.35392868,0.047054503,0.216920499,6.370405891,0.216095918,0.018895953,0.216095918
333,003o0000005Be2T,6,0.32376,-0.22404,334,-4.5,0,0.24724926,-0.35392868,0.022724963,0.15074801,4.455605454,-0.038285602,-0.145805265,-0.038285602
334,003o0000005Be4V,6,0.13726,-0.26657,335,-4.5,0.5,0.24724926,-0.35392868,0.019729176,0.140460586,4.155715685,-0.074214415,-0.119253498,-0.074214415
335,003o0000005Be2Q,6,0.12292,-0.33877,336,-4.5,1,0.24724926,-0.35392868,0.01568755,0.125249952,3.711207378,-0.105474089,-0.067548257,-0.105474089
336,003o0000005BdzX,6,0.03628,-0.32057,337,-4.5,1.5,0.24724926,-0.35392868,0.04562083,0.213590333,6.274624401,0.213582506,-0.001828504,0.213582506
337,003o0000005Be9Y,6,0.43105,-0.32183,338,-4.5,2,0.24724926,-0.35392868,0.034813037,0.186582521,5.49556412,0.131640148,-0.132226732,0.131640148
338,003o0000005Be9K,6,0.38455,-0.29393,339,-4.5,2.5,0.24724926,-0.35392868,0.022451335,0.149837695,4.429092928,-0.041882907,-0.143865065,-0.041882907
339,003o0000005Be8B,6,0.32473,-0.17351,340,-4.5,3,0.24724926,-0.35392868,0.038554165,0.196352146,5.777843484,0.171809904,-0.095055363,0.171809904
340,003o0000005BdzA,6,-0.05214,-0.49228,341,-4.5,3.5,0.24724926,-0.35392868,0.108775017,0.329810577,9.581667915,-0.325759842,-0.051531953,-0.325759842
341,003o0000005BeA3,6,0.34709,-0.4799,342,-4.5,4,0.24724926,-0.35392868,0.025836947,0.160738753,4.74627391,0.005445579,-0.160646483,0.005445579
342,003o0000005Be8A,6,0.24728,-0.35841,343,-4.5,4.5,0.24724926,-0.35392868,2.01E-05,0.004481425,0.134382549,0.004441022,0.000600414,0.004441022
343,003o0000005Be6x,6,0.25778,-0.34849,344,-4,4.5,0.24724926,-0.35392868,0.000140476,0.011852246,0.355146605,0.011112612,0.004121356,0.011112612
344,003o0000005Be7j,6,0.12321,-0.56412,345,-3.5,4.5,0.24724926,-0.35392868,0.059566129,0.244061732,7.148763799,0.158200746,0.185845777,0.158200746
345,003o0000005Be6l,6,0.29903,-0.3437,346,-3,4.5,0.24724926,-0.35392868,0.002785871,0.05278135,1.575141248,-0.00022933,0.052780852,-0.00022933
346,003o0000005BdzJ,6,0.33694,-0.40854,347,-2.5,4.5,0.24724926,-0.35392868,0.011026825,0.105008691,3.117636234,-0.104978559,0.002515392,-0.104978559
347,003o0000005Be6o,6,0.31052,-0.31103,348,-2,4.5,0.24724926,-0.35392868,0.005843483,0.07644268,2.275926595,-0.049545026,0.058213174,-0.049545026
348,003o0000005Be6q,6,0.21472,-0.29473,349,-1.5,4.5,0.24724926,-0.35392868,0.004562636,0.067547291,2.012852851,-0.028896677,0.061054226,-0.028896677
349,003o0000005Be6t,6,0.30294,-0.27596,350,-1,4.5,0.24724926,-0.35392868,0.009180574,0.09581531,2.847264447,-0.091694987,0.027795735,-0.091694987
350,003o0000005Be6u,6,0.21862,-0.25555,351,-0.5,4.5,0.24724926,-0.35392868,0.010497999,0.102459744,3.042722075,-0.10195936,0.010113758,-0.10195936
351,003o0000005Be6w,6,0.23473,-0.40448,352,0,4.5,0.24724926,-0.35392868,0.002712168,0.052078478,1.554273884,0.000860425,0.052071369,0.000860425
352,003o0000005Be71,6,0.16953,-0.38505,353,0.5,4.5,0.24724926,-0.35392868,0.00700882,0.083718695,2.490766197,-0.066605201,0.05072048,-0.066605201
353,003o0000005Be78,6,0.21307,-0.42007,354,1,4.5,0.24724926,-0.35392868,0.005542896,0.074450628,2.217053402,-0.044834354,0.059437166,-0.044834354
354,003o0000005Be7Q,6,0.21092,-0.34643,355,1.5,4.5,0.24724926,-0.35392868,0.001376045,0.037095085,1.10874472,0.016536452,0.033205287,0.016536452
355,003o0000005Be7R,6,0.10543,-0.3748,356,2,4.5,0.24724926,-0.35392868,0.020548315,0.143346833,4.239913492,-0.065235992,-0.127642391,-0.065235992
356,003o0000005Be9x,6,0.07185,-0.52382,357,2.5,4.5,0.24724926,-0.35392868,0.059627961,0.244188372,7.152386138,0.157608252,0.186514343,0.157608252
357,003o0000005Be8c,6,-0.0263,-0.42378,358,3,4.5,0.24724926,-0.35392868,0.079708405,0.282326769,8.239314627,-0.106117523,0.261624685,-0.106117523
358,003o0000005Be8F,6,0.04237,-0.47808,359,3.5,4.5,0.24724926,-0.35392868,0.057389061,0.239560142,7.019945989,0.177429959,0.160958601,0.177429959
359,003o0000005Be9R,6,0.0012,-0.38437,360,4,4.5,0.24724926,-0.35392868,0.061466912,0.247925215,7.259233342,0.138912569,0.205353867,0.138912569
360,003o0000005Be8O,6,0.40927,-0.26551,361,4.5,4.5,0.24724926,-0.35392868,0.034068583,0.184576768,5.437544943,0.122420942,-0.138136512,0.122420942
361,003o0000005Be8v,6,0.25119,-0.44038,362,5,4.5,0.24724926,-0.35392868,0.00748936,0.086541089,2.574020538,-0.072972196,0.046523315,-0.072972196
362,003o0000005Be86,6,0.06838,-0.3661,363,5,4,0.24724926,-0.35392868,0.032142353,0.179282886,5.284304288,0.097035707,-0.15075286,0.097035707
363,003o0000005Be7k,6,0.07254,-0.40305,364,5,3.5,0.24724926,-0.35392868,0.03293623,0.181483414,5.348021434,0.107744265,-0.146039046,0.107744265
364,003o0000005Be9s,6,0.3019,-0.43868,365,5,3,0.24724926,-0.35392868,0.01016949,0.100843887,2.995212259,-0.099765413,0.014708908,-0.099765413
365,003o0000005Be9v,6,0.17002,-0.33259,366,5,2.5,0.24724926,-0.35392868,0.006419698,0.080123017,2.384634723,-0.058243697,0.055021538,-0.058243697
366,003o0000005Bdze,6,0.01102,-0.41549,367,5,2,0.24724926,-0.35392868,0.059594059,0.244118945,7.150400304,0.157933411,0.186148051,0.157933411
367,003o0000005Be7h,6,0.17334,-0.20113,368,5,1.5,0.24724926,-0.35392868,0.028810015,0.169735133,5.007531483,0.049371909,-0.162395905,0.049371909
368,003o0000005Be9y,6,0.44426,-0.40301,369,5,1,0.24724926,-0.35392868,0.041222208,0.203032529,5.970558261,0.193191315,-0.062444564,0.193191315
369,003o0000005EQKB,4,-0.40802,0.09889,370,5,0.5,-0.22501902,-0.16249634,0.101812177,0.319080205,9.279372335,-0.31571302,0.046232739,4.68428698
370,003o0000005Be7M,4,-0.22669,0.13464,371,5,0,-0.22501902,-0.16249634,0.088292797,0.297141038,8.659400381,-0.214274589,0.205862083,4.785725411
371,003o0000005Be9F,4,-0.16016,-0.00916,372,5,-0.5,-0.22501902,-0.16249634,0.027718726,0.166489416,4.913327348,0.03322944,-0.163139603,5.03322944
372,003o0000005Be9r,4,-0.18115,0.05723,373,5,-1,-0.22501902,-0.16249634,0.050204155,0.224062838,6.575626229,0.21454981,0.064595158,5.21454981
373,003o0000005Be7i,4,-0.00616,-0.00284,374,5,-1.5,-0.22501902,-0.16249634,0.073389418,0.270904813,7.914618989,-0.016416887,0.270406922,4.983583113
374,003o0000005Be8i,4,-0.24263,-0.21869,375,5,-2,-0.22501902,-0.16249634,0.003467874,0.058888658,1.75633709,-0.010863664,0.05787793,4.989136336
375,003o0000005Be9V,4,-0.10985,-0.06361,376,5,-2.5,-0.22501902,-0.16249634,0.023042411,0.151797271,4.486158896,-0.034048928,-0.147929314,4.965951072
376,003o0000005Be90,4,-0.00474,-0.05176,377,5,-3,-0.22501902,-0.16249634,0.060785384,0.24654692,7.21983273,0.146077104,0.198612345,5.146077104
377,003o0000005Be9g,4,-0.01528,-0.37136,378,5,-3.5,-0.22501902,-0.16249634,0.087614485,0.295997441,8.627013446,-0.20669756,0.211874028,4.79330244
378,003o0000005Be4Y,4,-0.0612,-0.44704,379,5,-4,-0.22501902,-0.16249634,0.107801766,0.328331792,9.540043826,-0.326153062,-0.0377617,4.673846938
379,003o0000005Be4I,4,-0.04774,-0.23253,380,5,-4.5,-0.22501902,-0.16249634,0.036332564,0.190611029,5.612026476,0.149267787,-0.118539834,5.149267787
380,003o0000005Be4T,4,-0.02308,-0.25981,381,5,-5,-0.22501902,-0.16249634,0.050249316,0.224163593,6.578519193,0.214458433,0.065244898,5.214458433
381,003o0000005BdzH,4,-0.01031,-0.28136,382,4.5,-5,-0.22501902,-0.16249634,0.060228533,0.245415022,7.187468013,0.151727719,0.192891763,5.151727719
382,003o0000005BdzL,4,-0.11327,-0.32869,383,4,-5,-0.22501902,-0.16249634,0.040108176,0.200270258,5.890902664,0.185057492,-0.076563051,5.185057492
383,003o0000005Bdx8,4,0.03089,-0.2711,384,3.5,-5,-0.22501902,-0.16249634,0.077284181,0.278000326,8.116408124,-0.072120159,0.268482521,4.927879841
384,003o0000005Be2S,4,-0.04826,-0.29192,385,3,-5,-0.22501902,-0.16249634,0.047994235,0.219075866,6.432365484,0.216642647,0.032560691,5.216642647
385,003o0000005BdyO,4,0.00503,-0.20657,386,2.5,-5,-0.22501902,-0.16249634,0.054865039,0.234232874,6.867357476,0.195389785,0.129181543,5.195389785
386,003o0000005BdzY,4,-0.01292,-0.32655,387,2,-5,-0.22501902,-0.16249634,0.071899598,0.268141003,7.835945563,0.004835948,0.268097391,5.004835948
387,003o0000005Be4M,4,-0.06847,-0.2107,388,1.5,-5,-0.22501902,-0.16249634,0.026831189,0.163802285,4.835290889,0.020080971,-0.162566734,5.020080971
388,003o0000005Be6p,4,-0.30878,0.34294,389,1,-5,-0.22501902,-0.16249634,0.262481796,0.512329772,14.63241713,-0.243485645,0.450773265,4.756514355
389,003o0000005Be72,4,0.00377,-0.61065,390,0.5,-5,-0.22501902,-0.16249634,0.253186119,0.503176031,14.38312101,-0.122514202,0.488033184,4.877485798
390,003o0000005Be8z,4,-0.43153,-0.12442,391,0,-5,-0.22501902,-0.16249634,0.044096593,0.209991887,6.171057915,0.208673202,-0.023496535,5.208673202
391,003o0000005Be7a,4,-0.51395,-0.0052,392,-0.5,-5,-0.22501902,-0.16249634,0.10822325,0.328973023,9.558094282,-0.326053892,-0.043727674,4.673946108
392,003o0000005Be9T,4,-0.38166,-0.09011,393,-1,-5,-0.22501902,-0.16249634,0.029776179,0.172557755,5.08940759,0.063527157,-0.160438397,5.063527157
393,003o0000005Be99,4,0.00255,-0.13237,394,-1.5,-5,-0.22501902,-0.16249634,0.052695255,0.229554471,6.733226228,0.206697572,0.099856741,5.206697572
394,003o0000005Be9Q,4,-0.62793,0.01905,395,-2,-5,-0.22501902,-0.16249634,0.195296331,0.441923445,12.70419906,0.437732547,0.060716959,5.437732547
395,003o0000005Be7J,4,-0.47019,0.02559,396,-2.5,-5,-0.22501902,-0.16249634,0.095485281,0.309006927,8.99503288,-0.280909541,0.12874436,4.719090459
396,003o0000005Be8t,4,-0.52373,-0.1049,397,-3,-5,-0.22501902,-0.16249634,0.092545588,0.304213063,8.859526496,-0.256893919,0.162945091,4.743106081
397,003o0000005Be9N,4,-0.52392,-0.06847,398,-3.5,-5,-0.22501902,-0.16249634,0.098182748,0.313341265,9.117444761,-0.298659257,0.094791332,4.701340743
398,003o0000005Be7y,4,0.05856,0.05152,399,-4,-5,-0.22501902,-0.16249634,0.126220054,0.355274618,10.29661091,-0.228592389,-0.271966126,4.771407611
399,003o0000005Be7r,4,-0.20104,-0.40302,400,-4.5,-5,-0.22501902,-0.16249634,0.058426624,0.241716,7.081651967,0.168670836,0.173138018,5.168670836
400,003o0000005Be8k,4,-0.35967,-0.2749,401,-5,-5,-0.22501902,-0.16249634,0.030765469,0.175400881,5.171833308,0.077781543,-0.157211643,5.077781543
401,003o0000005Be8y,4,-0.38425,-0.35133,402,-5,4.5,-0.22501902,-0.16249634,0.061012656,0.247007401,7.232997418,0.143717776,0.20089265,5.143717776
402,003o0000005Be9f,4,-0.3917,-0.1474,403,-5,-4,-0.22501902,-0.16249634,0.028010449,0.167363223,4.938694678,0.037552786,-0.16309579,5.037552786
403,003o0000005Be9z,4,-0.4356,-0.06671,404,-5,-3.5,-0.22501902,-0.16249634,0.053519372,0.231342543,6.784504954,0.202875641,0.111179344,5.202875641
404,003o0000005Be9X,4,-0.33327,-0.31295,405,-5,-3,-0.22501902,-0.16249634,0.034354578,0.185349881,5.459910972,0.126005212,-0.135931104,5.126005212
405,003o0000005Be8n,4,-0.55385,-0.24887,406,-5,-2.5,-0.22501902,-0.16249634,0.115590223,0.339985621,9.867757178,-0.307169761,-0.145729064,4.692830239
406,003o0000005Be7g,4,-0.28324,-0.29889,407,-5,-2,-0.22501902,-0.16249634,0.021992913,0.148300078,4.384299858,-0.047787426,-0.140389725,4.952212574
407,003o0000005Be7G,4,-0.52476,-0.12889,408,-5,-1.5,-0.22501902,-0.16249634,0.090974041,0.301619033,8.786150915,-0.242174423,0.179793187,4.757825577
408,003o0000005Be83,4,0.07383,-0.22269,409,-5,-1,-0.22501902,-0.16249634,0.092934013,0.304850805,8.877560372,-0.260335134,0.158617878,4.739664866
409,003o0000005Be9o,4,-0.41141,-0.22675,410,-5,-0.5,-0.22501902,-0.16249634,0.03887013,0.197155092,5.801019858,0.174678009,-0.091420586,5.174678009
410,003o0000005EQNB,2,-0.22083,0.35056,411,-5,0,0.08462226,-0.24290097,0.445497006,0.667455621,18.79535408,0.666475422,-0.036159615,10.66647542
411,003o0000005EQLK,2,0.27811,-0.4957,412,-5,0.5,0.08462226,-0.24290097,0.101344855,0.318347067,9.258696144,-0.313966639,0.052628933,9.686033361
412,003o0000005Be02,2,0.35762,-0.31281,413,-5,1,0.08462226,-0.24290097,0.079415039,0.28180674,8.224546844,-0.102054151,0.262678489,9.897945849
413,003o0000005Be3M,2,0.13229,-0.17092,414,-5,1.5,0.08462226,-0.24290097,0.007453473,0.086333501,2.56789873,-0.07251167,0.046856496,9.92748833
414,003o0000005Be0N,2,0.33048,-0.09864,415,-5,2,0.08462226,-0.24290097,0.081257256,0.285056583,8.316811989,-0.127272768,0.255066459,9.872727232
415,003o0000005Bes7,2,0.10238,-0.15352,416,-5,2.5,0.08462226,-0.24290097,0.008304295,0.091127905,2.709222897,-0.082741889,0.038184748,9.917258111
416,003o0000005EQJ1,2,0.30329,-0.16771,417,-5,3,0.08462226,-0.24290097,0.053469262,0.231234216,6.781398825,0.20312484,0.110496886,10.20312484
417,003o0000005EQMc,2,0.40563,0.01926,418,-5,3.5,0.08462226,-0.24290097,0.171774343,0.414456685,11.94519416,0.337033826,-0.241210579,10.33703383
418,003o0000005EQMe,2,0.29717,-0.1042,419,-5,4,0.08462226,-0.24290097,0.064414501,0.25380012,7.427060203,0.105091147,0.231020241,10.10509115
419,003o0000005EQMw,2,0.31819,-0.07408,420,-5,4.5,0.08462226,-0.24290097,0.083054409,0.288191619,8.405763896,-0.151071724,0.245421563,9.848928276
420,003o0000005EQN5,2,0.34969,-0.06535,421,-5,5,0.08462226,-0.24290097,0.101785254,0.319038013,9.278182492,-0.315616047,0.046602192,9.684383953
421,003o0000005Bdza,2,-0.01416,-0.43816,422,-4.5,5,0.08462226,-0.24290097,0.047884024,0.218824184,6.425131809,0.21662336,0.030957124,10.21662336
422,003o0000005Be4O,2,0.06801,-0.26045,423,-4,5,0.08462226,-0.24290097,0.000583936,0.02416476,0.723196623,0.018116178,0.015991865,10.01811618
423,003o0000005Be7u,2,0.32243,0.33382,424,-3.5,5,0.08462226,-0.24290097,0.389159598,0.623826577,17.63616081,0.218240021,-0.584406444,10.21824002
424,003o0000005Be9a,2,0.01412,-0.50305,425,-3,5,0.08462226,-0.24290097,0.072648086,0.26953309,7.875577264,-0.005820284,0.269470241,9.994179716
425,003o0000005Be8M,2,0.23914,-0.49348,426,-2.5,5,0.08462226,-0.24290097,0.086665582,0.294390187,8.581483845,-0.19577132,0.219861713,9.80422868
426,003o0000005Be7m,2,-0.09528,-0.34643,427,-2,5,0.08462226,-0.24290097,0.043083083,0.207564648,6.101159414,0.204135468,-0.037573844,10.20413547
427,003o0000005Be6y,2,0.1036,-0.50472,428,-1.5,5,0.08462226,-0.24290097,0.068909359,0.262505922,7.675411784,0.046626918,0.258331743,10.04662692
428,003o0000005Be8E,2,-0.15437,-0.31797,429,-1,5,0.08462226,-0.24290097,0.06275266,0.25050481,7.332947062,0.124695706,0.217263988,10.12469571
429,003o0000005Be97,2,-0.1263,-0.4015,430,-0.5,5,0.08462226,-0.24290097,0.069641852,0.263897427,7.715069353,0.03654081,0.261355354,10.03654081
430,003o0000005Be7c,2,-0.1646,-0.46676,431,0,5,0.08462226,-0.24290097,0.1122246,0.334999403,9.72762907,-0.319753596,-0.09991115,9.680246404
431,003o0000005Be7t,2,0.47048,-0.11363,432,0.5,5,0.08462226,-0.24290097,0.165597179,0.406936333,11.73670845,0.2747329,-0.300198289,10.2747329
432,003o0000005Be9B,2,-0.14241,-0.3547,433,1,5,0.08462226,-0.24290097,0.06404267,0.253066533,7.40611428,0.109588997,0.22810726,10.109589
433,003o0000005Be7f,2,-0.09933,-0.3957,434,1.5,5,0.08462226,-0.24290097,0.057185978,0.239135898,7.00780009,0.179054155,0.158510526,10.17905416
434,003o0000005Be70,2,-0.18927,-0.44225,435,2,5,0.08462226,-0.24290097,0.114757006,0.338758034,9.833270348,-0.31088527,-0.134563571,9.68911473
435,003o0000005Be6z,2,0.03033,-0.51155,436,2.5,5,0.08462226,-0.24290097,0.075119951,0.27408019,8.004957038,-0.041222349,0.270962486,9.958777651
436,003o0000005Be6a,2,0.21204,-0.46606,437,3,5,0.08462226,-0.24290097,0.066035233,0.256973215,7.517627137,0.084813513,0.242573496,10.08481351
437,003o0000005Be7S,2,-0.11134,-0.27323,438,3.5,5,0.08462226,-0.24290097,0.039321057,0.198295379,5.833927157,0.178618436,-0.086119171,10.17861844
438,003o0000005Be95,2,-0.42924,0.39769,439,4,5,0.08462226,-0.24290097,0.674411213,0.821225434,22.81093242,-0.560387183,-0.600314433,9.439612817
439,003o0000005Be92,2,-0.11617,-0.44365,440,4.5,5,0.08462226,-0.24290097,0.080617705,0.283932571,8.284906968,-0.118601963,0.257975346,9.881398037
440,003o0000005Be8P,2,0.15159,-0.25504,441,5,5,0.08462226,-0.24290097,0.004632034,0.06805905,2.028000216,-0.030044049,0.061068727,9.969955951
441,003o0000005Be4X,3,0.58914,0.08527,442,5.5,5,0.3863704,0.2248236,0.060590718,0.246151819,7.20853628,0.148073676,0.196633935,15.14807368
442,003o0000005Be6j,3,0.55811,0.0164,443,5.5,4.5,0.3863704,0.2248236,0.072934887,0.270064598,7.890706167,-0.009915767,0.269882502,14.99008423
443,003o0000005Be9i,3,0.5054,0.16979,444,5.5,4,0.3863704,0.2248236,0.017196743,0.131136352,3.883384998,-0.096681432,-0.088597086,14.90331857
444,003o0000005Be74,3,0.46965,0.23166,445,5.5,3.5,0.3863704,0.2248236,0.006982228,0.083559728,2.486075642,-0.066240544,0.050935435,14.93375946
445,003o0000005Be6m,3,0.53448,0.21044,446,5.5,3,0.3863704,0.2248236,0.022143342,0.14880639,4.399050953,-0.045867463,-0.141561002,14.95413254
446,003o0000005Be6n,3,0.53861,0.12777,447,5.5,2.5,0.3863704,0.2248236,0.032596297,0.180544446,5.320836566,0.103198183,-0.148143282,15.10319818
447,003o0000005Be6r,3,0.58758,0.16043,448,5.5,2,0.3863704,0.2248236,0.044631839,0.211262488,6.207635121,0.21065985,-0.015945741,15.21065985
448,003o0000005Be6s,3,0.49616,0.15879,449,5.5,1.5,0.3863704,0.2248236,0.016414193,0.128117886,3.795119328,-0.101718498,-0.077894414,14.8982815
449,003o0000005Be7p,3,0.51469,0.09413,450,5.5,1,0.3863704,0.2248236,0.033546737,0.183157683,5.396482412,0.115750287,-0.141945792,15.11575029
450,003o0000005Be9w,3,0.52297,0.0565,451,5.5,0.5,0.3863704,0.2248236,0.046992285,0.21677704,6.366281021,0.216029059,0.01799252,15.21602906
451,003o0000005Be9C,3,0.52723,0.14993,452,5.5,0,0.3863704,0.2248236,0.025450478,0.15953206,4.711196541,-0.000190232,-0.159531947,14.99980977
452,003o0000005Be9J,3,0.49947,0.11532,453,5.5,-0.5,0.3863704,0.2248236,0.024782558,0.157424769,4.649920009,-0.009827769,-0.157117704,14.99017223
453,003o0000005Be7U,3,0.28002,0.35782,454,5.5,-1,0.3863704,0.2248236,0.02899845,0.170289313,5.023610161,0.052146228,-0.16210867,15.05214623
454,003o0000005Be7V,3,0.19924,0.17994,455,5.5,-1.5,0.3863704,0.2248236,0.037032324,0.192437845,5.664809114,0.156802373,-0.111558684,15.15680237
455,003o0000005Be7W,3,0.20592,0.29021,456,5.5,-2,0.3863704,0.2248236,0.036837728,0.191931572,5.650183094,0.154745814,-0.11354057,15.15474581
456,003o0000005Be7X,3,0.26024,0.36552,457,5.5,-2.5,0.3863704,0.2248236,0.035704355,0.18895596,5.564190106,0.142183294,-0.124451861,15.14218329
457,003o0000005Be7Y,3,0.3697,0.12279,458,5.5,-3,0.3863704,0.2248236,0.010688758,0.103386449,3.069962472,-0.10312133,0.007399259,14.89687867
458,003o0000005Be7Z,3,0.20886,0.29922,459,5.5,-3.5,0.3863704,0.2248236,0.037044766,0.19247017,5.665742932,0.156932837,-0.111430926,15.15693284
459,003o0000005Be7b,3,0.1972,0.27958,460,5.5,-4,0.3863704,0.2248236,0.038783704,0.196935785,5.794690114,0.173902188,-0.092421494,15.17390219
460,003o0000005BenK,3,0.28162,0.38683,461,5.5,-4.5,0.3863704,0.2248236,0.03721872,0.192921538,5.678781478,0.158743757,-0.109631836,15.15874376
461,003o0000005Be7q,3,0.33108,0.41685,462,5.5,-5,0.3863704,0.2248236,0.039931167,0.199827842,5.878140808,0.183658745,-0.078744091,15.18365875
462,003o0000005Be7w,3,0.22474,0.31459,463,5.5,-5.5,0.3863704,0.2248236,0.034182393,0.184884809,5.446456934,0.123853491,-0.137268734,15.12385349
463,003o0000005Be81,3,0.26589,0.34994,464,5,-5.5,0.3863704,0.2248236,0.03016964,0.1736941,5.122357053,0.069231002,-0.159300686,15.069231
464,003o0000005Be8p,3,0.21745,0.30978,465,4.5,-5.5,0.3863704,0.2248236,0.035751691,0.189081177,5.567809778,0.142727356,-0.12401852,15.14272736
465,003o0000005Be94,3,0.27381,0.37109,466,4,-5.5,0.3863704,0.2248236,0.034063703,0.184563548,5.437162485,0.122359338,-0.138173427,15.12235934