Number,idOriginal,newClusters,xs,ys,point,xVal,yVal,centerX,centerY,distNoSqrt,dist,theta,spiralX,spiralY,spiral7X,spiralGX,spiralGY
0,003o0000005EQJE,5,0.2746,0.25617,1,0,0,-0.06329392,-0.0532988,0.209943239,0.458195634,9.429995113,-0.458189399,-0.002390466,-6.458189399,-2.458189399,0.997609534
1,003o0000005EQJy,5,0.28068,0.23953,2,0.5,0,-0.06329392,-0.0532988,0.204066764,0.451737494,9.319027775,-0.449213934,0.047682335,-6.449213934,-2.449213934,1.047682335
2,003o0000005Cull,5,0.34437,0.30214,3,0.5,-0.5,-0.06329392,-0.0532988,0.292526612,0.540857294,10.80847364,-0.100605365,-0.531418077,-6.100605365,-2.100605365,0.468581923
3,003o0000005EQJt,5,0.31045,0.2584,4,0,-0.5,-0.06329392,-0.0532988,0.23684066,0.486662778,9.913346545,-0.429725966,-0.22842122,-6.429725966,-2.429725966,0.77157878
4,003o0000005EQLB,5,0.21048,0.20525,5,-0.5,-0.5,-0.06329392,-0.0532988,0.141799641,0.376562931,7.989744073,-0.050966201,0.37309796,-6.050966201,-2.050966201,1.37309796
5,003o0000005Bew2,5,0.35616,0.43653,6,-0.5,0,-0.06329392,-0.0532988,0.415873844,0.644882814,12.44172861,0.639879966,-0.080171526,-5.360120034,-1.360120034,0.919828474
6,003o0000005EQJW,5,0.43491,0.35228,7,-0.5,0.5,-0.06329392,-0.0532988,0.412701309,0.642418329,12.40424366,0.633993775,-0.103697647,-5.366006225,-1.366006225,0.896302353
7,003o0000005BefR,5,-0.27503,0.3003,8,0,0.5,-0.06329392,-0.0532988,0.169864279,0.412145944,8.627762333,-0.28802591,0.294797141,-6.28802591,-2.28802591,1.294797141
8,003o0000005EQK8,5,-0.17377,0.42637,9,0.5,0.5,-0.06329392,-0.0532988,0.242287122,0.492226698,10.00673581,-0.411200325,-0.270557599,-6.411200325,-2.411200325,0.729442401
9,003o0000005Befv,5,-0.02718,0.38302,10,1,0.5,-0.06329392,-0.0532988,0.19167831,0.437810816,9.07804225,-0.411755391,0.148781075,-6.411755391,-2.411755391,1.148781075
10,003o0000005EQOB,5,-0.00904,0.52201,11,1,0,-0.06329392,-0.0532988,0.333923703,0.577861318,11.40175835,0.228316914,-0.530843753,-5.771683086,-1.771683086,0.469156247
11,003o0000005EQJl,5,-0.21351,0.50121,12,1,-0.5,-0.06329392,-0.0532988,0.33004488,0.574495326,11.34836983,0.198501073,-0.539112422,-5.801498927,-1.801498927,0.460887578
12,003o0000005EQHo,5,-0.36504,0.22048,13,1,-1,-0.06329392,-0.0532988,0.166005528,0.40743776,8.544271492,-0.259440356,0.314159561,-6.259440356,-2.259440356,1.314159561
13,003o0000005EQOi,5,-0.25287,0.47425,14,0.5,-1,-0.06329392,-0.0532988,0.314246826,0.560577226,11.12639424,0.073125692,-0.555787243,-5.926874308,-1.926874308,0.444212757
14,003o0000005Cue9,5,-0.08351,0.50817,15,0,-1,-0.06329392,-0.0532988,0.315655903,0.561832629,11.14649735,0.084471968,-0.555446118,-5.915528032,-1.915528032,0.444553882
15,003o0000005EQIK,5,-0.44114,0.24681,16,-0.5,-1,-0.06329392,-0.0532988,0.232832952,0.48252767,9.843712898,-0.440799986,-0.196286333,-6.440799986,-2.440799986,0.803713667
16,003o0000005EQKU,5,-0.18574,0.3774,17,-1,-1,-0.06329392,-0.0532988,0.200494499,0.447766121,9.250544051,-0.440986777,0.077621912,-6.440986777,-2.440986777,1.077621912
17,003o0000005Befo,5,-0.41635,-0.44302,18,-1,-0.5,-0.06329392,-0.0532988,0.276531209,0.525862348,10.56399311,-0.219972172,-0.477643647,-6.219972172,-2.219972172,0.522356353
18,003o0000005EQOA,5,0.26755,0.50171,19,-1,0,-0.06329392,-0.0532988,0.417492467,0.64613657,12.46077675,0.642537684,-0.06810134,-5.357462316,-1.357462316,0.93189866
19,003o0000005BeuG,5,-0.16459,0.17237,20,-1,0.5,-0.06329392,-0.0532988,0.061187303,0.247360674,5.525746459,0.179731787,-0.169952311,-5.820268213,-1.820268213,0.830047689
20,003o0000005Be8I,5,-0.17079,0.53589,21,-1,1,-0.06329392,-0.0532988,0.358698849,0.598914726,11.73312757,0.402757621,-0.443266453,-5.597242379,-1.597242379,0.556733547
21,003o0000005Be9m,5,-0.27272,0.33412,22,-0.5,1,-0.06329392,-0.0532988,0.19395261,0.44040051,9.123030179,-0.420502566,0.130882396,-6.420502566,-2.420502566,1.130882396
22,003o0000005Be9P,5,-0.23699,0.33194,23,0,1,-0.06329392,-0.0532988,0.178579261,0.422586395,8.811915495,-0.34567772,0.24307648,-6.34567772,-2.34567772,1.24307648
23,003o0000005Be87,5,-0.22087,0.29177,24,0.5,1,-0.06329392,-0.0532988,0.143902698,0.379345091,8.040220361,-0.070241048,0.372785318,-6.070241048,-2.070241048,1.372785318
24,003o0000005Be8f,5,-0.18907,0.4076,25,1,1,-0.06329392,-0.0532988,0.228247326,0.477752369,9.763056597,-0.450676862,-0.158548705,-6.450676862,-2.450676862,0.841451295
25,003o0000005Be8e,5,-0.11947,0.13764,26,1.5,1,-0.06329392,-0.0532988,0.039613377,0.199031096,4.537845273,-0.0345635,-0.196006994,-6.0345635,-2.0345635,0.803993006
26,003o0000005Be9A,5,-0.08607,0.09379,27,1.5,0.5,-0.06329392,-0.0532988,0.022153865,0.148841744,3.468856403,-0.140942038,-0.047845657,-6.140942038,-2.140942038,0.952154343
27,003o0000005Be6h,5,-0.29118,0.23565,28,1.5,0,-0.06329392,-0.0532988,0.135423474,0.367999286,7.833732431,0.007451183,0.367923843,-5.992548817,-1.992548817,1.367923843
28,003o0000005Be9c,5,-0.29884,0.21908,29,1.5,-0.5,-0.06329392,-0.0532988,0.129672166,0.360100217,7.688959655,0.059155107,0.355208164,-5.940844893,-1.940844893,1.355208164
29,003o0000005Be82,5,-0.10769,0.04947,30,1.5,-1,-0.06329392,-0.0532988,0.012532438,0.111948373,2.652844185,-0.098841588,0.05256214,-6.098841588,-2.098841588,1.05256214
30,003o0000005Be9I,5,-0.24917,0.22439,31,1.5,-1.5,-0.06329392,-0.0532988,0.111660987,0.334157129,7.207493208,0.201291968,0.266725571,-5.798708032,-1.798708032,1.266725571
31,003o0000005Be9t,5,-0.20219,0.16471,32,1,-1.5,-0.06329392,-0.0532988,0.066819958,0.258495567,5.747925319,0.222341355,-0.131849459,-5.777658645,-1.777658645,0.868150541
32,003o0000005EQL4,5,0.28186,0.3209,33,0.5,-1.5,-0.06329392,-0.0532988,0.25915597,0.509073639,10.28739947,-0.331126204,-0.38666705,-6.331126204,-2.331126204,0.61333295
33,003o0000005EQIM,5,0.21299,0.39873,34,0,-1.5,-0.06329392,-0.0532988,0.28066284,0.529776217,10.62803654,-0.190358509,-0.494395063,-6.190358509,-2.190358509,0.505604937
34,003o0000005EQLa,5,-0.13363,0.45252,35,-0.5,-1.5,-0.06329392,-0.0532988,0.260799823,0.51068564,10.31409034,-0.321704481,-0.396618267,-6.321704481,-2.321704481,0.603381733
35,003o0000005EQJi,5,-0.09644,0.32602,36,-1,-1.5,-0.06329392,-0.0532988,0.144981415,0.380764251,8.065928769,-0.080099038,0.372243951,-6.080099038,-2.080099038,1.372243951
36,003o0000005EQ9O,5,0.05097,0.4931,37,-1.5,-1.5,-0.06329392,-0.0532988,0.311607892,0.558218498,11.08857951,0.051842423,-0.555805951,-5.948157577,-1.948157577,0.444194049
37,003o0000005EQNw,5,0.02805,0.46631,38,-1.5,-1,-0.06329392,-0.0532988,0.278337017,0.527576551,10.59206314,-0.207152886,-0.485205831,-6.207152886,-2.207152886,0.514794169
38,003o0000005EQM4,5,0.02634,0.28224,39,-1.5,-0.5,-0.06329392,-0.0532988,0.120620526,0.347304659,7.452651189,0.135672279,0.319708553,-5.864327721,-1.864327721,1.319708553
39,003o0000005EQKL,5,-0.16387,0.49999,40,-1.5,0,-0.06329392,-0.0532988,0.316244044,0.562355798,11.15487023,0.089202624,-0.555235928,-5.910797376,-1.910797376,0.444764072
40,003o0000005EQLE,5,-0.09439,0.54114,41,-1.5,0.5,-0.06329392,-0.0532988,0.354324453,0.595251588,11.67578648,0.374388252,-0.462771963,-5.625611748,-1.625611748,0.537228037
41,003o0000005EQJx,5,-0.26057,0.35133,42,-1.5,1,-0.06329392,-0.0532988,0.202642318,0.450158103,9.291814673,-0.446184736,0.059678294,-6.446184736,-2.446184736,1.059678294
42,003o0000005EQMd,5,-0.33395,0.45826,43,-1.5,1.5,-0.06329392,-0.0532988,0.334947119,0.578746162,11.41577408,0.236095374,-0.528399559,-5.763904626,-1.763904626,0.471600441
43,003o0000005EQO6,5,-0.26399,0.4397,44,-1,1.5,-0.06329392,-0.0532988,0.283326733,0.532284448,10.66899312,-0.170760458,-0.504150374,-6.170760458,-2.170760458,0.495849626
44,003o0000005EQNY,5,0.13316,0.58332,45,-0.5,1.5,-0.06329392,-0.0532988,0.443877639,0.666241427,12.76426119,0.65323871,0.130984071,-5.34676129,-1.34676129,1.130984071
45,003o0000005Begt,5,-0.22096,0.47129,46,0,1.5,-0.06329392,-0.0532988,0.300052002,0.547770026,10.92038006,-0.04115034,-0.546222163,-6.04115034,-2.04115034,0.453777837
46,003o0000005EQN6,5,0.11451,0.36476,47,0.5,1.5,-0.06329392,-0.0532988,0.206387394,0.454298794,9.363096398,-0.453434852,0.028004094,-6.453434852,-2.453434852,1.028004094
47,003o0000005Bemx,5,0.23145,0.4519,48,1,1.5,-0.06329392,-0.0532988,0.342099806,0.584892987,11.51292222,0.289274547,-0.508350315,-5.710725453,-1.710725453,0.491649685
48,003o0000005EQJj,5,0.19529,0.44206,49,1.5,1.5,-0.06329392,-0.0532988,0.312245984,0.55878975,11.09774297,0.05699154,-0.555875839,-5.94300846,-1.94300846,0.444124161
49,003o0000005Beee,5,0.04339,0.5166,50,2,1.5,-0.06329392,-0.0532988,0.336166101,0.579798328,11.43242996,0.24530834,-0.525347427,-5.75469166,-1.75469166,0.474652573
50,003o0000005EQOV,5,0.0684,0.44448,51,2,1,-0.06329392,-0.0532988,0.265127022,0.514904867,10.38381608,-0.295713824,-0.421521478,-6.295713824,-2.295713824,0.578478522
51,003o0000005BedD,5,-0.03412,0.49272,52,2,0.5,-0.06329392,-0.0532988,0.298987648,0.546797629,10.9046687,-0.049638524,-0.544539865,-6.049638524,-2.049638524,0.455460135
52,003o0000005CufK,5,0.15569,0.38988,53,2,0,-0.06329392,-0.0532988,0.244361406,0.494329249,10.04193607,-0.403138554,-0.286078157,-6.403138554,-2.403138554,0.713921843
53,003o0000005EQJh,5,-0.00261,0.4366,54,2,-0.5,-0.06329392,-0.0532988,0.243683372,0.49364296,10.0304519,-0.405833061,-0.281038964,-6.405833061,-2.405833061,0.718961036
54,003o0000005EQMo,5,-0.16238,0.54453,55,2,-1,-0.06329392,-0.0532988,0.367217325,0.605984592,11.84342553,0.454403927,-0.400916945,-5.545596073,-1.545596073,0.599083055
55,003o0000005EQNI,5,-0.28663,0.50997,56,2,-1.5,-0.06329392,-0.0532988,0.367150746,0.605929654,11.84257032,0.454019725,-0.40126903,-5.545980275,-1.545980275,0.59873097
56,003o0000005EQK3,5,-0.11896,0.4883,57,2,-2,-0.06329392,-0.0532988,0.296427973,0.544451993,10.86672876,-0.069956271,-0.539938971,-6.069956271,-2.069956271,0.460061029
57,003o0000005Befi,5,-0.03337,0.46558,58,1.5,-2,-0.06329392,-0.0532988,0.27013065,0.519740945,10.46349724,-0.263677233,-0.447889458,-6.263677233,-2.263677233,0.552110542
58,003o0000005EQMU,5,0.02213,0.40639,59,1,-2,-0.06329392,-0.0532988,0.218611039,0.467558594,9.590004995,-0.461190932,-0.076902297,-6.461190932,-2.461190932,0.923097703
59,003o0000005EQL9,5,-0.0581,0.34605,60,0.5,-2,-0.06329392,-0.0532988,0.159506441,0.399382575,8.400778029,-0.207660328,0.34115045,-6.207660328,-2.207660328,1.34115045
60,003o0000005Cuit,5,-0.0125,0.41151,61,0,-2,-0.06329392,-0.0532988,0.218627243,0.467575922,9.590300175,-0.461185303,-0.077041283,-6.461185303,-2.461185303,0.922958717
61,003o0000005EQLM,5,-0.09961,0.49375,62,-0.5,-2,-0.06329392,-0.0532988,0.300581247,0.548252904,10.92817842,-0.036922014,-0.547008238,-6.036922014,-2.036922014,0.452991762
62,003o0000005CufL,5,0.00911,0.33566,63,-1,-2,-0.06329392,-0.0532988,0.156531276,0.395640336,8.33383331,-0.182646415,0.350958064,-6.182646415,-2.182646415,1.350958064
63,003o0000005EQHu,5,-0.06792,0.45865,64,-1.5,-2,-0.06329392,-0.0532988,0.262112974,0.511969701,10.33533096,-0.313995657,-0.404375694,-6.313995657,-2.313995657,0.595624306
64,003o0000005EQNO,5,-0.06162,0.31336,65,-2,-2,-0.06329392,-0.0532988,0.134441478,0.366662621,7.80929312,0.016380155,0.366296558,-5.983619845,-1.983619845,1.366296558
65,003o0000005EQOQ,5,0.07975,0.39372,66,-2,-1.5,-0.06329392,-0.0532988,0.220287371,0.469347814,9.620465962,-0.460389901,-0.09126067,-6.460389901,-2.460389901,0.90873933
66,003o0000005EQNK,5,-0.0388,0.19932,67,-2,-1,-0.06329392,-0.0532988,0.06441621,0.253803487,5.654543034,0.205283027,-0.149248414,-5.794716973,-1.794716973,0.850751586
67,003o0000005EQHY,5,-0.05766,0.52681,68,-2,-0.5,-0.06329392,-0.0532988,0.336557961,0.580136157,11.43777547,0.248257639,-0.524333964,-5.751742361,-1.751742361,0.475666036
68,003o0000005Beul,5,-0.07514,0.42874,69,-2,0,-0.06329392,-0.0532988,0.232501734,0.482184336,9.837922568,-0.441614706,-0.193592834,-6.441614706,-2.441614706,0.806407166
69,003o0000005EQLv,5,-0.103,0.39173,70,-2,0.5,-0.06329392,-0.0532988,0.199627206,0.446796604,9.233796851,-0.438673159,0.08481194,-6.438673159,-2.438673159,1.08481194
70,003o0000005EQHN,5,-0.06196,0.39613,71,-2,1,-0.06329392,-0.0532988,0.201988026,0.44943078,9.279272838,-0.444681552,0.065163972,-6.444681552,-2.444681552,1.065163972
71,003o0000005EQNo,5,-0.31544,0.29534,72,-2,1.5,-0.06329392,-0.0532988,0.185126659,0.430263476,8.946466901,-0.381976544,0.19804186,-6.381976544,-2.381976544,1.19804186
72,003o0000005EQLP,5,-0.09671,0.1979,73,-2,2,-0.06329392,-0.0532988,0.064217472,0.253411664,5.646729119,0.203795451,-0.150615025,-5.796204549,-1.796204549,0.849384975
73,003o0000005EQ7e,5,-0.07121,0.27046,74,-1.5,2,-0.06329392,-0.0532988,0.104882425,0.323855562,7.013708981,0.241215744,0.216095788,-5.758784256,-1.758784256,1.216095788
74,003o0000005Bees,5,-0.14151,0.33716,75,-1,2,-0.06329392,-0.0532988,0.15857583,0.398215808,8.379925023,-0.199915931,0.344397227,-6.199915931,-2.199915931,1.344397227
75,003o0000005EQJm,5,-0.11967,0.29869,76,-0.5,2,-0.06329392,-0.0532988,0.127074378,0.356474933,7.622234341,0.081874612,0.346945133,-5.918125388,-1.918125388,1.346945133
76,003o0000005EQNk,5,0.15561,0.47727,77,0,2,-0.06329392,-0.0532988,0.329422178,0.573953115,11.33975905,0.193668636,-0.540291252,-5.806331364,-1.806331364,0.459708748
77,003o0000005EQMF,5,0.16316,0.31286,78,0.5,2,-0.06329392,-0.0532988,0.185353645,0.430527171,8.951075679,-0.383119873,0.196399612,-6.383119873,-2.383119873,1.196399612
78,003o0000005Beng,5,0.13517,0.45893,79,1,2,-0.06329392,-0.0532988,0.301766271,0.549332569,10.94560593,-0.027437822,-0.548646915,-6.027437822,-2.027437822,0.451353085
79,003o0000005EQKo,5,0.07876,0.32757,80,1.5,2,-0.06329392,-0.0532988,0.165240359,0.406497674,8.527567381,-0.253570231,0.31771449,-6.253570231,-2.253570231,1.31771449
80,003o0000005EQNm,5,0.18483,0.34694,81,2,2,-0.06329392,-0.0532988,0.221756577,0.47091037,9.647037713,-0.459326829,-0.103804822,-6.459326829,-2.459326829,0.896195178
81,003o0000005EQOZ,5,0.04336,0.42015,82,2.5,2,-0.06329392,-0.0532988,0.235528825,0.48531312,9.890640139,-0.43359554,-0.217999386,-6.43359554,-2.43359554,0.782000614
82,003o0000005CugI,5,0.18007,0.41134,83,2.5,1.5,-0.06329392,-0.0532988,0.275115212,0.524514263,10.54189608,-0.229881287,-0.471454988,-6.229881287,-2.229881287,0.528545012
83,003o0000005CugE,5,-0.04323,0.29247,84,2.5,1,-0.06329392,-0.0532988,0.119958624,0.346350435,7.434938759,0.140925256,0.31638378,-5.859074744,-1.859074744,1.31638378
84,003o0000005Beut,5,0.00641,0.36492,85,2.5,0.5,-0.06329392,-0.0532988,0.179765601,0.423987737,8.836530033,-0.352721414,0.235272619,-6.352721414,-2.352721414,1.235272619
85,003o0000005EQJd,5,0.08739,0.52006,86,2.5,0,-0.06329392,-0.0532988,0.351445957,0.592828776,11.63778849,0.35508664,-0.474720376,-5.64491336,-1.64491336,0.525279624
86,003o0000005EQMl,5,0.136,0.28103,87,2.5,-0.5,-0.06329392,-0.0532988,0.151493813,0.389222061,8.21859806,-0.138793069,0.36363484,-6.138793069,-2.138793069,1.36363484
87,003o0000005Beei,5,0.03642,0.35824,88,2.5,-1,-0.06329392,-0.0532988,0.17930705,0.423446632,8.8270284,-0.350022772,0.238308852,-6.350022772,-2.350022772,1.238308852
88,003o0000005EQJk,5,-0.11349,0.21108,89,2.5,-1.5,-0.06329392,-0.0532988,0.072415796,0.269101833,5.957735797,0.254975897,-0.086041202,-5.745024103,-1.745024103,0.913958798
89,003o0000005EQKz,5,0.16917,0.58072,90,2.5,-2,-0.06329392,-0.0532988,0.456019313,0.67529202,12.89968727,0.638125571,0.220941323,-5.361874429,-1.361874429,1.220941323
90,003o0000005EQMR,5,0.12742,0.53807,91,2.5,-2.5,-0.06329392,-0.0532988,0.386088857,0.621360489,12.08164012,0.549780109,-0.289535298,-5.450219891,-1.450219891,0.710464702
91,003o0000005EQJw,5,0.11988,0.46584,92,2,-2.5,-0.06329392,-0.0532988,0.303057779,0.550506838,10.96454674,-0.017078135,-0.55024187,-6.017078135,-2.017078135,0.44975813
92,003o0000005EQKn,5,-0.38635,0.30521,93,1.5,-2.5,-0.06329392,-0.0532988,0.232893791,0.482590707,9.84477588,-0.440648647,-0.196780488,-6.440648647,-2.440648647,0.803219512
93,003o0000005CueB,5,0.09919,0.46371,94,1,-2.5,-0.06329392,-0.0532988,0.293699124,0.541940148,10.82603649,-0.091439823,-0.534170275,-6.091439823,-2.091439823,0.465829725
94,003o000000FIU6B,5,0.17902,0.49204,95,0.5,-2.5,-0.06329392,-0.0532988,0.356110443,0.5967499,11.69925626,0.386114756,-0.455000921,-5.613885244,-1.613885244,0.544999079
95,003o0000005EQLO,5,0.10494,0.39713,96,0,-2.5,-0.06329392,-0.0532988,0.231188756,0.480820919,9.814915217,-0.444690529,-0.182863581,-6.444690529,-2.444690529,0.817136419
96,003o0000005EQIh,5,0.04667,0.29228,97,-0.5,-2.5,-0.06329392,-0.0532988,0.131516771,0.36265241,7.735827552,0.042749234,0.36012397,-5.957250766,-1.957250766,1.36012397
97,003o0000005EQId,5,-0.24137,0.40864,98,-1,-2.5,-0.06329392,-0.0532988,0.245098545,0.495074283,10.05439732,-0.400144631,-0.291518129,-6.400144631,-2.400144631,0.708481871
98,003o0000005Culm,5,-0.01899,0.54063,99,-1.5,-2.5,-0.06329392,-0.0532988,0.354714257,0.595578926,11.68091583,0.37696422,-0.461098941,-5.62303578,-1.62303578,0.538901059
99,003o0000005Beed,5,-0.12878,0.38664,100,-2,-2.5,-0.06329392,-0.0532988,0.197834574,0.444785987,9.199030121,-0.433500426,0.0995588,-6.433500426,-2.433500426,1.0995588
100,003o0000005CurG,5,0.05171,0.21215,101,-2.5,-2.5,-0.06329392,-0.0532988,0.083688967,0.289290454,6.352300793,0.288599766,0.019978535,-5.711400234,-1.711400234,1.019978535
101,003o0000005Be7e,5,0.01276,0.17067,102,-2.5,-2,-0.06329392,-0.0532988,0.055946222,0.236529538,5.307717393,0.132641199,-0.195838031,-5.867358801,-1.867358801,0.804161969
102,003o0000005Be8H,5,0.03245,0.19365,103,-2.5,-1.5,-0.06329392,-0.0532988,0.070150608,0.264859601,5.874028209,0.242997158,-0.105370722,-5.757002842,-1.757002842,0.894629278
103,003o0000005Be8L,5,-0.21049,0.24843,104,-2.5,-1,-0.06329392,-0.0532988,0.112706955,0.335718565,7.236734945,0.194311253,0.273770144,-5.805688747,-1.805688747,1.273770144
104,003o0000005Be4N,5,-0.35385,0.31166,105,-2.5,-0.5,-0.06329392,-0.0532988,0.217617761,0.466495189,9.57188322,-0.461456817,-0.06837666,-6.461456817,-2.461456817,0.93162334
105,003o0000005Be9E,5,0.11823,0.16206,106,-2.5,0,-0.06329392,-0.0532988,0.079330346,0.281656433,6.203833241,0.280770138,-0.022326572,-5.719229862,-1.719229862,0.977673428
106,003o0000005BeA2,5,-0.04035,0.1112,107,-2.5,0.5,-0.06329392,-0.0532988,0.027586279,0.166091176,3.841432005,-0.127050726,-0.106978464,-6.127050726,-2.127050726,0.893021536
107,003o0000005Be8K,5,-0.37607,0.39098,108,-2.5,1,-0.06329392,-0.0532988,0.295212528,0.543334638,10.84863561,-0.079549889,-0.537479621,-6.079549889,-2.079549889,0.462520379
108,003o0000005BeA0,5,-0.19368,0.31487,109,-2.5,1.5,-0.06329392,-0.0532988,0.152548795,0.390574955,8.24293245,-0.148112978,0.361401911,-6.148112978,-2.148112978,1.361401911
109,003o0000005Be9u,5,-0.4432,0.15335,110,-2.5,2,-0.06329392,-0.0532988,0.187032356,0.432472376,8.985047144,-0.391329673,0.18410172,-6.391329673,-2.391329673,1.18410172
110,003o0000005BeA1,5,-0.13857,0.21908,111,-2.5,2.5,-0.06329392,-0.0532988,0.079856699,0.282589276,6.222022664,0.282060876,-0.017273133,-5.717939124,-1.717939124,0.982726867
111,003o0000005Be8J,5,-0.02124,0.23735,112,-2,2.5,-0.06329392,-0.0532988,0.086245257,0.293675428,6.437183408,0.290199987,0.045046913,-5.709800013,-1.709800013,1.045046913
112,003o0000005Be93,5,-0.09779,0.25823,113,-1.5,2.5,-0.06329392,-0.0532988,0.098240173,0.313432884,6.816105794,0.269968202,0.15923989,-5.730031798,-1.730031798,1.15923989
113,003o0000005Be8m,5,-0.05307,0.24546,114,-1,2.5,-0.06329392,-0.0532988,0.089361349,0.298933687,6.538592175,0.289236453,0.075522337,-5.710763547,-1.710763547,1.075522337
114,003o0000005Be6f,5,0.06481,0.29676,115,-0.5,2.5,-0.06329392,-0.0532988,0.138951778,0.372762361,7.920625792,-0.024824048,0.371934866,-6.024824048,-2.024824048,1.371934866
115,003o0000005EQNd,5,-0.25856,0.15879,116,0,2.5,-0.06329392,-0.0532988,0.083110501,0.288288919,6.332872972,0.28793312,0.01431851,-5.71206688,-1.71206688,1.01431851
116,003o0000005EQMT,5,-0.21886,0.19975,117,0.5,2.5,-0.06329392,-0.0532988,0.0882345,0.297042927,6.502175047,0.289948775,0.064530675,-5.710051225,-1.710051225,1.064530675
117,003o0000005EQLA,5,-0.31818,-0.41147,118,1,2.5,-0.06329392,-0.0532988,0.193253522,0.439606099,9.109238345,-0.417902332,0.136422737,-6.417902332,-2.417902332,1.136422737
118,003o0000005Bebs,5,0.34818,0.54068,119,1.5,2.5,-0.06329392,-0.0532988,0.522121602,0.722579824,13.59557662,0.372489449,0.619171392,-5.627510551,-1.627510551,1.619171392
119,003o0000005Bes3,5,-0.44492,0.35599,120,2,2.5,-0.06329392,-0.0532988,0.313155787,0.55960324,11.1107864,0.06433053,-0.555893308,-5.93566947,-1.93566947,0.444106692
120,003o0000005Be9j,5,-0.36281,0.23121,121,2.5,2.5,-0.06329392,-0.0532988,0.170655139,0.413104272,8.644722392,-0.293665275,0.290544052,-6.293665275,-2.293665275,1.290544052
121,003o0000005Be8l,5,-0.32263,0.39162,122,3,2.5,-0.06329392,-0.0532988,0.265207941,0.514983438,10.38511267,-0.295212076,-0.421968922,-6.295212076,-2.295212076,0.578031078
122,003o0000005Be9l,5,-0.32973,0.17833,123,3,2,-0.06329392,-0.0532988,0.124640086,0.353044028,7.558922242,0.10266403,0.337787186,-5.89733597,-1.89733597,1.337787186
123,003o0000005Be85,5,-0.50882,0.22557,124,3,1.5,-0.06329392,-0.0532988,0.276261296,0.525605646,10.55978691,-0.221870926,-0.476481467,-6.221870926,-2.221870926,0.523518533
124,003o0000005Be9b,5,-0.46107,0.27414,125,3,1,-0.06329392,-0.0532988,0.265441978,0.515210615,10.38886122,-0.29375776,-0.423259207,-6.29375776,-2.29375776,0.576740793
125,003o0000005BegW,0,-0.35359,0.14892,126,3,0.5,-0.33214761,-0.11164283,0.068352764,0.261443616,5.806419807,0.232288445,-0.11997851,-3.767711555,-1.267711555,-0.51997851
126,003o0000005EQHb,0,-0.21129,0.09416,127,3,0,-0.33214761,-0.11164283,0.056961367,0.238665806,5.350870927,0.142239362,-0.191648978,-3.857760638,-1.357760638,-0.591648978
127,003o0000005EQJX,0,-0.4548,0.16853,128,3,-0.5,-0.33214761,-0.11164283,0.093540423,0.305843789,6.671235341,0.283103892,0.115726443,-3.716896108,-1.216896108,-0.284273557
128,003o0000005EQMn,0,-0.38531,0.14194,129,3,-1,-0.33214761,-0.11164283,0.067130491,0.259095526,5.759840659,0.224416222,-0.129490737,-3.775583778,-1.275583778,-0.529490737
129,003o0000005Befp,0,-0.47371,0.33744,130,3,-1.5,-0.33214761,-0.11164283,0.221715298,0.47086654,9.646292752,-0.459361273,-0.103452982,-4.459361273,-1.959361273,-0.503452982
130,003o0000005Bevh,0,-0.41241,0.20784,131,3,-2,-0.33214761,-0.11164283,0.10851133,0.32941058,7.118391768,0.221042609,0.244236555,-3.778957391,-1.278957391,-0.155763445
131,003o0000005Be9S,0,-0.55207,0.04011,132,3,-2.5,-0.33214761,-0.11164283,0.071394779,0.267198015,5.920204384,0.249788077,-0.094871995,-3.750211923,-1.250211923,-0.494871995
132,003o0000005Be91,0,-0.24121,-0.00575,133,3,-3,-0.33214761,-0.11164283,0.01948294,0.139581304,3.266522938,-0.138493457,-0.017392607,-4.138493457,-1.638493457,-0.417392607
133,003o0000005Be7z,0,-0.49597,0.05268,134,2.5,-3,-0.33214761,-0.11164283,0.053839768,0.23203398,5.21666115,0.112111936,-0.203151869,-3.887888064,-1.387888064,-0.603151869
134,003o0000005Be8q,0,-0.38746,0.06186,135,2,-3,-0.33214761,-0.11164283,0.033162693,0.182106267,4.182445485,-0.092051911,-0.157127776,-4.092051911,-1.592051911,-0.557127776
135,003o0000005Be9D,0,-0.19089,0.02259,136,1.5,-3,-0.33214761,-0.11164283,0.037972165,0.194864479,4.450819299,-0.050391401,-0.188236213,-4.050391401,-1.550391401,-0.588236213
136,003o0000005Be6b,0,-0.17586,-0.27748,137,1,-3,-0.33214761,-0.11164283,0.051927784,0.227876686,5.132160152,0.092871485,-0.208092939,-3.907128515,-1.407128515,-0.608092939
137,003o0000005Be6i,0,-0.38029,-0.02357,138,0.5,-3,-0.33214761,-0.11164283,0.010074513,0.100371874,2.39120475,-0.073414438,0.068445843,-4.073414438,-1.573414438,-0.331554157
138,003o0000005Be6k,0,-0.23999,0.03627,139,0,-3,-0.33214761,-0.11164283,0.03037123,0.174273436,4.016240092,-0.111755877,-0.133723051,-4.111755877,-1.611755877,-0.533723051
139,003o0000005Be6v,0,-0.50585,-0.17698,140,-0.5,-3,-0.33214761,-0.11164283,0.034441466,0.185584121,4.255889562,-0.081807093,-0.166580508,-4.081807093,-1.581807093,-0.566580508
140,003o0000005Be9q,0,-0.18931,-0.01744,141,-1,-3,-0.33214761,-0.11164283,0.029276756,0.171104518,3.948683395,-0.118336338,-0.12358506,-4.118336338,-1.618336338,-0.52358506
141,003o0000005Be8s,0,-0.41705,0.02088,142,-1.5,-3,-0.33214761,-0.11164283,0.024770716,0.157387154,3.654125281,-0.137163745,-0.077180459,-4.137163745,-1.637163745,-0.477180459
142,003o0000005Be8b,0,-0.43933,0.01108,143,-2,-3,-0.33214761,-0.11164283,0.026548958,0.162938509,3.773749986,-0.1314514,-0.096278177,-4.1314514,-1.6314514,-0.496278177
143,003o0000005Be9p,0,-0.22948,-0.14432,144,-2.5,-3,-0.33214761,-0.11164283,0.011608436,0.10774245,2.558102892,-0.089915933,0.059359588,-4.089915933,-1.589915933,-0.340640412
144,003o0000005Be3L,0,-0.2035,-0.10241,145,-3,-3,-0.33214761,-0.11164283,0.016635453,0.128978497,3.032830975,-0.128216399,0.014000278,-4.128216399,-1.628216399,-0.385999722
145,003o0000005BebU,0,-0.29186,-0.32467,146,-3,-2.5,-0.33214761,-0.11164283,0.047003667,0.21680329,4.90567915,0.04164549,-0.21276588,-3.95835451,-1.45835451,-0.61276588
146,003o0000005EQHv,0,-0.23456,-0.22923,147,-3,-2,-0.33214761,-0.11164283,0.023350084,0.152807343,3.555003392,-0.139934232,-0.061388068,-4.139934232,-1.639934232,-0.461388068
147,003o0000005EQIb,0,-0.20471,-0.21766,148,-3,-1.5,-0.33214761,-0.11164283,0.027479985,0.16577088,3.834564202,-0.127536011,-0.105898775,-4.127536011,-1.627536011,-0.505898775
148,003o0000005EQJP,0,-0.52142,0.19031,149,-3,-1,-0.33214761,-0.11164283,0.126999549,0.356369961,7.620299624,0.082521391,0.346683961,-3.917478609,-1.417478609,-0.053316039
149,003o0000005EQKx,0,-0.23572,-0.118,150,-3,-0.5,-0.33214761,-0.11164283,0.009338698,0.096636937,2.306204164,-0.06483272,0.071661816,-4.06483272,-1.56483272,-0.328338184
150,003o0000005EQCU,0,-0.27808,0.0748,151,-3,0,-0.33214761,-0.11164283,0.037684235,0.194124278,4.435327375,-0.053098911,-0.186721024,-4.053098911,-1.553098911,-0.586721024
151,003o0000005EQJz,0,-0.26276,0.09581,152,-3,0.5,-0.33214761,-0.11164283,0.047851317,0.218749439,4.945632077,0.050560436,-0.212826125,-3.949439564,-1.449439564,-0.612826125
152,003o0000005Be8o,0,-0.15357,0.0874,153,-3,1,-0.33214761,-0.11164283,0.071508011,0.267409818,5.924382619,0.250380609,-0.093901873,-3.749619391,-1.249619391,-0.493901873
153,003o0000005Be8h,0,-0.30499,0.19251,154,-3,1.5,-0.33214761,-0.11164283,0.09324648,0.305362866,6.662026504,0.283710756,0.112936649,-3.716289244,-1.216289244,-0.287063351
154,003o0000005Be9k,0,-0.10471,0.07244,155,-3,2,-0.33214761,-0.11164283,0.085614355,0.292599307,6.416378952,0.290007706,0.038857239,-3.709992294,-1.209992294,-0.361142761
155,003o0000005Be7E,0,-0.51516,-0.06999,156,-3,2.5,-0.33214761,-0.11164283,0.035228493,0.18769255,4.300309768,-0.075173748,-0.171980815,-4.075173748,-1.575173748,-0.571980815
156,003o0000005Be7l,0,-0.31678,-0.2683,157,-3,3,-0.33214761,-0.11164283,0.024777632,0.157409124,3.654599835,-0.137146245,-0.077256325,-4.137146245,-1.637146245,-0.477256325
157,003o0000005Be6c,0,-0.35056,-0.38269,158,-2.5,3,-0.33214761,-0.11164283,0.073805584,0.271671832,6.008310954,0.261473084,-0.073738801,-3.738526916,-1.238526916,-0.473738801
158,003o0000005Be6d,0,-0.44157,-0.16697,159,-2,3,-0.33214761,-0.11164283,0.015034355,0.122614661,2.89151209,-0.118800424,0.030344924,-4.118800424,-1.618800424,-0.369655076
159,003o0000005Be8G,0,-0.57068,-0.13186,160,-1.5,3,-0.33214761,-0.11164283,0.057306435,0.239387625,5.365435172,0.145453984,-0.190130412,-3.854546016,-1.354546016,-0.590130412
160,003o0000005Be9h,0,-0.50166,0.02105,161,-1,3,-0.33214761,-0.11164283,0.046341837,0.215271544,4.874188613,0.034679082,-0.212459876,-3.965320918,-1.465320918,-0.612459876
161,003o0000005Be8N,0,-0.32343,0.13153,162,-0.5,3,-0.33214761,-0.11164283,0.059209022,0.243329041,5.444812308,0.162707676,-0.18092881,-3.837292324,-1.337292324,-0.58092881
162,003o0000005Be6e,0,-0.48579,-0.27835,163,0,3,-0.33214761,-0.11164283,0.051397265,0.226709648,5.108387552,0.087448639,-0.209165007,-3.912551361,-1.412551361,-0.609165007
163,003o0000005Be6g,0,-0.51159,-0.01923,164,0.5,3,-0.33214761,-0.11164283,0.040739702,0.201840785,4.596359223,-0.023367024,-0.200483627,-4.023367024,-1.523367024,-0.600483627
164,003o0000005Be7N,0,-0.52537,-0.25962,165,1,3,-0.33214761,-0.11164283,0.059232135,0.243376529,5.445767154,0.162912148,-0.180808647,-3.837087852,-1.337087852,-0.580808647
165,003o0000005Be7O,0,-0.49777,-0.24824,166,1.5,3,-0.33214761,-0.11164283,0.046089563,0.214684799,4.862115461,0.032024033,-0.212282887,-3.967975967,-1.467975967,-0.612282887
166,003o0000005Be7T,0,-0.26412,-0.09913,167,2,3,-0.33214761,-0.11164283,0.004784327,0.069168827,1.672038737,-0.006990862,0.068814639,-4.006990862,-1.506990862,-0.331185361
167,003o0000005Be9Z,0,-0.15458,-0.18165,168,2.5,3,-0.33214761,-0.11164283,0.03643126,0.190869746,4.367097981,-0.064603781,-0.179604041,-4.064603781,-1.564603781,-0.579604041
168,003o0000005Be9W,0,-0.39149,-0.00045,169,3,3,-0.33214761,-0.11164283,0.015885365,0.126037156,2.967613185,-0.124134462,0.021817423,-4.124134462,-1.624134462,-0.378182577
169,003o0000005Be9d,0,-0.34382,-0.1126,170,3.5,3,-0.33214761,-0.11164283,0.000137161,0.01171157,0.291087999,0.01121889,0.003361158,-3.98878111,-1.48878111,-0.396638842
170,003o0000005Be9O,0,-0.37898,0.08709,171,3.5,2.5,-0.33214761,-0.11164283,0.04168801,0.20417642,4.644896609,-0.013769891,-0.203711562,-4.013769891,-1.513769891,-0.603711562
171,003o0000005Be88,0,-0.47947,-0.0887,172,3.5,2,-0.33214761,-0.11164283,0.02223026,0.149098156,3.474435558,-0.140915246,-0.048715023,-4.140915246,-1.640915246,-0.448715023
172,003o0000005Be8D,0,-0.26682,0.01931,173,3.5,1.5,-0.33214761,-0.11164283,0.02141634,0.146343228,3.414426853,-0.140930146,-0.039433921,-4.140930146,-1.640930146,-0.439433921
173,003o0000005Be8Q,0,-0.22674,0.02861,174,3.5,1,-0.33214761,-0.11164283,0.030781621,0.175446917,4.041210747,-0.109112031,-0.13739063,-4.109112031,-1.609112031,-0.53739063
174,003o0000005Be7o,0,-0.49005,0.07669,175,3.5,0.5,-0.33214761,-0.11164283,0.06040242,0.245769037,5.493825994,0.173095203,-0.174471976,-3.826904797,-1.326904797,-0.574471976
175,003o0000005Be9L,0,-0.36,0.00017,176,3.5,0,-0.33214761,-0.11164283,0.013277865,0.115229617,2.726507951,-0.105444567,0.046468353,-4.105444567,-1.605444567,-0.353531647
176,003o0000005Be7x,0,-0.54972,0.08914,177,3.5,-0.5,-0.33214761,-0.11164283,0.08765149,0.296059943,6.483221225,0.290156342,0.058828453,-3.709843658,-1.209843658,-0.341171547
177,003o0000005Be9U,0,-0.22618,-0.38221,178,3.5,-1,-0.33214761,-0.11164283,0.084435728,0.290578265,6.377259626,0.289293407,0.02729565,-3.710706593,-1.210706593,-0.37270435
178,003o0000005Be80,0,-0.33614,0.0636,179,3.5,-1.5,-0.33214761,-0.11164283,0.030725989,0.175288302,4.037837012,-0.109475866,-0.136897858,-4.109475866,-1.609475866,-0.536897858
179,003o0000005Be89,0,-0.21481,-0.48716,180,3.5,-2,-0.33214761,-0.11164283,0.15478126,0.393422495,8.294073689,-0.167606933,0.355934229,-4.167606933,-1.667606933,-0.044065771
180,003o0000005Be8w,0,-0.51589,0.13932,181,3.5,-2.5,-0.33214761,-0.11164283,0.096743608,0.311036345,6.770448188,0.274837223,0.14563004,-3.725162777,-1.225162777,-0.25436996
181,003o0000005Be7s,0,-0.48466,0.26135,182,3.5,-3,-0.33214761,-0.11164283,0.16238368,0.402968585,8.464760236,-0.231104686,0.330112563,-4.231104686,-1.731104686,-0.069887437
182,003o0000005Be7v,0,-0.45318,0.12836,183,3.5,-3.5,-0.33214761,-0.11164283,0.072250198,0.268793969,5.951670467,0.254158241,-0.087485921,-3.745841759,-1.245841759,-0.487485921
183,003o0000005Be9M,0,-0.24834,-0.17354,184,3,-3.5,-0.33214761,-0.11164283,0.010854975,0.104187212,2.47773774,-0.082060229,0.064195747,-4.082060229,-1.582060229,-0.335804253
184,003o0000005Be8r,0,-0.30324,-0.22233,185,2.5,-3.5,-0.33214761,-0.11164283,0.0130873,0.114399736,2.707897657,-0.103808518,0.048073809,-4.103808518,-1.603808518,-0.351926191
185,003o0000005Bdzb,0,-0.15568,-0.40553,186,2,-3.5,-0.33214761,-0.11164283,0.117510486,0.342798025,7.368887886,0.159843735,0.303249842,-3.840156265,-1.340156265,-0.096750158
186,003o0000005Be84,0,-0.28826,-0.22915,187,1.5,-3.5,-0.33214761,-0.11164283,0.015734057,0.125435471,2.954251146,-0.123240707,0.023362053,-4.123240707,-1.623240707,-0.376637947
187,003o0000005Be8u,0,-0.29858,-0.37888,188,1,-3.5,-0.33214761,-0.11164283,0.072542489,0.26933713,5.962370479,0.255595222,-0.084932749,-3.744404778,-1.244404778,-0.484932749
188,003o0000005Be98,0,-0.3655,-0.23962,189,0.5,-3.5,-0.33214761,-0.11164283,0.017490538,0.132251798,3.105209776,-0.132164275,0.004810639,-4.132164275,-1.632164275,-0.395189361
189,003o0000005Be8x,0,-0.21635,-0.58722,190,0,-3.5,-0.33214761,-0.11164283,0.239582731,0.48947189,9.960540522,-0.42088689,-0.249873882,-4.42088689,-1.92088689,-0.649873882
190,003o0000005Be8a,0,-0.4813,-0.36959,191,-0.5,-3.5,-0.33214761,-0.11164283,0.088783178,0.297965062,6.519942521,0.289652934,0.069888164,-3.710347066,-1.210347066,-0.330111836
191,003o0000005Be9H,0,-0.28587,-0.50389,192,-1,-3.5,-0.33214761,-0.11164283,0.15599946,0.394967669,8.321780967,-0.178100064,0.352533441,-4.178100064,-1.678100064,-0.047466559
192,003o0000005Be7n,0,0.03149,-0.23238,193,-1.5,-3.5,-0.33214761,-0.11164283,0.146809776,0.383157638,8.109225722,-0.096740252,0.370743981,-4.096740252,-1.596740252,-0.029256019
193,003o0000005Be8g,0,-0.07241,-0.15261,194,-2,-3.5,-0.33214761,-0.11164283,0.069141935,0.262948541,5.836227471,0.237118098,-0.113652727,-3.762881902,-1.262881902,-0.513652727
194,003o0000005Be9n,0,-0.29205,-0.01618,195,-2.5,-3.5,-0.33214761,-0.11164283,0.01072097,0.103542118,2.463127845,-0.080611382,0.064982884,-4.080611382,-1.580611382,-0.335017116
195,003o0000005Be96,0,-0.15397,-0.22007,196,-3,-3.5,-0.33214761,-0.11164283,0.043503712,0.208575435,4.73605848,0.004936415,-0.208517011,-3.995063585,-1.495063585,-0.608517011
196,003o0000005Beph,0,-0.471,-0.17194,197,-3.5,-3.5,-0.33214761,-0.11164283,0.022915735,0.15137944,3.524018419,-0.140444113,-0.056490583,-4.140444113,-1.640444113,-0.456490583
197,003o0000005Cue6,0,-0.43513,-0.32936,198,-3.5,-3,-0.33214761,-0.11164283,0.058006139,0.240844636,5.394807648,0.151893938,-0.186907385,-3.848106062,-1.348106062,-0.586907385
198,003o0000005Bens,0,-0.412,-0.3237,199,-3.5,-2.5,-0.33214761,-0.11164283,0.051344648,0.226593573,5.106021872,0.086909057,-0.209264099,-3.913090943,-1.413090943,-0.609264099
199,003o0000005EQHe,0,-0.30553,-0.08098,200,-3.5,-2,-0.33214761,-0.11164283,0.001648706,0.040604265,0.995039203,0.022107804,0.034058058,-3.977892196,-1.477892196,-0.365941942
200,003o0000005Cuim,0,-0.34263,-0.15001,201,-3.5,-1.5,-0.33214761,-0.11164283,0.00158192,0.039773361,0.975069179,0.022317262,0.03292203,-3.977682738,-1.477682738,-0.36707797
201,003o0000005EQNf,0,-0.45023,-0.19906,202,-3.5,-1,-0.33214761,-0.11164283,0.021585212,0.146919068,3.426981891,-0.140976506,-0.041362267,-4.140976506,-1.640976506,-0.441362267
202,003o0000005EQJZ,0,-0.36344,-0.19303,203,-3.5,-0.5,-0.33214761,-0.11164283,0.007603085,0.087195671,2.090040061,-0.043268558,0.07570282,-4.043268558,-1.543268558,-0.32429718
203,003o0000005Be73,0,-0.28149,-0.13992,204,-3.5,0,-0.33214761,-0.11164283,0.003365792,0.058015444,1.409873278,0.00929578,0.057265874,-3.99070422,-1.49070422,-0.342734126
204,003o0000005Be75,0,-0.41232,-0.29037,205,-3.5,0.5,-0.33214761,-0.11164283,0.038371013,0.195885205,4.472166705,-0.046604719,-0.190260384,-4.046604719,-1.546604719,-0.590260384
205,003o0000005Be76,0,-0.41633,-0.2668,206,-3.5,1,-0.33214761,-0.11164283,0.031160422,0.176523149,4.064090132,-0.106590198,-0.140708749,-4.106590198,-1.606590198,-0.540708749
206,003o0000005Be77,0,-0.47954,-0.29914,207,-3.5,1.5,-0.33214761,-0.11164283,0.056879705,0.238494665,5.347416564,0.141474969,-0.192001402,-3.858525031,-1.358525031,-0.592001402
207,003o0000005Be79,0,-0.48807,-0.13329,208,-3.5,2,-0.33214761,-0.11164283,0.024780392,0.157417889,3.654789149,-0.137139253,-0.077286591,-4.137139253,-1.637139253,-0.477286591
208,003o0000005Be7B,0,-0.37715,-0.36469,209,-3.5,2.5,-0.33214761,-0.11164283,0.066058085,0.257017675,5.718549773,0.217124339,-0.137532203,-3.782875661,-1.282875661,-0.537532203
209,003o0000005Be7C,0,-0.38666,-0.18774,210,-3.5,3,-0.33214761,-0.11164283,0.00876238,0.093607585,2.237048552,-0.05785361,0.073588992,-4.05785361,-1.55785361,-0.326411008
210,003o0000005Be7D,0,-0.3677,-0.05533,211,-3.5,3.5,-0.33214761,-0.11164283,0.004435107,0.066596601,1.611820809,-0.002731325,0.066540567,-4.002731325,-1.502731325,-0.333459433
211,003o0000005Be7F,0,-0.30441,-0.11245,212,-3,3.5,-0.33214761,-0.11164283,0.000770027,0.027749352,0.684282905,0.021502211,0.017540851,-3.978497789,-1.478497789,-0.382459149
212,003o0000005Be7I,0,-0.25584,-0.30082,213,-2.5,3.5,-0.33214761,-0.11164283,0.041610853,0.203987384,4.640971719,-0.01455584,-0.203467394,-4.01455584,-1.51455584,-0.603467394
213,003o0000005Be7H,0,-0.1971,-0.32795,214,-2,3.5,-0.33214761,-0.11164283,0.065026649,0.255003233,5.678453714,0.209779615,-0.144979867,-3.790220385,-1.290220385,-0.544979867
214,003o0000005Be7K,0,-0.23844,-0.41149,215,-1.5,3.5,-0.33214761,-0.11164283,0.098689442,0.314148757,6.829728074,0.2683856,0.163274649,-3.7316144,-1.2316144,-0.236725351
215,003o0000005Be7L,0,-0.27557,-0.42344,216,-1,3.5,-0.33214761,-0.11164283,0.100418501,0.316888784,6.881799311,0.261787343,0.178566202,-3.738212657,-1.238212657,-0.221433798
216,003o0000005EQFg,0,0.54182,-0.06777,217,-0.5,3.5,-0.33214761,-0.11164283,0.765744209,0.875068117,15.71612469,-0.875038973,-0.00714172,-4.875038973,-2.375038973,-0.40714172
217,003o0000005Be0X,1,0.08427,-0.03095,218,0,3.5,0.22142381,0.00219667,0.019909869,0.141102336,3.299868923,-0.139338619,-0.022240022,-2.139338619,-0.889338619,-1.822240022
218,003o0000005Be0E,1,0.03215,-0.08435,219,0.5,3.5,0.22142381,0.00219667,0.043314901,0.208122323,4.726683874,0.002974985,-0.208101059,-1.997025015,-0.747025015,-2.008101059
219,003o0000005BdyE,1,0.14645,0.03598,220,1,3.5,0.22142381,0.00219667,0.006762386,0.082233725,1.975679234,-0.03239278,0.075585008,-2.03239278,-0.78239278,-1.724414992
220,003o0000005Bdzo,1,0.23326,0.09099,221,1.5,3.5,0.22142381,0.00219667,0.008024351,0.089578741,2.144778636,-0.048639507,0.075223329,-2.048639507,-0.798639507,-1.724776671
221,003o0000005Be0O,1,0.26014,0.01836,222,2,3.5,0.22142381,0.00219667,0.001760197,0.041954697,1.027461637,0.021690298,0.035912777,-1.978309702,-0.728309702,-1.764087223
222,003o0000005BdxY,1,0.49501,-0.18916,223,2.5,3.5,0.22142381,0.00219667,0.111466779,0.333866408,7.202044967,0.202565771,0.265393834,-1.797434229,-0.547434229,-1.534606166
223,003o0000005Bdxl,1,0.23694,-0.07904,224,3,3.5,0.22142381,0.00219667,0.006840149,0.082705192,1.986567908,-0.033404287,0.075659119,-2.033404287,-0.783404287,-1.724340881
224,003o0000005BdxN,1,0.34496,0.17698,225,3.5,3.5,0.22142381,0.00219667,0.045810403,0.214033648,4.848710232,0.029087049,-0.212047981,-1.970912951,-0.720912951,-2.012047981
225,003o0000005Bdxq,1,0.43222,0.08101,226,4,3.5,0.22142381,0.00219667,0.050646575,0.225047939,5.074499421,0.079722918,-0.210453869,-1.920277082,-0.670277082,-2.010453869
226,003o0000005Bdxe,1,0.29725,0.06895,227,4,3,0.22142381,0.00219667,0.010205618,0.10102286,2.405990502,-0.074901058,0.067789746,-2.074901058,-0.824901058,-1.732210254
227,003o0000005Be3V,1,-0.39881,0.25579,228,4,2.5,0.22142381,0.00219667,0.448999556,0.670074291,12.82170278,0.648350117,0.169238535,-1.351649883,-0.101649883,-1.630761465
228,003o0000005Be0Y,1,0.41632,-0.01046,229,4,2,0.22142381,0.00219667,0.038144716,0.195306723,4.460070617,-0.048758242,-0.189122579,-2.048758242,-0.798758242,-1.989122579
229,003o0000005BdxU,1,-0.03488,-0.50394,230,4,1.5,0.22142381,0.00219667,0.321865972,0.567332329,11.23437552,0.134195681,-0.551232701,-1.865804319,-0.615804319,-2.351232701
230,003o0000005Be3N,1,0.14311,0.07467,231,4,1,0.22142381,0.00219667,0.011385436,0.10670256,2.534623196,-0.087643386,0.060861098,-2.087643386,-0.837643386,-1.739138902
231,003o0000005Be2d,1,0.0916,0.02426,232,4,0.5,0.22142381,0.00219667,0.017341012,0.131685277,3.092697931,-0.131527899,0.00643615,-2.131527899,-0.881527899,-1.79356385
232,003o0000005Be3Z,1,0.07859,-0.13588,233,4,0,0.22142381,0.00219667,0.039466664,0.198662186,4.530152244,-0.036003493,-0.195372497,-2.036003493,-0.786003493,-1.995372497
233,003o0000005Be3Y,1,0.17276,-0.0188,234,4,-0.5,0.22142381,0.00219667,0.002809027,0.053000251,1.291086776,0.014632124,0.050940431,-1.985367876,-0.735367876,-1.749059569
234,003o0000005BefY,1,0.37825,0.07681,235,4,-1,0.22142381,0.00219667,0.030161603,0.173670962,4.003410272,-0.113070029,-0.131820982,-2.113070029,-0.863070029,-1.931820982
235,003o0000005Beg3,1,0.41781,-0.11665,236,4,-1.5,0.22142381,0.00219667,0.052692067,0.229547526,5.166155912,0.100623159,-0.206317829,-1.899376841,-0.649376841,-2.006317829
236,003o0000005BelE,1,0.47689,-0.05197,237,4,-2,0.22142381,0.00219667,0.068197002,0.261145558,5.80051202,0.231311581,-0.121210375,-1.768688419,-0.518688419,-1.921210375
237,003o0000005BelS,1,0.28412,-0.23929,238,4,-2.5,0.22142381,0.00219667,0.062246624,0.249492733,5.568441392,0.188432159,-0.163523532,-1.811567841,-0.561567841,-1.963523532
238,003o0000005Bep8,1,0.45627,-0.03261,239,4,-3,0.22142381,0.00219667,0.056364237,0.237411536,5.325543163,0.13661845,-0.194163942,-1.86338155,-0.61338155,-1.994163942
239,003o0000005CufZ,1,0.42583,0.20796,240,4,-3.5,0.22142381,0.00219667,0.084120438,0.290035237,6.36673833,0.289023442,0.024205135,-1.710976558,-0.460976558,-1.775794865
240,003o0000005CugD,1,0.42071,-0.07856,241,4,-4,0.22142381,0.00219667,0.046236625,0.215027034,4.869158165,0.033571705,-0.212390127,-1.966428295,-0.716428295,-2.012390127
241,003o0000005Cugm,1,0.19216,-0.03277,242,3.5,-4,0.22142381,0.00219667,0.002079039,0.045596476,1.114687816,0.020083322,0.0409353,-1.979916678,-0.729916678,-1.7590647
242,003o0000005CuiH,1,0.21198,0.00714,243,3,-4,0.22142381,0.00219667,0.000113622,0.010659365,0.265073858,0.010287067,0.002792546,-1.989712933,-0.739712933,-1.797207454
243,003o0000005EQCP,1,0.4225,0.28518,244,2.5,-4,0.22142381,0.00219667,0.120511199,0.34714723,7.449729839,0.136543758,0.319166103,-1.863456242,-0.613456242,-1.480833897
244,003o0000005EQDo,1,0.45855,-0.07007,245,2,-4,0.22142381,0.00219667,0.061451302,0.24789373,5.53642786,0.181928036,-0.16838495,-1.818071964,-0.568071964,-1.96838495
245,003o0000005EQEL,1,0.37722,0.0261,246,1.5,-4,0.22142381,0.00219667,0.024843822,0.157619231,3.659137727,-0.136976844,-0.077981832,-2.136976844,-0.886976844,-1.877981832
246,003o0000005EQHR,1,0.29617,-0.01565,247,1,-4,0.22142381,0.00219667,0.005905497,0.076847229,1.850938478,-0.021247664,0.073851427,-2.021247664,-0.771247664,-1.726148573
247,003o0000005EQIm,1,0.29697,0.17373,248,0.5,-4,0.22142381,0.00219667,0.03513091,0.187432415,4.294833537,-0.076008931,-0.171328785,-2.076008931,-0.826008931,-1.971328785
248,003o0000005EQIT,1,0.33412,0.08163,249,0,-4,0.22142381,0.00219667,0.019010085,0.137877065,3.229107574,-0.137349412,-0.012050904,-2.137349412,-0.887349412,-1.812050904
249,003o0000005EQIt,1,0.38146,0.26873,250,-0.5,-4,0.22142381,0.00219667,0.096651598,0.310888401,6.767626909,0.275116071,0.14478517,-1.724883929,-0.474883929,-1.65521483
250,003o0000005EQKX,1,0.40514,-0.05487,251,-1,-4,0.22142381,0.00219667,0.037008243,0.192375267,4.398683507,-0.059364195,-0.182986709,-2.059364195,-0.809364195,-1.982986709
251,003o0000005EQLu,1,0.5741,-0.0187,252,-1.5,-4,0.22142381,0.00219667,0.124817166,0.353294729,7.563553986,0.101170182,0.338499276,-1.898829818,-0.648829818,-1.461500724
252,003o0000005EQNM,1,0.49605,-0.11444,253,-2,-4,0.22142381,0.00219667,0.089023657,0.298368324,6.527708527,0.28949272,0.072233108,-1.71050728,-0.46050728,-1.727766892
253,003o0000005EQNq,1,0.50264,0.00798,254,-2.5,-4,0.22142381,0.00219667,0.079115992,0.281275652,6.19640462,0.280217189,-0.024378669,-1.719782811,-0.469782811,-1.824378669
254,003o0000005EQNU,1,0.25882,-0.12564,255,-3,-4,0.22142381,0.00219667,0.017740689,0.133194179,3.126008797,-0.133178005,0.002075595,-2.133178005,-0.883178005,-1.797924405
255,003o0000005EQO8,1,0.2269,0.11121,256,-3.5,-4,0.22142381,0.00219667,0.011913895,0.109150789,2.589866693,-0.092955117,0.057212246,-2.092955117,-0.842955117,-1.742787754
256,003o0000005EQOR,1,0.2411,-0.15594,257,-4,-4,0.22142381,0.00219667,0.025394359,0.159356076,3.696618595,-0.13543462,-0.08397513,-2.13543462,-0.88543462,-1.88397513
257,003o0000005EQLi,1,0.3691,0.15971,258,-4,-3.5,0.22142381,0.00219667,0.046618706,0.215913655,4.887394331,0.037593462,-0.212615705,-1.962406538,-0.712406538,-2.012615705
258,003o0000005Bel9,1,0.2271,-0.0319,259,-4,-3,0.22142381,0.00219667,0.001194802,0.034565909,0.849548169,0.022824648,0.02595838,-1.977175352,-0.727175352,-1.77404162
259,003o0000005EQLs,1,0.36664,0.23044,260,-4,-2.5,0.22142381,0.00219667,0.07318276,0.270523122,5.985718068,0.258642262,-0.079290225,-1.741357738,-0.491357738,-1.879290225
260,003o0000005CufB,1,-0.13054,-0.04034,261,-4,-2,0.22142381,0.00219667,0.125687892,0.354524882,7.586268803,0.093781203,0.341896151,-1.906218797,-0.656218797,-1.458103849
261,003o0000005EQKQ,1,0.21023,-0.0855,262,-4,-1.5,0.22142381,0.00219667,0.007816007,0.088408186,2.117906221,-0.045991809,0.075503383,-2.045991809,-0.795991809,-1.724496617
262,003o0000005Cumt,1,0.14901,-0.05818,263,-4,-1,0.22142381,0.00219667,0.008889102,0.094282035,2.252461815,-0.059405903,0.0732123,-2.059405903,-0.809405903,-1.7267877
263,003o0000005EQNx,1,0.47731,-0.13915,264,-4,-0.5,0.22142381,0.00219667,0.085456623,0.292329648,6.411162967,0.289938985,0.037309625,-1.710061015,-0.460061015,-1.762690375
264,003o0000005Cuge,1,0.18686,-0.13428,265,-4,0,0.22142381,0.00219667,0.019820538,0.140785434,3.292925058,-0.13917641,-0.02122417,-2.13917641,-0.88917641,-1.82122417
265,003o0000005Bei6,1,0.0133,0.02482,266,-4,0.5,0.22142381,0.00219667,0.043827335,0.209349792,4.752071327,0.008305311,-0.209184983,-1.991694689,-0.741694689,-2.009184983
266,003o0000005BedO,1,0.25276,0.15735,267,-4,1,0.22142381,0.00219667,0.025054513,0.158286173,3.673536893,-0.136414595,-0.080284312,-2.136414595,-0.886414595,-1.880284312
267,003o0000005Cujs,1,0.31182,0.16592,268,-4,1.5,0.22142381,0.00219667,0.0349768,0.187020854,4.28616711,-0.077320713,-0.170288893,-2.077320713,-0.827320713,-1.970288893
268,003o0000005EQOL,1,0.16785,0.21057,269,-4,2,0.22142381,0.00219667,0.046289598,0.215150175,4.871691748,0.034129238,-0.21242597,-1.965870762,-0.715870762,-2.01242597
269,003o0000005Bebp,1,0.28685,0.13323,270,-4,2.5,0.22142381,0.00219667,0.02145032,0.146459277,3.416957589,-0.140941576,-0.039822005,-2.140941576,-0.890941576,-1.839822005
270,003o0000005Bebp,1,0.28685,0.13323,271,-4,3,0.22142381,0.00219667,0.02145032,0.146459277,3.416957589,-0.140941576,-0.039822005,-2.140941576,-0.890941576,-1.839822005
271,003o0000005Cufb,1,0.27409,0.04734,272,-4,3.5,0.22142381,0.00219667,0.004811648,0.069366042,1.676649724,-0.007328927,0.068977784,-2.007328927,-0.757328927,-1.731022216
272,003o0000005Be8d,1,0.2043,0.07561,273,-4,4,0.22142381,0.00219667,0.005682742,0.075383963,1.816944319,-0.018368801,0.073111757,-2.018368801,-0.768368801,-1.726888243
273,003o0000005Be8j,1,0.35474,-0.13691,274,-3.5,4,0.22142381,0.00219667,0.037123872,0.192675562,4.404978867,-0.058301926,-0.183643017,-2.058301926,-0.808301926,-1.983643017
274,003o0000005Be9G,1,0.18506,-0.30044,275,-3,4,0.22142381,0.00219667,0.092911281,0.304813518,6.65150331,0.284370975,0.109747116,-1.715629025,-0.465629025,-1.690252884
275,003o0000005Be7P,1,0.38959,0.2115,276,-2.5,4,0.22142381,0.00219667,0.072087751,0.268491623,5.945712396,0.253347193,-0.088898544,-1.746652807,-0.496652807,-1.888898544
276,003o0000005Be9e,1,0.25778,-0.19946,277,-2,4,0.22142381,0.00219667,0.041987185,0.204907748,4.660075154,-0.01071462,-0.204627422,-2.01071462,-0.76071462,-2.004627422
277,003o0000005Be4h,1,-0.04954,-0.06829,278,-1.5,4,0.22142381,0.00219667,0.078389757,0.279981708,6.171144686,0.278226227,-0.031303735,-1.721773773,-0.471773773,-1.831303735
278,003o0000005EQJL,1,0.42825,0.10243,279,-1,4,0.22142381,0.00219667,0.052823793,0.229834274,5.171985585,0.101951406,-0.205984718,-1.898048594,-0.648048594,-2.005984718
279,003o0000005Be4e,1,-0.33407,-0.5263,280,-0.5,4,0.22142381,0.00219667,0.587882103,0.766734702,14.22832604,-0.069798082,0.763551132,-2.069798082,-0.819798082,-1.036448868
280,003o0000005Be2W,1,0.49459,0.32567,281,0,4,0.22142381,0.00219667,0.179254763,0.423384887,8.825943958,-0.349713133,0.238653488,-2.349713133,-1.099713133,-1.561346512
281,003o0000005Be4g,1,0.45387,0.22675,282,0.5,4,0.22142381,0.00219667,0.104455429,0.323195652,7.001243977,0.243393602,0.212638152,-1.756606398,-0.506606398,-1.587361848
282,003o0000005Be0A,1,-0.10152,-0.5116,283,1,4,0.22142381,0.00219667,0.368279723,0.606860546,11.8570576,0.460491546,-0.39525594,-1.539508454,-0.289508454,-2.19525594
283,003o0000005Be0C,1,0.06466,0.11796,284,1.5,4,0.22142381,0.00219667,0.037976041,0.194874423,4.45102736,-0.050354804,-0.1882563,-2.050354804,-0.800354804,-1.9882563
284,003o0000005BdxA,1,0.14402,0.16618,285,2,4,0.22142381,0.00219667,0.032881882,0.181333622,4.166099702,-0.094206471,-0.154941999,-2.094206471,-0.844206471,-1.954941999
285,003o0000005CulW,1,0.38998,0.29473,286,2.5,4,0.22142381,0.00219667,0.113986938,0.337619517,7.27228886,0.185501361,0.282092508,-1.814498639,-0.564498639,-1.517907492
286,003o0000005EQMy,1,0.08804,0.16284,287,3,4,0.22142381,0.00219667,0.04359752,0.208800192,4.740707273,0.005912075,-0.208716477,-1.994087925,-0.744087925,-2.008716477
287,003o0000005Be4i,1,-0.15886,-0.12916,288,3.5,4,0.22142381,0.00219667,0.161870351,0.402331146,8.453398901,-0.226979713,0.332190549,-2.226979713,-0.976979713,-1.467809451
288,003o0000005Be03,1,-0.0479,-0.11508,289,4,4,0.22142381,0.00219667,0.086289132,0.293750118,6.438626735,0.290208457,0.045477283,-1.709791543,-0.459791543,-1.754522717
289,003o0000005Be0D,1,0.06617,-0.19052,290,4.5,4,0.22142381,0.00219667,0.06124346,0.247474161,5.528020897,0.180200504,-0.169620867,-1.819799496,-0.569799496,-1.969620867
290,003o0000005EQ2U,1,-0.06503,-0.02078,291,4.5,3.5,0.22142381,0.00219667,0.082583713,0.28737382,6.315108629,0.287227402,0.009172369,-1.712772598,-0.462772598,-1.790827631
291,003o0000005CuhX,1,0.40925,0.13607,292,4.5,3,0.22142381,0.00219667,0.053200746,0.230652869,5.188620416,0.105738935,-0.204987863,-1.894261065,-0.644261065,-2.004987863
292,003o0000005EQHJ,1,0.37365,0.37044,293,4.5,2.5,0.22142381,0.00219667,0.158775963,0.398467016,8.384416207,-0.201587749,0.343712587,-2.201587749,-0.951587749,-1.456287413
293,003o0000005EQMX,1,0.09719,-0.07162,294,4.5,2,0.22142381,0.00219667,0.02088294,0.144509309,3.374399846,-0.140610821,-0.033339727,-2.140610821,-0.890610821,-1.833339727
294,003o0000005Be8C,1,0.04532,0.01165,295,4.5,1.5,0.22142381,0.00219667,0.031101917,0.176357357,4.060566956,-0.106984701,-0.140200539,-2.106984701,-0.856984701,-1.940200539
295,003o0000005Be3J,1,-0.49868,0.09457,296,4.5,1,0.22142381,0.00219667,0.527082329,0.726004359,13.64522795,0.342917875,0.639913791,-1.657082125,-0.407082125,-1.160086209
296,003o0000005Be7A,1,-0.13503,-0.49076,297,4.5,0.5,0.22142381,0.00219667,0.370065597,0.608330171,11.879912,0.470540588,-0.385560828,-1.529459412,-0.279459412,-2.185560828
297,003o0000005Be4U,1,0.35192,-0.00925,298,4.5,0,0.22142381,0.00219667,0.017160282,0.130997259,3.07749434,-0.130728244,0.008390955,-2.130728244,-0.880728244,-1.791609045
298,003o0000005Cufv,1,0.52093,-0.02656,299,4.5,-0.5,0.22142381,0.00219667,0.090530904,0.300883539,6.576091971,0.288068506,0.086876002,-1.711931494,-0.461931494,-1.713123998
299,003o0000005Be0R,1,0.04266,-0.35667,300,4.5,-1,0.22142381,0.00219667,0.160741787,0.400926161,8.428339037,-0.217821346,0.336594189,-2.217821346,-0.967821346,-1.463405811
300,003o0000005Bdxa,1,-0.38807,0.35454,301,4.5,-1.5,0.22142381,0.00219667,0.495628527,0.704008897,13.32459124,0.511153202,0.484098059,-1.488846798,-0.238846798,-1.315901941
301,003o0000005Cupq,6,0.39355,-0.147,302,4.5,-2,0.24724926,-0.35392868,0.064223385,0.253423332,5.646961837,0.203839881,-0.150574527,0.203839881,0.153839881,0.449425473
302,003o0000005EQNT,6,0.42204,-0.17967,303,4.5,-2.5,0.24724926,-0.35392868,0.06091789,0.246815499,5.514817488,0.17747168,-0.171527529,0.17747168,0.12747168,0.428472471
303,003o0000005Be2Y,6,0.14688,-0.50499,304,4.5,-3,0.24724926,-0.35392868,0.032893511,0.181365682,4.166778181,-0.094117963,-0.155033286,-0.094117963,-0.144117963,0.444966714
304,003o0000005Be3X,6,0.28593,-0.43054,305,4.5,-3.5,0.24724926,-0.35392868,0.007365494,0.085822456,2.058443101,-0.040211962,0.075818811,-0.040211962,-0.090211962,0.675818811
305,003o0000005Be2X,6,0.45412,-0.31053,306,4.5,-4,0.24724926,-0.35392868,0.044678948,0.211373954,4.793880368,0.017206098,-0.210672492,0.017206098,-0.032793902,0.389327508
306,003o0000005Be08,6,0.39486,-0.21791,307,4.5,-4.5,0.24724926,-0.35392868,0.040290012,0.20072372,4.57311188,-0.027865922,-0.198780035,-0.027865922,-0.077865922,0.401219965
307,003o0000005Bdxb,6,0.46928,-0.28301,308,4,-4.5,0.24724926,-0.35392868,0.054327109,0.233081764,5.237913375,0.116929361,-0.201629941,0.116929361,0.066929361,0.398370059
308,003o0000005Bdzc,6,0.34662,-0.22989,309,3.5,-4.5,0.24724926,-0.35392868,0.025260138,0.158934383,3.68752369,-0.135832357,-0.08252096,-0.135832357,-0.185832357,0.51747904
309,003o0000005Bejd,6,0.37083,-0.39824,310,3,-4.5,0.24724926,-0.35392868,0.017235692,0.131284776,3.083848917,-0.131065963,0.007576661,-0.131065963,-0.181065963,0.607576661
310,003o0000005BetP,6,0.19389,-0.50907,311,2.5,-4.5,0.24724926,-0.35392868,0.02691604,0.164061086,3.797870674,-0.129980473,-0.100105526,-0.129980473,-0.179980473,0.499894474
311,003o0000005Beu2,6,0.40051,-0.33289,312,2,-4.5,0.24724926,-0.35392868,0.02393148,0.15469803,3.595971597,-0.139001407,-0.06789764,-0.139001407,-0.189001407,0.53210236
312,003o0000005BeuK,6,0.34556,-0.35564,313,1.5,-4.5,0.24724926,-0.35392868,0.00966793,0.098325634,2.344671721,-0.068720984,0.070323229,-0.068720984,-0.118720984,0.670323229
313,003o0000005EQKE,6,0.20984,-0.49765,314,1,-4.5,0.24724926,-0.35392868,0.022055271,0.14851017,3.461639951,-0.140968903,-0.046723001,-0.140968903,-0.190968903,0.553276999
314,003o0000005EQL2,6,0.33806,-0.41998,315,0.5,-4.5,0.24724926,-0.35392868,0.012609367,0.112291439,2.660556183,-0.099548138,0.051957055,-0.099548138,-0.149548138,0.651957055
315,003o0000005EQLq,6,0.27881,-0.31928,316,0,-4.5,0.24724926,-0.35392868,0.002196611,0.04686802,1.145071723,0.019355593,0.042684568,0.019355593,-0.030644407,0.642684568
316,003o0000005EQLr,6,0.37405,-0.10507,317,-0.5,-4.5,0.24724926,-0.35392868,0.07800907,0.279301039,6.157846634,0.27711003,-0.034915634,0.27711003,0.22711003,0.565084366
317,003o0000005EQNj,6,0.44114,-0.22039,318,-1,-4.5,0.24724926,-0.35392868,0.055426198,0.235427692,5.285430484,0.127646586,-0.197819481,0.127646586,0.077646586,0.402180519
318,003o0000005EQNl,6,0.46515,-0.23491,319,-1.5,-4.5,0.24724926,-0.35392868,0.061646179,0.248286485,5.544294974,0.183537427,-0.167213013,0.183537427,0.133537427,0.432786987
319,003o0000005EQXH,6,0.43189,-0.26222,320,-2,-4.5,0.24724926,-0.35392868,0.042502685,0.206161793,4.686081149,-0.005423044,-0.206090455,-0.005423044,-0.055423044,0.393909545
320,003o0000005EQCS,6,0.37412,-0.20372,321,-2.5,-4.5,0.24724926,-0.35392868,0.038658832,0.196618494,4.487491435,-0.0438472,-0.191667043,-0.0438472,-0.0938472,0.408332957
321,003o0000005Be4Q,6,0.27529,-0.2903,322,-3,-4.5,0.24724926,-0.35392868,0.004834892,0.069533388,1.68056168,-0.00761704,0.069114924,-0.00761704,-0.05761704,0.669114924
322,003o0000005EQKr,6,-0.03616,-0.57639,323,-3.5,-4.5,0.24724926,-0.35392868,0.129809848,0.360291337,7.692472381,0.05793773,0.3556024,0.05793773,0.00793773,0.9556024
323,003o0000005Be3W,6,0.45097,-0.36929,324,-4,-4.5,0.24724926,-0.35392868,0.04173811,0.20429907,4.647442829,-0.013259113,-0.203868355,-0.013259113,-0.063259113,0.396131645
324,003o0000005Be2U,6,0.29178,-0.3828,325,-4.5,-4.5,0.24724926,-0.35392868,0.00281654,0.053071084,1.292768419,0.01456588,0.051033078,0.01456588,-0.03543412,0.651033078
325,003o0000005Be4H,6,0.15981,-0.42555,326,-4.5,-4,0.24724926,-0.35392868,0.012775238,0.113027597,2.677096677,-0.101052037,0.050633226,-0.101052037,-0.151052037,0.650633226
326,003o0000005Be4R,6,0.17647,-0.36894,327,-4.5,-3.5,0.24724926,-0.35392868,0.005235043,0.0723536,1.746396466,-0.012640107,0.071240937,-0.012640107,-0.062640107,0.671240937
327,003o0000005BdzZ,6,0.13929,-0.46694,328,-4.5,-3,0.24724926,-0.35392868,0.02442676,0.156290628,3.630428665,-0.137985879,-0.073393851,-0.137985879,-0.187985879,0.526606149
328,003o0000005Bdzf,6,0.12827,-0.4022,329,-4.5,-2.5,0.24724926,-0.35392868,0.016486185,0.128398538,3.01998512,-0.127450304,0.015575773,-0.127450304,-0.177450304,0.615575773
329,003o0000005BdzK,6,0.16169,-0.47808,330,-4.5,-2,0.24724926,-0.35392868,0.022733937,0.150777774,3.510950982,-0.140609199,-0.054433356,-0.140609199,-0.190609199,0.545566644
330,003o0000005Bdyp,6,0.15144,-0.46546,331,-4.5,-1.5,0.24724926,-0.35392868,0.02161865,0.147032818,3.42946125,-0.140982591,-0.041743966,-0.140982591,-0.190982591,0.558256034
331,003o0000005Be4S,6,0.11907,-0.42703,332,-4.5,-1,0.24724926,-0.35392868,0.021773726,0.147559228,3.440931904,-0.140997497,-0.043513579,-0.140997497,-0.190997497,0.556486421
332,003o0000005Be4G,6,0.36664,-0.17282,333,-4.5,-0.5,0.24724926,-0.35392868,0.047054503,0.216920499,4.908087156,0.042180502,-0.212779952,0.042180502,-0.007819498,0.387220048
333,003o0000005Be2T,6,0.32376,-0.22404,334,-4.5,0,0.24724926,-0.35392868,0.022724963,0.15074801,3.510304361,-0.140616604,-0.054331697,-0.140616604,-0.190616604,0.545668303
334,003o0000005Be4V,6,0.13726,-0.26657,335,-4.5,0.5,0.24724926,-0.35392868,0.019729176,0.140460586,3.285805096,-0.13900252,-0.020186025,-0.13900252,-0.18900252,0.579813975
335,003o0000005Be2Q,6,0.12292,-0.33877,336,-4.5,1,0.24724926,-0.35392868,0.01568755,0.125249952,2.950129763,-0.122961248,0.023834472,-0.122961248,-0.172961248,0.623834472
336,003o0000005BdzX,6,0.03628,-0.32057,337,-4.5,1.5,0.24724926,-0.35392868,0.04562083,0.213590333,4.839579579,0.027093494,-0.211864987,0.027093494,-0.022906506,0.388135013
337,003o0000005Be9Y,6,0.43105,-0.32183,338,-4.5,2,0.24724926,-0.35392868,0.034813037,0.186582521,4.276933618,-0.078704857,-0.169170277,-0.078704857,-0.128704857,0.430829723
338,003o0000005Be9K,6,0.38455,-0.29393,339,-4.5,2.5,0.24724926,-0.35392868,0.022451335,0.149837695,3.490519938,-0.140808476,-0.051227999,-0.140808476,-0.190808476,0.548772001
339,003o0000005Be8B,6,0.32473,-0.17351,340,-4.5,3,0.24724926,-0.35392868,0.038554165,0.196352146,4.481926212,-0.044852344,-0.19116075,-0.044852344,-0.094852344,0.40883925
340,003o0000005BdzA,6,-0.05214,-0.49228,341,-4.5,3.5,0.24724926,-0.35392868,0.108775017,0.329810577,7.125912721,0.219465653,0.246190666,0.219465653,0.169465653,0.846190666
341,003o0000005BeA3,6,0.34709,-0.4799,342,-4.5,4,0.24724926,-0.35392868,0.025836947,0.160738753,3.726416469,-0.134025477,-0.088736228,-0.134025477,-0.184025477,0.511263772
342,003o0000005Be8A,6,0.24728,-0.35841,343,-4.5,4.5,0.24724926,-0.35392868,2.01E-05,0.004481425,0.111785344,0.004453455,0.000499915,0.004453455,-0.045546545,0.600499915
343,003o0000005Be6x,6,0.25778,-0.34849,344,-4,4.5,0.24724926,-0.35392868,0.000140476,0.011852246,0.294563945,0.011341755,0.003440975,0.011341755,-0.038658245,0.603440975
344,003o0000005Be7j,6,0.12321,-0.56412,345,-3.5,4.5,0.24724926,-0.35392868,0.059566129,0.244061732,5.459540422,0.165852574,-0.179050419,0.165852574,0.115852574,0.420949581
345,003o0000005Be6l,6,0.29903,-0.3437,346,-3,4.5,0.24724926,-0.35392868,0.002785871,0.05278135,1.285889174,0.014835167,0.050653615,0.014835167,-0.035164833,0.650653615
346,003o0000005BdzJ,6,0.33694,-0.40854,347,-2.5,4.5,0.24724926,-0.35392868,0.011026825,0.105008691,2.496329995,-0.083895835,0.063153099,-0.083895835,-0.133895835,0.663153099
347,003o0000005Be6o,6,0.31052,-0.31103,348,-2,4.5,0.24724926,-0.35392868,0.005843483,0.07644268,1.841544738,-0.020444798,0.073657949,-0.020444798,-0.070444798,0.673657949
348,003o0000005Be6q,6,0.21472,-0.29473,349,-1.5,4.5,0.24724926,-0.35392868,0.004562636,0.067547291,1.634094137,-0.004272741,0.067412018,-0.004272741,-0.054272741,0.667412018
349,003o0000005Be6t,6,0.30294,-0.27596,350,-1,4.5,0.24724926,-0.35392868,0.009180574,0.09581531,2.287466533,-0.062938937,0.072244473,-0.062938937,-0.112938937,0.672244473
350,003o0000005Be6u,6,0.21862,-0.25555,351,-0.5,4.5,0.24724926,-0.35392868,0.010497999,0.102459744,2.438595365,-0.078167343,0.066240967,-0.078167343,-0.128167343,0.666240967
351,003o0000005Be6w,6,0.23473,-0.40448,352,0,4.5,0.24724926,-0.35392868,0.002712168,0.052078478,1.269192749,0.015470005,0.049727727,0.015470005,-0.034529995,0.649727727
352,003o0000005Be71,6,0.16953,-0.38505,353,0.5,4.5,0.24724926,-0.35392868,0.00700882,0.083718695,2.009959078,-0.035595667,0.075774458,-0.035595667,-0.085595667,0.675774458
353,003o0000005Be78,6,0.21307,-0.42007,354,1,4.5,0.24724926,-0.35392868,0.005542896,0.074450628,1.795237183,-0.016569827,0.07258331,-0.016569827,-0.066569827,0.67258331
354,003o0000005Be7Q,6,0.21092,-0.34643,355,1.5,4.5,0.24724926,-0.35392868,0.001376045,0.037095085,0.910590437,0.022749655,0.029300146,0.022749655,-0.027250345,0.629300146
355,003o0000005Be7R,6,0.10543,-0.3748,356,2,4.5,0.24724926,-0.35392868,0.020548315,0.143346833,3.348994491,-0.140274799,-0.02951771,-0.140274799,-0.190274799,0.57048229
356,003o0000005Be9x,6,0.07185,-0.52382,357,2.5,4.5,0.24724926,-0.35392868,0.059627961,0.244188372,5.462085182,0.166393972,-0.178720472,0.166393972,0.116393972,0.421279528
357,003o0000005Be8c,6,-0.0263,-0.42378,358,3,4.5,0.24724926,-0.35392868,0.079708405,0.282326769,6.216905403,0.281706862,-0.018698893,0.281706862,0.231706862,0.581301107
358,003o0000005Be8F,6,0.04237,-0.47808,359,3.5,4.5,0.24724926,-0.35392868,0.057389061,0.239560142,5.368914804,0.146219985,-0.189759789,0.146219985,0.096219985,0.410240211
359,003o0000005Be9R,6,0.0012,-0.38437,360,4,4.5,0.24724926,-0.35392868,0.061466912,0.247925215,5.53705861,0.182057328,-0.168291537,0.182057328,0.132057328,0.431708463
360,003o0000005Be8O,6,0.40927,-0.26551,361,4.5,4.5,0.24724926,-0.35392868,0.034068583,0.184576768,4.234638818,-0.084865152,-0.163910003,-0.084865152,-0.134865152,0.436089997
361,003o0000005Be8v,6,0.25119,-0.44038,362,5,4.5,0.24724926,-0.35392868,0.00748936,0.086541089,2.074983454,-0.041807643,0.075772562,-0.041807643,-0.091807643,0.675772562
362,003o0000005Be86,6,0.06838,-0.3661,363,5,4,0.24724926,-0.35392868,0.032142353,0.179282886,4.12266325,-0.099705147,-0.149000795,-0.099705147,-0.149705147,0.450999205
363,003o0000005Be7k,6,0.07254,-0.40305,364,5,3.5,0.24724926,-0.35392868,0.03293623,0.181483414,4.169269489,-0.09379228,-0.155368072,-0.09379228,-0.14379228,0.444631928
364,003o0000005Be9s,6,0.3019,-0.43868,365,5,3,0.24724926,-0.35392868,0.01016949,0.100843887,2.401926401,-0.07449273,0.067972956,-0.07449273,-0.12449273,0.667972956
365,003o0000005Be9v,6,0.17002,-0.33259,366,5,2.5,0.24724926,-0.35392868,0.006419698,0.080123017,1.926873484,-0.027930896,0.075097023,-0.027930896,-0.077930896,0.675097023
366,003o0000005Bdze,6,0.01102,-0.41549,367,5,2,0.24724926,-0.35392868,0.059594059,0.244118945,5.460690121,0.166097246,-0.178901549,0.166097246,0.116097246,0.421098451
367,003o0000005Be7h,6,0.17334,-0.20113,368,5,1.5,0.24724926,-0.35392868,0.028810015,0.169735133,3.919433525,-0.12092446,-0.119110412,-0.12092446,-0.17092446,0.480889588
368,003o0000005Be9y,6,0.44426,-0.40301,369,5,1,0.24724926,-0.35392868,0.041222208,0.203032529,4.621136904,-0.018501438,-0.202187795,-0.018501438,-0.068501438,0.397812205
369,003o0000005EQKB,4,-0.40802,0.09889,370,5,0.5,-0.22501902,-0.16249634,0.101812177,0.319080205,6.923366989,0.255898255,0.190599739,2.255898255,0.905898255,1.940599739
370,003o0000005Be7M,4,-0.22669,0.13464,371,5,0,-0.22501902,-0.16249634,0.088292797,0.297141038,6.504066037,0.289921958,0.065100345,2.289921958,0.939921958,1.815100345
371,003o0000005Be9F,4,-0.16016,-0.00916,372,5,-0.5,-0.22501902,-0.16249634,0.027718726,0.166489416,3.849968479,-0.12643532,-0.108318214,1.87356468,0.52356468,1.641681786
372,003o0000005Be9r,4,-0.18115,0.05723,373,5,-1,-0.22501902,-0.16249634,0.050204155,0.224062838,5.054388027,0.075144186,-0.211086491,2.075144186,0.725144186,1.538913509
373,003o0000005Be7i,4,-0.00616,-0.00284,374,5,-1.5,-0.22501902,-0.16249634,0.073389418,0.270904813,5.993227443,0.259596141,-0.077454896,2.259596141,0.909596141,1.672545104
374,003o0000005Be8i,4,-0.24263,-0.21869,375,5,-2,-0.22501902,-0.16249634,0.003467874,0.058888658,1.430498057,0.008234899,0.058310038,2.008234899,0.658234899,1.808310038
375,003o0000005Be9V,4,-0.10985,-0.06361,376,5,-2.5,-0.22501902,-0.16249634,0.023042411,0.151797271,3.533089163,-0.140312148,-0.057921607,1.859687852,0.509687852,1.692078393
376,003o0000005Be90,4,-0.00474,-0.05176,377,5,-3,-0.22501902,-0.16249634,0.060785384,0.24654692,5.509431612,0.176353172,-0.172293187,2.176353172,0.826353172,1.577706813
377,003o0000005Be9g,4,-0.01528,-0.37136,378,5,-3.5,-0.22501902,-0.16249634,0.087614485,0.295997441,6.482015582,0.290165787,0.058466239,2.290165787,0.940165787,1.808466239
378,003o0000005Be4Y,4,-0.0612,-0.44704,379,5,-4,-0.22501902,-0.16249634,0.107801766,0.328331792,7.098096584,0.225213597,0.238915469,2.225213597,0.875213597,1.988915469
379,003o0000005Be4I,4,-0.04774,-0.23253,380,5,-4.5,-0.22501902,-0.16249634,0.036332564,0.190611029,4.361666132,-0.065489516,-0.179007507,1.934510484,0.584510484,1.570992493
380,003o0000005Be4T,4,-0.02308,-0.25981,381,5,-5,-0.22501902,-0.16249634,0.050249316,0.224163593,5.05644573,0.075612365,-0.21102627,2.075612365,0.725612365,1.53897373
381,003o0000005BdzH,4,-0.01031,-0.28136,382,4.5,-5,-0.22501902,-0.16249634,0.060228533,0.245415022,5.486720631,0.171603616,-0.175444384,2.171603616,0.821603616,1.574555616
382,003o0000005BdzL,4,-0.11327,-0.32869,383,4,-5,-0.22501902,-0.16249634,0.040108176,0.200270258,4.563668653,-0.029674586,-0.198059574,1.970325414,0.620325414,1.551940426
383,003o0000005Bdx8,4,0.03089,-0.2711,384,3.5,-5,-0.22501902,-0.16249634,0.077284181,0.278000326,6.132415284,0.274846611,-0.0417555,2.274846611,0.924846611,1.7082445
384,003o0000005Be2S,4,-0.04826,-0.29192,385,3,-5,-0.22501902,-0.16249634,0.047994235,0.219075866,4.952327114,0.052061744,-0.212799929,2.052061744,0.702061744,1.537200071
385,003o0000005BdyO,4,0.00503,-0.20657,386,2.5,-5,-0.22501902,-0.16249634,0.054865039,0.234232874,5.261240554,0.122201123,-0.199829739,2.122201123,0.772201123,1.550170261
386,003o0000005BdzY,4,-0.01292,-0.32655,387,2,-5,-0.22501902,-0.16249634,0.071899598,0.268141003,5.938801279,0.252396727,-0.090528944,2.252396727,0.902396727,1.659471056
387,003o0000005Be4M,4,-0.06847,-0.2107,388,1.5,-5,-0.22501902,-0.16249634,0.026831189,0.163802285,3.792311911,-0.130329011,-0.099224682,1.869670989,0.519670989,1.650775318
388,003o0000005Be6p,4,-0.30878,0.34294,389,1,-5,-0.22501902,-0.16249634,0.262481796,0.512329772,10.34128393,-0.311802007,-0.406523436,1.688197993,0.338197993,1.343476564
389,003o0000005Be72,4,0.00377,-0.61065,390,0.5,-5,-0.22501902,-0.16249634,0.253186119,0.503176031,10.1895056,-0.363077207,-0.348369143,1.636922793,0.286922793,1.401630857
390,003o0000005Be8z,4,-0.43153,-0.12442,391,0,-5,-0.22501902,-0.16249634,0.044096593,0.209991887,4.765341362,0.011114375,-0.209697552,2.011114375,0.661114375,1.540302448
391,003o0000005Be7a,4,-0.51395,-0.0052,392,-0.5,-5,-0.22501902,-0.16249634,0.10822325,0.328973023,7.110162018,0.222748835,0.242087187,2.222748835,0.872748835,1.992087187
392,003o0000005Be9T,4,-0.38166,-0.09011,393,-1,-5,-0.22501902,-0.16249634,0.029776179,0.172557755,3.979686954,-0.115420548,-0.128274221,1.884579452,0.534579452,1.621725779
393,003o0000005Be99,4,0.00255,-0.13237,394,-1.5,-5,-0.22501902,-0.16249634,0.052695255,0.229554471,5.16629713,0.10065534,-0.206309859,2.10065534,0.75065534,1.543690141
394,003o0000005Be9Q,4,-0.62793,0.01905,395,-2,-5,-0.22501902,-0.16249634,0.195296331,0.441923445,9.149448702,-0.425278724,0.120142991,1.574721276,0.224721276,1.870142991
395,003o0000005Be7J,4,-0.47019,0.02559,396,-2.5,-5,-0.22501902,-0.16249634,0.095485281,0.309006927,6.731719462,0.278441113,0.133999355,2.278441113,0.928441113,1.883999355
396,003o0000005Be8t,4,-0.52373,-0.1049,397,-3,-5,-0.22501902,-0.16249634,0.092545588,0.304213063,6.639996059,0.285052372,0.106257863,2.285052372,0.935052372,1.856257863
397,003o0000005Be9N,4,-0.52392,-0.06847,398,-3.5,-5,-0.22501902,-0.16249634,0.098182748,0.313341265,6.814361852,0.270166502,0.15872243,2.270166502,0.920166502,1.90872243
398,003o0000005Be7y,4,0.05856,0.05152,399,-4,-5,-0.22501902,-0.16249634,0.126220054,0.355274618,7.600102602,0.089230962,0.343886449,2.089230962,0.739230962,2.093886449
399,003o0000005Be7r,4,-0.20104,-0.40302,400,-4.5,-5,-0.22501902,-0.16249634,0.058426624,0.241716,5.412357338,0.155711872,-0.184879521,2.155711872,0.805711872,1.565120479
400,003o0000005Be8k,4,-0.35967,-0.2749,401,-5,-5,-0.22501902,-0.16249634,0.030765469,0.175400881,4.040231627,-0.109217835,-0.137247709,1.890782165,0.540782165,1.612752291
401,003o0000005Be8y,4,-0.38425,-0.35133,402,-5,-4.5,-0.22501902,-0.16249634,0.061012656,0.247007401,5.518665043,0.178268825,-0.170976262,2.178268825,0.828268825,1.579023738
402,003o0000005Be9f,4,-0.3917,-0.1474,403,-5,-4,-0.22501902,-0.16249634,0.028010449,0.167363223,3.868688759,-0.125038366,-0.111246823,1.874961634,0.524961634,1.638753177
403,003o0000005Be9z,4,-0.4356,-0.06671,404,-5,-3.5,-0.22501902,-0.16249634,0.053519372,0.231342543,5.202626807,0.108924332,-0.204095228,2.108924332,0.758924332,1.545904772
404,003o0000005Be9X,4,-0.33327,-0.31295,405,-5,-3,-0.22501902,-0.16249634,0.034354578,0.185349881,4.250949736,-0.082524678,-0.165964623,1.917475322,0.567475322,1.584035377
405,003o0000005Be8n,4,-0.55385,-0.24887,406,-5,-2.5,-0.22501902,-0.16249634,0.115590223,0.339985621,7.316472084,0.174072066,0.292043042,2.174072066,0.824072066,2.042043042
406,003o0000005Be7g,4,-0.28324,-0.29889,407,-5,-2,-0.22501902,-0.16249634,0.021992913,0.148300078,3.457066383,-0.140981395,-0.046012599,1.859018605,0.509018605,1.703987401
407,003o0000005Be7G,4,-0.52476,-0.12889,408,-5,-1.5,-0.22501902,-0.16249634,0.090974041,0.301619033,6.590222493,0.287513282,0.091160044,2.287513282,0.937513282,1.841160044
408,003o0000005Be83,4,0.07383,-0.22269,409,-5,-1,-0.22501902,-0.16249634,0.092934013,0.304850805,6.652217719,0.284327275,0.109963695,2.284327275,0.934327275,1.859963695
409,003o0000005Be9o,4,-0.41141,-0.22675,410,-5,-0.5,-0.22501902,-0.16249634,0.03887013,0.197155092,4.498699633,-0.041810043,-0.192670835,1.958189957,0.608189957,1.557329165
410,003o0000005EQNB,2,-0.22083,0.35056,411,-5,0,0.08462226,-0.24290097,0.445497006,0.667455621,12.78247211,0.651931138,0.143118126,4.651931138,2.301931138,-1.186881874
411,003o0000005EQLK,2,0.27811,-0.4957,412,-5,0.5,0.08462226,-0.24290097,0.101344855,0.318347067,6.90946825,0.257928552,0.186595062,4.257928552,1.907928552,-1.143404938
412,003o0000005Be02,2,0.35762,-0.31281,413,-5,1,0.08462226,-0.24290097,0.079415039,0.28180674,6.206764951,0.280984254,-0.021514816,4.280984254,1.930984254,-1.351514816
413,003o0000005Be3M,2,0.13229,-0.17092,414,-5,1.5,0.08462226,-0.24290097,0.007453473,0.086333501,2.070206649,-0.041345801,0.075789169,3.958654199,1.608654199,-1.254210831
414,003o0000005Be0N,2,0.33048,-0.09864,415,-5,2,0.08462226,-0.24290097,0.081257256,0.285056583,6.27006878,0.285032063,-0.003738845,4.285032063,1.935032063,-1.333738845
415,003o0000005Bes7,2,0.10238,-0.15352,416,-5,2.5,0.08462226,-0.24290097,0.008304295,0.091127905,2.180298419,-0.052167015,0.074718791,3.947832985,1.597832985,-1.255281209
416,003o0000005EQJ1,2,0.30329,-0.16771,417,-5,3,0.08462226,-0.24290097,0.053469262,0.231234216,5.200427341,0.108424374,-0.204238629,4.108424374,1.758424374,-1.534238629
417,003o0000005EQMc,2,0.40563,0.01926,418,-5,3.5,0.08462226,-0.24290097,0.171774343,0.414456685,8.66863722,-0.301512817,0.284366602,3.698487183,1.348487183,-1.045633398
418,003o0000005EQMe,2,0.29717,-0.1042,419,-5,4,0.08462226,-0.24290097,0.064414501,0.25380012,5.654475887,0.205270282,-0.149260217,4.205270282,1.855270282,-1.479260217
419,003o0000005EQMw,2,0.31819,-0.07408,420,-5,4.5,0.08462226,-0.24290097,0.083054409,0.288191619,6.330984722,0.287862454,0.013770146,4.287862454,1.937862454,-1.316229854
420,003o0000005EQN5,2,0.34969,-0.06535,421,-5,5,0.08462226,-0.24290097,0.101785254,0.319038013,6.922567322,0.256016731,0.190369869,4.256016731,1.906016731,-1.139630131
421,003o0000005Bdza,2,-0.01416,-0.43816,422,-4.5,5,0.08462226,-0.24290097,0.047884024,0.218824184,4.947165269,0.050904067,-0.212821051,4.050904067,1.700904067,-1.542821051
422,003o0000005Be4O,2,0.06801,-0.26045,423,-4,5,0.08462226,-0.24290097,0.000583936,0.02416476,0.596935308,0.01998576,0.013583264,4.01998576,1.66998576,-1.316416736
423,003o0000005Be7u,2,0.32243,0.33382,424,-3.5,5,0.08462226,-0.24290097,0.389159598,0.623826577,12.11963622,0.562605935,-0.269507254,4.562605935,2.212605935,-1.599507254
424,003o0000005Be9a,2,0.01412,-0.50305,425,-3,5,0.08462226,-0.24290097,0.072648086,0.26953309,5.966229675,0.256107289,-0.084006803,4.256107289,1.906107289,-1.414006803
425,003o0000005Be8M,2,0.23914,-0.49348,426,-2.5,5,0.08462226,-0.24290097,0.086665582,0.294390187,6.450992156,0.290255017,0.049169169,4.290255017,1.940255017,-1.280830831
426,003o0000005Be7m,2,-0.09528,-0.34643,427,-2,5,0.08462226,-0.24290097,0.043083083,0.207564648,4.715141101,0.000571242,-0.207563862,4.000571242,1.650571242,-1.537563862
427,003o0000005Be6y,2,0.1036,-0.50472,428,-1.5,5,0.08462226,-0.24290097,0.068909359,0.262505922,5.827464321,0.235715604,-0.115531438,4.235715604,1.885715604,-1.445531438
428,003o0000005Be8E,2,-0.15437,-0.31797,429,-1,5,0.08462226,-0.24290097,0.06275266,0.25050481,5.588682936,0.192480952,-0.160323868,4.192480952,1.842480952,-1.490323868
429,003o0000005Be97,2,-0.1263,-0.4015,430,-0.5,5,0.08462226,-0.24290097,0.069641852,0.263897427,5.855003577,0.240073356,-0.109574796,4.240073356,1.890073356,-1.439574796
430,003o0000005Be7c,2,-0.1646,-0.46676,431,0,5,0.08462226,-0.24290097,0.1122246,0.334999403,7.223271122,0.19755542,0.270548436,4.19755542,1.84755542,-1.059451564
431,003o0000005Be7t,2,0.47048,-0.11363,432,0.5,5,0.08462226,-0.24290097,0.165597179,0.406936333,8.535363175,-0.256315634,0.316068782,3.743684366,1.393684366,-1.013931218
432,003o0000005Be9B,2,-0.14241,-0.3547,433,1,5,0.08462226,-0.24290097,0.06404267,0.253066533,5.639844339,0.20247754,-0.151807497,4.20247754,1.85247754,-1.481807497
433,003o0000005Be7f,2,-0.09933,-0.3957,434,1.5,5,0.08462226,-0.24290097,0.057185978,0.239135898,5.360356998,0.144334663,-0.190665893,4.144334663,1.794334663,-1.520665893
434,003o0000005Be70,2,-0.18927,-0.44225,435,2,5,0.08462226,-0.24290097,0.114757006,0.338758034,7.293558604,0.180064992,0.286938329,4.180064992,1.830064992,-1.043061671
435,003o0000005Be6z,2,0.03033,-0.51155,436,2.5,5,0.08462226,-0.24290097,0.075119951,0.27408019,6.055612476,0.267013544,-0.061836219,4.267013544,1.917013544,-1.391836219
436,003o0000005Be6a,2,0.21204,-0.46606,437,3,5,0.08462226,-0.24290097,0.066035233,0.256973215,5.717665514,0.216965102,-0.137700319,4.216965102,1.866965102,-1.467700319
437,003o0000005Be7S,2,-0.11134,-0.27323,438,3.5,5,0.08462226,-0.24290097,0.039321057,0.198295379,4.522500739,-0.037428084,-0.194731086,3.962571916,1.612571916,-1.524731086
438,003o0000005Be95,2,-0.42924,0.39769,439,4,5,0.08462226,-0.24290097,0.674411213,0.821225434,14.98773974,-0.617280932,0.541641454,3.382719068,1.032719068,-0.788358546
439,003o0000005Be92,2,-0.11617,-0.44365,440,4.5,5,0.08462226,-0.24290097,0.080617705,0.283932571,6.248192222,0.283758748,-0.009933649,4.283758748,1.933758748,-1.339933649
440,003o0000005Be8P,2,0.15159,-0.25504,441,5,5,0.08462226,-0.24290097,0.004632034,0.06805905,1.646075725,-0.005118607,0.067866296,3.994881393,1.644881393,-1.262133704
441,003o0000005Be4X,3,0.58914,0.08527,442,5.5,5,0.3863704,0.2248236,0.060590718,0.246151819,5.50150645,0.174701781,-0.173407052,6.174701781,2.774701781,1.556592948
442,003o0000005Be6j,3,0.55811,0.0164,443,5.5,4.5,0.3863704,0.2248236,0.072934887,0.270064598,5.976694099,0.257479073,-0.081482601,6.257479073,2.857479073,1.648517399
443,003o0000005Be9i,3,0.5054,0.16979,444,5.5,4,0.3863704,0.2248236,0.017196743,0.131136352,3.080568716,-0.130892257,0.007997491,5.869107743,2.469107743,1.737997491
444,003o0000005Be74,3,0.46965,0.23166,445,5.5,3.5,0.3863704,0.2248236,0.006982228,0.083559728,2.006291638,-0.035250468,0.075760363,5.964749532,2.564749532,1.805760363
445,003o0000005Be6m,3,0.53448,0.21044,446,5.5,3,0.3863704,0.2248236,0.022143342,0.14880639,3.46808703,-0.14094532,-0.047725866,5.85905468,2.45905468,1.682274134
446,003o0000005Be6n,3,0.53861,0.12777,447,5.5,2.5,0.3863704,0.2248236,0.032596297,0.180544446,4.14939318,-0.096360546,-0.152679214,5.903639454,2.503639454,1.577320786
447,003o0000005Be6r,3,0.58758,0.16043,448,5.5,2,0.3863704,0.2248236,0.044631839,0.211262488,4.791579855,0.016712581,-0.2106004,6.016712581,2.616712581,1.5193996
448,003o0000005Be6s,3,0.49616,0.15879,449,5.5,1.5,0.3863704,0.2248236,0.016414193,0.128117886,3.013766402,-0.127072616,0.016332267,5.872927384,2.472927384,1.746332267
449,003o0000005Be7p,3,0.51469,0.09413,450,5.5,1,0.3863704,0.2248236,0.033546737,0.183157683,4.204671672,-0.089048293,-0.160053548,5.910951707,2.510951707,1.569946452
450,003o0000005Be9w,3,0.52297,0.0565,451,5.5,0.5,0.3863704,0.2248236,0.046992285,0.21677704,4.905139814,0.041525703,-0.212762546,6.041525703,2.641525703,1.517237454
451,003o0000005Be9C,3,0.52723,0.14993,452,5.5,0,0.3863704,0.2248236,0.025450478,0.15953206,3.700413184,-0.135264209,-0.084581747,5.864735791,2.464735791,1.645418253
452,003o0000005Be9J,3,0.49947,0.11532,453,5.5,-0.5,0.3863704,0.2248236,0.024782558,0.157424769,3.654937765,-0.137133759,-0.07731035,5.862866241,2.462866241,1.65268965
453,003o0000005Be7U,3,0.28002,0.35782,454,5.5,-1,0.3863704,0.2248236,0.02899845,0.170289313,3.93127485,-0.119895772,-0.120927473,5.880104228,2.480104228,1.609072527
454,003o0000005Be7V,3,0.19924,0.17994,455,5.5,-1.5,0.3863704,0.2248236,0.037032324,0.192437845,4.399995519,-0.059143296,-0.183123987,5.940856704,2.540856704,1.546876013
455,003o0000005Be7W,3,0.20592,0.29021,456,5.5,-2,0.3863704,0.2248236,0.036837728,0.191931572,4.389379015,-0.06092336,-0.182005693,5.93907664,2.53907664,1.547994307
456,003o0000005Be7X,3,0.26024,0.36552,457,5.5,-2.5,0.3863704,0.2248236,0.035704355,0.18895596,4.326889435,-0.071051611,-0.175088616,5.928948389,2.528948389,1.554911384
457,003o0000005Be7Y,3,0.3697,0.12279,458,5.5,-3,0.3863704,0.2248236,0.010688758,0.103386449,2.459601008,-0.080260848,0.065168658,5.919739152,2.519739152,1.795168658
458,003o0000005Be7Z,3,0.20886,0.29922,459,5.5,-3.5,0.3863704,0.2248236,0.037044766,0.19247017,4.400673225,-0.059029092,-0.183194795,5.940970908,2.540970908,1.546805205
459,003o0000005Be7b,3,0.1972,0.27958,460,5.5,-4,0.3863704,0.2248236,0.038783704,0.196935785,4.494119472,-0.042644576,-0.192263215,5.957355424,2.557355424,1.537736785
460,003o0000005BenK,3,0.28162,0.38683,461,5.5,-4.5,0.3863704,0.2248236,0.03721872,0.192921538,4.410134314,-0.057427614,-0.184175973,5.942572386,2.542572386,1.545824027
461,003o0000005Be7q,3,0.33108,0.41685,462,5.5,-5,0.3863704,0.2248236,0.039931167,0.199827842,4.554452047,-0.031429153,-0.197340758,5.968570847,2.568570847,1.532659242
462,003o0000005Be7w,3,0.22474,0.31459,463,5.5,-5.5,0.3863704,0.2248236,0.034182393,0.184884809,4.241139067,-0.083937762,-0.164732647,5.916062238,2.516062238,1.565267353
463,003o0000005Be81,3,0.26589,0.34994,464,5,-5.5,0.3863704,0.2248236,0.03016964,0.1736941,4.003903129,-0.113020102,-0.131894264,5.886979898,2.486979898,1.598105736
464,003o0000005Be8p,3,0.21745,0.30978,465,4.5,-5.5,0.3863704,0.2248236,0.035751691,0.189081177,4.329522215,-0.070637174,-0.175391223,5.929362826,2.529362826,1.554608777
465,003o0000005Be94,3,0.27381,0.37109,466,4,-5.5,0.3863704,0.2248236,0.034063703,0.184563548,4.23435983,-0.084904796,-0.163874583,5.915095204,2.515095204,1.566125417