rank,Number,idOriginal,newClusters,xs,ys,point,xVal,yVal,centerX,centerY,distNoSqrt,dist,theta,spiralX,spiralY,spiral7X,spiralGX,spiralGY,cohortYear,status,gender,yearsteaching
0,383,003o0000005Bdx8,4,0.0308900,-0.2711000,384,3.5,-5.0,-0.2250190,-0.1624963,0.0772842,0.2780003,6.1324153,0.2748466,-0.0417555,2.2748466,0.9248466,1.7082445,0.15,0,1,17
1,284,003o0000005BdxA,1,0.1440200,0.1661800,285,2.0,4.0,0.2214238,0.0021967,0.0328819,0.1813336,4.1660997,-0.0942065,-0.1549420,-2.0942065,-0.8442065,-1.9549420,0.00,0,1,12
2,300,003o0000005Bdxa,1,-0.3880700,0.3545400,301,4.5,-1.5,0.2214238,0.0021967,0.4956285,0.7040089,13.3245912,0.5111532,0.4840981,-1.4888468,-0.2388468,-1.3159019,0.00,0,0,11
3,307,003o0000005Bdxb,6,0.4692800,-0.2830100,308,4.0,-4.5,0.2472493,-0.3539287,0.0543271,0.2330818,5.2379134,0.1169294,-0.2016299,0.1169294,0.0669294,0.3983701,0.00,0,0,11
4,226,003o0000005Bdxe,1,0.2972500,0.0689500,227,4.0,3.0,0.2214238,0.0021967,0.0102056,0.1010229,2.4059905,-0.0749011,0.0677897,-2.0749011,-0.8249011,-1.7322103,0.00,0,1,11
5,223,003o0000005Bdxl,1,0.2369400,-0.0790400,224,3.0,3.5,0.2214238,0.0021967,0.0068401,0.0827052,1.9865679,-0.0334043,0.0756591,-2.0334043,-0.7834043,-1.7243409,0.00,1,1,8
6,224,003o0000005BdxN,1,0.3449600,0.1769800,225,3.5,3.5,0.2214238,0.0021967,0.0458104,0.2140336,4.8487102,0.0290870,-0.2120480,-1.9709130,-0.7209130,-2.0120480,0.00,0,1,11
7,225,003o0000005Bdxq,1,0.4322200,0.0810100,226,4.0,3.5,0.2214238,0.0021967,0.0506466,0.2250479,5.0744994,0.0797229,-0.2104539,-1.9202771,-0.6702771,-2.0104539,0.00,0,1,11
8,229,003o0000005BdxU,1,-0.0348800,-0.5039400,230,4.0,1.5,0.2214238,0.0021967,0.3218660,0.5673323,11.2343755,0.1341957,-0.5512327,-1.8658043,-0.6158043,-2.3512327,0.00,0,0,11
9,222,003o0000005BdxY,1,0.4950100,-0.1891600,223,2.5,3.5,0.2214238,0.0021967,0.1114668,0.3338664,7.2020450,0.2025658,0.2653938,-1.7974342,-0.5474342,-1.5346062,0.00,0,1,11
10,219,003o0000005BdyE,1,0.1464500,0.0359800,220,1.0,3.5,0.2214238,0.0021967,0.0067624,0.0822337,1.9756792,-0.0323928,0.0755850,-2.0323928,-0.7823928,-1.7244150,0.00,0,1,10
11,385,003o0000005BdyO,4,0.0050300,-0.2065700,386,2.5,-5.0,-0.2250190,-0.1624963,0.0548650,0.2342329,5.2612406,0.1222011,-0.1998297,2.1222011,0.7722011,1.5501703,0.15,0,1,9
12,330,003o0000005Bdyp,6,0.1514400,-0.4654600,331,-4.5,-1.5,0.2472493,-0.3539287,0.0216187,0.1470328,3.4294613,-0.1409826,-0.0417440,-0.1409826,-0.1909826,0.5582560,0.15,0,0,8
13,340,003o0000005BdzA,6,-0.0521400,-0.4922800,341,-4.5,3.5,0.2472493,-0.3539287,0.1087750,0.3298106,7.1259127,0.2194657,0.2461907,0.2194657,0.1694657,0.8461907,0.15,1,1,4
14,421,003o0000005Bdza,2,-0.0141600,-0.4381600,422,-4.5,5.0,0.0846223,-0.2429010,0.0478840,0.2188242,4.9471653,0.0509041,-0.2128211,4.0509041,1.7009041,-1.5428211,0.15,1,1,6
15,185,003o0000005Bdzb,0,-0.1556800,-0.4055300,186,2.0,-3.5,-0.3321476,-0.1116428,0.1175105,0.3427980,7.3688879,0.1598437,0.3032498,-3.8401563,-1.3401563,-0.0967502,0.15,0,0,8
16,308,003o0000005Bdzc,6,0.3466200,-0.2298900,309,3.5,-4.5,0.2472493,-0.3539287,0.0252601,0.1589344,3.6875237,-0.1358324,-0.0825210,-0.1358324,-0.1858324,0.5174790,0.00,1,0,5
17,366,003o0000005Bdze,6,0.0110200,-0.4154900,367,5.0,2.0,0.2472493,-0.3539287,0.0595941,0.2441189,5.4606901,0.1660972,-0.1789015,0.1660972,0.1160972,0.4210985,0.15,1,1,6
18,328,003o0000005Bdzf,6,0.1282700,-0.4022000,329,-4.5,-2.5,0.2472493,-0.3539287,0.0164862,0.1283985,3.0199851,-0.1274503,0.0155758,-0.1274503,-0.1774503,0.6155758,0.15,1,1,4
19,381,003o0000005BdzH,4,-0.0103100,-0.2813600,382,4.5,-5.0,-0.2250190,-0.1624963,0.0602285,0.2454150,5.4867206,0.1716036,-0.1754444,2.1716036,0.8216036,1.5745556,0.15,0,0,7
20,346,003o0000005BdzJ,6,0.3369400,-0.4085400,347,-2.5,4.5,0.2472493,-0.3539287,0.0110268,0.1050087,2.4963300,-0.0838958,0.0631531,-0.0838958,-0.1338958,0.6631531,0.15,0,1,7
21,329,003o0000005BdzK,6,0.1616900,-0.4780800,330,-4.5,-2.0,0.2472493,-0.3539287,0.0227339,0.1507778,3.5109510,-0.1406092,-0.0544334,-0.1406092,-0.1906092,0.5455666,0.15,0,0,8
22,382,003o0000005BdzL,4,-0.1132700,-0.3286900,383,4.0,-5.0,-0.2250190,-0.1624963,0.0401082,0.2002703,4.5636687,-0.0296746,-0.1980596,1.9703254,0.6203254,1.5519404,0.15,0,1,8
23,220,003o0000005Bdzo,1,0.2332600,0.0909900,221,1.5,3.5,0.2214238,0.0021967,0.0080244,0.0895787,2.1447786,-0.0486395,0.0752233,-2.0486395,-0.7986395,-1.7247767,0.00,0,0,7
24,336,003o0000005BdzX,6,0.0362800,-0.3205700,337,-4.5,1.5,0.2472493,-0.3539287,0.0456208,0.2135903,4.8395796,0.0270935,-0.2118650,0.0270935,-0.0229065,0.3881350,0.15,0,0,7
25,386,003o0000005BdzY,4,-0.0129200,-0.3265500,387,2.0,-5.0,-0.2250190,-0.1624963,0.0718996,0.2681410,5.9388013,0.2523967,-0.0905289,2.2523967,0.9023967,1.6594711,0.15,1,1,6
26,327,003o0000005BdzZ,6,0.1392900,-0.4669400,328,-4.5,-3.0,0.2472493,-0.3539287,0.0244268,0.1562906,3.6304287,-0.1379859,-0.0733939,-0.1379859,-0.1879859,0.5266061,0.15,0,0,7
27,412,003o0000005Be02,2,0.3576200,-0.3128100,413,-5.0,1.0,0.0846223,-0.2429010,0.0794150,0.2818067,6.2067650,0.2809843,-0.0215148,4.2809843,1.9309843,-1.3515148,0.00,0,0,7
28,288,003o0000005Be03,1,-0.0479000,-0.1150800,289,4.0,4.0,0.2214238,0.0021967,0.0862891,0.2937501,6.4386267,0.2902085,0.0454773,-1.7097915,-0.4597915,-1.7545227,0.00,1,1,4
29,306,003o0000005Be08,6,0.3948600,-0.2179100,307,4.5,-4.5,0.2472493,-0.3539287,0.0402900,0.2007237,4.5731119,-0.0278659,-0.1987800,-0.0278659,-0.0778659,0.4012200,0.00,1,1,3
30,282,003o0000005Be0A,1,-0.1015200,-0.5116000,283,1.0,4.0,0.2214238,0.0021967,0.3682797,0.6068605,11.8570576,0.4604915,-0.3952559,-1.5395085,-0.2895085,-2.1952559,0.00,1,1,6
31,283,003o0000005Be0C,1,0.0646600,0.1179600,284,1.5,4.0,0.2214238,0.0021967,0.0379760,0.1948744,4.4510274,-0.0503548,-0.1882563,-2.0503548,-0.8003548,-1.9882563,0.00,0,1,7
32,289,003o0000005Be0D,1,0.0661700,-0.1905200,290,4.5,4.0,0.2214238,0.0021967,0.0612435,0.2474742,5.5280209,0.1802005,-0.1696209,-1.8197995,-0.5697995,-1.9696209,0.00,0,1,7
33,218,003o0000005Be0E,1,0.0321500,-0.0843500,219,0.5,3.5,0.2214238,0.0021967,0.0433149,0.2081223,4.7266839,0.0029750,-0.2081011,-1.9970250,-0.7470250,-2.0081011,0.00,0,0,7
34,414,003o0000005Be0N,2,0.3304800,-0.0986400,415,-5.0,2.0,0.0846223,-0.2429010,0.0812573,0.2850566,6.2700688,0.2850321,-0.0037388,4.2850321,1.9350321,-1.3337388,0.00,0,1,7
35,221,003o0000005Be0O,1,0.2601400,0.0183600,222,2.0,3.5,0.2214238,0.0021967,0.0017602,0.0419547,1.0274616,0.0216903,0.0359128,-1.9783097,-0.7283097,-1.7640872,0.00,0,0,7
36,299,003o0000005Be0R,1,0.0426600,-0.3566700,300,4.5,-1.0,0.2214238,0.0021967,0.1607418,0.4009262,8.4283390,-0.2178213,0.3365942,-2.2178213,-0.9678213,-1.4634058,0.00,0,1,7
37,217,003o0000005Be0X,1,0.0842700,-0.0309500,218,0.0,3.5,0.2214238,0.0021967,0.0199099,0.1411023,3.2998689,-0.1393386,-0.0222400,-2.1393386,-0.8893386,-1.8222400,0.00,0,1,6
38,228,003o0000005Be0Y,1,0.4163200,-0.0104600,229,4.0,2.0,0.2214238,0.0021967,0.0381447,0.1953067,4.4600706,-0.0487582,-0.1891226,-2.0487582,-0.7987582,-1.9891226,0.00,0,0,7
39,231,003o0000005Be2d,1,0.0916000,0.0242600,232,4.0,0.5,0.2214238,0.0021967,0.0173410,0.1316853,3.0926979,-0.1315279,0.0064362,-2.1315279,-0.8815279,-1.7935639,0.00,0,1,27
40,335,003o0000005Be2Q,6,0.1229200,-0.3387700,336,-4.5,1.0,0.2472493,-0.3539287,0.0156876,0.1252500,2.9501298,-0.1229612,0.0238345,-0.1229612,-0.1729612,0.6238345,0.15,0,0,26
41,384,003o0000005Be2S,4,-0.0482600,-0.2919200,385,3.0,-5.0,-0.2250190,-0.1624963,0.0479942,0.2190759,4.9523271,0.0520617,-0.2127999,2.0520617,0.7020617,1.5372001,0.15,0,1,18
42,333,003o0000005Be2T,6,0.3237600,-0.2240400,334,-4.5,0.0,0.2472493,-0.3539287,0.0227250,0.1507480,3.5103044,-0.1406166,-0.0543317,-0.1406166,-0.1906166,0.5456683,0.15,0,0,19
43,324,003o0000005Be2U,6,0.2917800,-0.3828000,325,-4.5,-4.5,0.2472493,-0.3539287,0.0028165,0.0530711,1.2927684,0.0145659,0.0510331,0.0145659,-0.0354341,0.6510331,0.00,0,0,12
44,280,003o0000005Be2W,1,0.4945900,0.3256700,281,0.0,4.0,0.2214238,0.0021967,0.1792548,0.4233849,8.8259440,-0.3497131,0.2386535,-2.3497131,-1.0997131,-1.5613465,0.00,1,1,14
45,305,003o0000005Be2X,6,0.4541200,-0.3105300,306,4.5,-4.0,0.2472493,-0.3539287,0.0446789,0.2113740,4.7938804,0.0172061,-0.2106725,0.0172061,-0.0327939,0.3893275,0.00,0,0,17
46,303,003o0000005Be2Y,6,0.1468800,-0.5049900,304,4.5,-3.0,0.2472493,-0.3539287,0.0328935,0.1813657,4.1667782,-0.0941180,-0.1550333,-0.0941180,-0.1441180,0.4449667,0.00,1,1,15
47,295,003o0000005Be3J,1,-0.4986800,0.0945700,296,4.5,1.0,0.2214238,0.0021967,0.5270823,0.7260044,13.6452280,0.3429179,0.6399138,-1.6570821,-0.4070821,-1.1600862,0.15,0,0,13
48,144,003o0000005Be3L,0,-0.2035000,-0.1024100,145,-3.0,-3.0,-0.3321476,-0.1116428,0.0166355,0.1289785,3.0328310,-0.1282164,0.0140003,-4.1282164,-1.6282164,-0.3859997,0.00,1,1,7
49,413,003o0000005Be3M,2,0.1322900,-0.1709200,414,-5.0,1.5,0.0846223,-0.2429010,0.0074535,0.0863335,2.0702066,-0.0413458,0.0757892,3.9586542,1.6086542,-1.2542108,0.00,0,1,9
50,230,003o0000005Be3N,1,0.1431100,0.0746700,231,4.0,1.0,0.2214238,0.0021967,0.0113854,0.1067026,2.5346232,-0.0876434,0.0608611,-2.0876434,-0.8376434,-1.7391389,0.00,0,1,10
51,227,003o0000005Be3V,1,-0.3988100,0.2557900,228,4.0,2.5,0.2214238,0.0021967,0.4489996,0.6700743,12.8217028,0.6483501,0.1692385,-1.3516499,-0.1016499,-1.6307615,0.00,1,1,7
52,323,003o0000005Be3W,6,0.4509700,-0.3692900,324,-4.0,-4.5,0.2472493,-0.3539287,0.0417381,0.2042991,4.6474428,-0.0132591,-0.2038684,-0.0132591,-0.0632591,0.3961316,0.00,0,0,10
53,304,003o0000005Be3X,6,0.2859300,-0.4305400,305,4.5,-3.5,0.2472493,-0.3539287,0.0073655,0.0858225,2.0584431,-0.0402120,0.0758188,-0.0402120,-0.0902120,0.6758188,0.00,1,1,7
54,233,003o0000005Be3Y,1,0.1727600,-0.0188000,234,4.0,-0.5,0.2214238,0.0021967,0.0028090,0.0530003,1.2910868,0.0146321,0.0509404,-1.9853679,-0.7353679,-1.7490596,0.00,1,1,4
55,232,003o0000005Be3Z,1,0.0785900,-0.1358800,233,4.0,0.0,0.2214238,0.0021967,0.0394667,0.1986622,4.5301522,-0.0360035,-0.1953725,-2.0360035,-0.7860035,-1.9953725,0.00,1,0,9
56,279,003o0000005Be4e,1,-0.3340700,-0.5263000,280,-0.5,4.0,0.2214238,0.0021967,0.5878821,0.7667347,14.2283260,-0.0697981,0.7635511,-2.0697981,-0.8197981,-1.0364489,0.00,0,0,12
57,281,003o0000005Be4g,1,0.4538700,0.2267500,282,0.5,4.0,0.2214238,0.0021967,0.1044554,0.3231957,7.0012440,0.2433936,0.2126382,-1.7566064,-0.5066064,-1.5873618,0.00,0,1,11
58,332,003o0000005Be4G,6,0.3666400,-0.1728200,333,-4.5,-0.5,0.2472493,-0.3539287,0.0470545,0.2169205,4.9080872,0.0421805,-0.2127800,0.0421805,-0.0078195,0.3872200,0.15,0,0,18
59,277,003o0000005Be4h,1,-0.0495400,-0.0682900,278,-1.5,4.0,0.2214238,0.0021967,0.0783898,0.2799817,6.1711447,0.2782262,-0.0313037,-1.7217738,-0.4717738,-1.8313037,0.00,0,1,12
60,325,003o0000005Be4H,6,0.1598100,-0.4255500,326,-4.5,-4.0,0.2472493,-0.3539287,0.0127752,0.1130276,2.6770967,-0.1010520,0.0506332,-0.1010520,-0.1510520,0.6506332,0.15,0,1,12
61,287,003o0000005Be4i,1,-0.1588600,-0.1291600,288,3.5,4.0,0.2214238,0.0021967,0.1618704,0.4023311,8.4533989,-0.2269797,0.3321905,-2.2269797,-0.9769797,-1.4678095,0.00,0,1,15
62,379,003o0000005Be4I,4,-0.0477400,-0.2325300,380,5.0,-4.5,-0.2250190,-0.1624963,0.0363326,0.1906110,4.3616661,-0.0654895,-0.1790075,1.9345105,0.5845105,1.5709925,0.15,0,0,11
63,387,003o0000005Be4M,4,-0.0684700,-0.2107000,388,1.5,-5.0,-0.2250190,-0.1624963,0.0268312,0.1638023,3.7923119,-0.1303290,-0.0992247,1.8696710,0.5196710,1.6507753,0.15,0,1,16
64,104,003o0000005Be4N,5,-0.3538500,0.3116600,105,-2.5,-0.5,-0.0632939,-0.0532988,0.2176178,0.4664952,9.5718832,-0.4614568,-0.0683767,-6.4614568,-2.4614568,0.9316233,0.15,0,0,14
65,422,003o0000005Be4O,2,0.0680100,-0.2604500,423,-4.0,5.0,0.0846223,-0.2429010,0.0005839,0.0241648,0.5969353,0.0199858,0.0135833,4.0199858,1.6699858,-1.3164167,0.15,0,1,14
66,321,003o0000005Be4Q,6,0.2752900,-0.2903000,322,-3.0,-4.5,0.2472493,-0.3539287,0.0048349,0.0695334,1.6805617,-0.0076170,0.0691149,-0.0076170,-0.0576170,0.6691149,0.00,0,1,12
67,326,003o0000005Be4R,6,0.1764700,-0.3689400,327,-4.5,-3.5,0.2472493,-0.3539287,0.0052350,0.0723536,1.7463965,-0.0126401,0.0712409,-0.0126401,-0.0626401,0.6712409,0.15,0,0,11
68,331,003o0000005Be4S,6,0.1190700,-0.4270300,332,-4.5,-1.0,0.2472493,-0.3539287,0.0217737,0.1475592,3.4409319,-0.1409975,-0.0435136,-0.1409975,-0.1909975,0.5564864,0.15,0,0,12
69,380,003o0000005Be4T,4,-0.0230800,-0.2598100,381,5.0,-5.0,-0.2250190,-0.1624963,0.0502493,0.2241636,5.0564457,0.0756124,-0.2110263,2.0756124,0.7256124,1.5389737,0.15,1,0,11
70,297,003o0000005Be4U,1,0.3519200,-0.0092500,298,4.5,0.0,0.2214238,0.0021967,0.0171603,0.1309973,3.0774943,-0.1307282,0.0083910,-2.1307282,-0.8807282,-1.7916090,0.15,0,0,11
71,334,003o0000005Be4V,6,0.1372600,-0.2665700,335,-4.5,0.5,0.2472493,-0.3539287,0.0197292,0.1404606,3.2858051,-0.1390025,-0.0201860,-0.1390025,-0.1890025,0.5798140,0.15,0,0,17
72,441,003o0000005Be4X,3,0.5891400,0.0852700,442,5.5,5.0,0.3863704,0.2248236,0.0605907,0.2461518,5.5015065,0.1747018,-0.1734071,6.1747018,2.7747018,1.5565929,0.15,0,0,12
73,378,003o0000005Be4Y,4,-0.0612000,-0.4470400,379,5.0,-4.0,-0.2250190,-0.1624963,0.1078018,0.3283318,7.0980966,0.2252136,0.2389155,2.2252136,0.8752136,1.9889155,0.15,0,0,13
74,436,003o0000005Be6a,2,0.2120400,-0.4660600,437,3.0,5.0,0.0846223,-0.2429010,0.0660352,0.2569732,5.7176655,0.2169651,-0.1377003,4.2169651,1.8669651,-1.4677003,0.15,0,0,10
75,136,003o0000005Be6b,0,-0.1758600,-0.2774800,137,1.0,-3.0,-0.3321476,-0.1116428,0.0519278,0.2278767,5.1321602,0.0928715,-0.2080929,-3.9071285,-1.4071285,-0.6080929,0.15,0,1,11
76,157,003o0000005Be6c,0,-0.3505600,-0.3826900,158,-2.5,3.0,-0.3321476,-0.1116428,0.0738056,0.2716718,6.0083110,0.2614731,-0.0737388,-3.7385269,-1.2385269,-0.4737388,0.15,0,0,14
77,158,003o0000005Be6d,0,-0.4415700,-0.1669700,159,-2.0,3.0,-0.3321476,-0.1116428,0.0150344,0.1226147,2.8915121,-0.1188004,0.0303449,-4.1188004,-1.6188004,-0.3696551,0.15,0,1,11
78,162,003o0000005Be6e,0,-0.4857900,-0.2783500,163,0.0,3.0,-0.3321476,-0.1116428,0.0513973,0.2267096,5.1083876,0.0874486,-0.2091650,-3.9125514,-1.4125514,-0.6091650,0.15,0,1,11
79,114,003o0000005Be6f,5,0.0648100,0.2967600,115,-0.5,2.5,-0.0632939,-0.0532988,0.1389518,0.3727624,7.9206258,-0.0248240,0.3719349,-6.0248240,-2.0248240,1.3719349,0.15,1,1,5
80,163,003o0000005Be6g,0,-0.5115900,-0.0192300,164,0.5,3.0,-0.3321476,-0.1116428,0.0407397,0.2018408,4.5963592,-0.0233670,-0.2004836,-4.0233670,-1.5233670,-0.6004836,0.15,1,1,4
81,27,003o0000005Be6h,5,-0.2911800,0.2356500,28,1.5,0.0,-0.0632939,-0.0532988,0.1354235,0.3679993,7.8337324,0.0074512,0.3679238,-5.9925488,-1.9925488,1.3679238,0.15,0,1,10
82,137,003o0000005Be6i,0,-0.3802900,-0.0235700,138,0.5,-3.0,-0.3321476,-0.1116428,0.0100745,0.1003719,2.3912048,-0.0734144,0.0684458,-4.0734144,-1.5734144,-0.3315542,0.15,0,0,7
83,442,003o0000005Be6j,3,0.5581100,0.0164000,443,5.5,4.5,0.3863704,0.2248236,0.0729349,0.2700646,5.9766941,0.2574791,-0.0814826,6.2574791,2.8574791,1.6485174,0.15,0,0,8
84,138,003o0000005Be6k,0,-0.2399900,0.0362700,139,0.0,-3.0,-0.3321476,-0.1116428,0.0303712,0.1742734,4.0162401,-0.1117559,-0.1337231,-4.1117559,-1.6117559,-0.5337231,0.15,0,1,9
85,345,003o0000005Be6l,6,0.2990300,-0.3437000,346,-3.0,4.5,0.2472493,-0.3539287,0.0027859,0.0527814,1.2858892,0.0148352,0.0506536,0.0148352,-0.0351648,0.6506536,0.15,0,1,10
86,445,003o0000005Be6m,3,0.5344800,0.2104400,446,5.5,3.0,0.3863704,0.2248236,0.0221433,0.1488064,3.4680870,-0.1409453,-0.0477259,5.8590547,2.4590547,1.6822741,0.15,0,1,19
87,446,003o0000005Be6n,3,0.5386100,0.1277700,447,5.5,2.5,0.3863704,0.2248236,0.0325963,0.1805444,4.1493932,-0.0963605,-0.1526792,5.9036395,2.5036395,1.5773208,0.15,0,0,15
88,347,003o0000005Be6o,6,0.3105200,-0.3110300,348,-2.0,4.5,0.2472493,-0.3539287,0.0058435,0.0764427,1.8415447,-0.0204448,0.0736579,-0.0204448,-0.0704448,0.6736579,0.15,0,1,7
89,388,003o0000005Be6p,4,-0.3087800,0.3429400,389,1.0,-5.0,-0.2250190,-0.1624963,0.2624818,0.5123298,10.3412839,-0.3118020,-0.4065234,1.6881980,0.3381980,1.3434766,0.15,0,0,14
90,348,003o0000005Be6q,6,0.2147200,-0.2947300,349,-1.5,4.5,0.2472493,-0.3539287,0.0045626,0.0675473,1.6340941,-0.0042727,0.0674120,-0.0042727,-0.0542727,0.6674120,0.15,0,0,13
91,447,003o0000005Be6r,3,0.5875800,0.1604300,448,5.5,2.0,0.3863704,0.2248236,0.0446318,0.2112625,4.7915799,0.0167126,-0.2106004,6.0167126,2.6167126,1.5193996,0.15,0,0,15
92,448,003o0000005Be6s,3,0.4961600,0.1587900,449,5.5,1.5,0.3863704,0.2248236,0.0164142,0.1281179,3.0137664,-0.1270726,0.0163323,5.8729274,2.4729274,1.7463323,0.15,1,0,12
93,349,003o0000005Be6t,6,0.3029400,-0.2759600,350,-1.0,4.5,0.2472493,-0.3539287,0.0091806,0.0958153,2.2874665,-0.0629389,0.0722445,-0.0629389,-0.1129389,0.6722445,0.15,0,0,11
94,350,003o0000005Be6u,6,0.2186200,-0.2555500,351,-0.5,4.5,0.2472493,-0.3539287,0.0104980,0.1024597,2.4385954,-0.0781673,0.0662410,-0.0781673,-0.1281673,0.6662410,0.15,0,0,11
95,139,003o0000005Be6v,0,-0.5058500,-0.1769800,140,-0.5,-3.0,-0.3321476,-0.1116428,0.0344415,0.1855841,4.2558896,-0.0818071,-0.1665805,-4.0818071,-1.5818071,-0.5665805,0.15,0,1,11
96,351,003o0000005Be6w,6,0.2347300,-0.4044800,352,0.0,4.5,0.2472493,-0.3539287,0.0027122,0.0520785,1.2691927,0.0154700,0.0497277,0.0154700,-0.0345300,0.6497277,0.15,0,1,12
97,343,003o0000005Be6x,6,0.2577800,-0.3484900,344,-4.0,4.5,0.2472493,-0.3539287,0.0001405,0.0118522,0.2945639,0.0113418,0.0034410,0.0113418,-0.0386582,0.6034410,0.15,0,1,8
98,427,003o0000005Be6y,2,0.1036000,-0.5047200,428,-1.5,5.0,0.0846223,-0.2429010,0.0689094,0.2625059,5.8274643,0.2357156,-0.1155314,4.2357156,1.8857156,-1.4455314,0.15,0,0,11
99,435,003o0000005Be6z,2,0.0303300,-0.5115500,436,2.5,5.0,0.0846223,-0.2429010,0.0751200,0.2740802,6.0556125,0.2670135,-0.0618362,4.2670135,1.9170135,-1.3918362,0.15,0,0,11
100,434,003o0000005Be70,2,-0.1892700,-0.4422500,435,2.0,5.0,0.0846223,-0.2429010,0.1147570,0.3387580,7.2935586,0.1800650,0.2869383,4.1800650,1.8300650,-1.0430617,0.15,0,1,13
101,352,003o0000005Be71,6,0.1695300,-0.3850500,353,0.5,4.5,0.2472493,-0.3539287,0.0070088,0.0837187,2.0099591,-0.0355957,0.0757745,-0.0355957,-0.0855957,0.6757745,0.15,0,1,29
102,389,003o0000005Be72,4,0.0037700,-0.6106500,390,0.5,-5.0,-0.2250190,-0.1624963,0.2531861,0.5031760,10.1895056,-0.3630772,-0.3483691,1.6369228,0.2869228,1.4016309,0.15,0,0,13
103,203,003o0000005Be73,0,-0.2814900,-0.1399200,204,-3.5,0.0,-0.3321476,-0.1116428,0.0033658,0.0580154,1.4098733,0.0092958,0.0572659,-3.9907042,-1.4907042,-0.3427341,0.15,0,1,8
104,444,003o0000005Be74,3,0.4696500,0.2316600,445,5.5,3.5,0.3863704,0.2248236,0.0069822,0.0835597,2.0062916,-0.0352505,0.0757604,5.9647495,2.5647495,1.8057604,0.15,0,1,18
105,204,003o0000005Be75,0,-0.4123200,-0.2903700,205,-3.5,0.5,-0.3321476,-0.1116428,0.0383710,0.1958852,4.4721667,-0.0466047,-0.1902604,-4.0466047,-1.5466047,-0.5902604,0.15,0,1,8
106,205,003o0000005Be76,0,-0.4163300,-0.2668000,206,-3.5,1.0,-0.3321476,-0.1116428,0.0311604,0.1765231,4.0640901,-0.1065902,-0.1407087,-4.1065902,-1.6065902,-0.5407087,0.15,0,1,7
107,206,003o0000005Be77,0,-0.4795400,-0.2991400,207,-3.5,1.5,-0.3321476,-0.1116428,0.0568797,0.2384947,5.3474166,0.1414750,-0.1920014,-3.8585250,-1.3585250,-0.5920014,0.15,1,1,6
108,353,003o0000005Be78,6,0.2130700,-0.4200700,354,1.0,4.5,0.2472493,-0.3539287,0.0055429,0.0744506,1.7952372,-0.0165698,0.0725833,-0.0165698,-0.0665698,0.6725833,0.15,0,1,9
109,207,003o0000005Be79,0,-0.4880700,-0.1332900,208,-3.5,2.0,-0.3321476,-0.1116428,0.0247804,0.1574179,3.6547891,-0.1371393,-0.0772866,-4.1371393,-1.6371393,-0.4772866,0.15,0,0,11
110,296,003o0000005Be7A,1,-0.1350300,-0.4907600,297,4.5,0.5,0.2214238,0.0021967,0.3700656,0.6083302,11.8799120,0.4705406,-0.3855608,-1.5294594,-0.2794594,-2.1855608,0.15,0,0,13
111,391,003o0000005Be7a,4,-0.5139500,-0.0052000,392,-0.5,-5.0,-0.2250190,-0.1624963,0.1082233,0.3289730,7.1101620,0.2227488,0.2420872,2.2227488,0.8727488,1.9920872,0.15,0,1,23
112,208,003o0000005Be7B,0,-0.3771500,-0.3646900,209,-3.5,2.5,-0.3321476,-0.1116428,0.0660581,0.2570177,5.7185498,0.2171243,-0.1375322,-3.7828757,-1.2828757,-0.5375322,0.15,0,0,11
113,459,003o0000005Be7b,3,0.1972000,0.2795800,460,5.5,-4.0,0.3863704,0.2248236,0.0387837,0.1969358,4.4941195,-0.0426446,-0.1922632,5.9573554,2.5573554,1.5377368,0.15,1,1,12
114,209,003o0000005Be7C,0,-0.3866600,-0.1877400,210,-3.5,3.0,-0.3321476,-0.1116428,0.0087624,0.0936076,2.2370486,-0.0578536,0.0735890,-4.0578536,-1.5578536,-0.3264110,0.15,1,1,8
115,430,003o0000005Be7c,2,-0.1646000,-0.4667600,431,0.0,5.0,0.0846223,-0.2429010,0.1122246,0.3349994,7.2232711,0.1975554,0.2705484,4.1975554,1.8475554,-1.0594516,0.15,0,1,8
116,210,003o0000005Be7D,0,-0.3677000,-0.0553300,211,-3.5,3.5,-0.3321476,-0.1116428,0.0044351,0.0665966,1.6118208,-0.0027313,0.0665406,-4.0027313,-1.5027313,-0.3334594,0.15,0,1,12
117,101,003o0000005Be7e,5,0.0127600,0.1706700,102,-2.5,-2.0,-0.0632939,-0.0532988,0.0559462,0.2365295,5.3077174,0.1326412,-0.1958380,-5.8673588,-1.8673588,0.8041620,0.15,0,1,9
118,155,003o0000005Be7E,0,-0.5151600,-0.0699900,156,-3.0,2.5,-0.3321476,-0.1116428,0.0352285,0.1876926,4.3003098,-0.0751737,-0.1719808,-4.0751737,-1.5751737,-0.5719808,0.15,1,1,5
119,211,003o0000005Be7F,0,-0.3044100,-0.1124500,212,-3.0,3.5,-0.3321476,-0.1116428,0.0007700,0.0277494,0.6842829,0.0215022,0.0175409,-3.9784978,-1.4784978,-0.3824591,0.15,1,1,7
120,433,003o0000005Be7f,2,-0.0993300,-0.3957000,434,1.5,5.0,0.0846223,-0.2429010,0.0571860,0.2391359,5.3603570,0.1443347,-0.1906659,4.1443347,1.7943347,-1.5206659,0.15,0,0,17
121,406,003o0000005Be7g,4,-0.2832400,-0.2988900,407,-5.0,-2.0,-0.2250190,-0.1624963,0.0219929,0.1483001,3.4570664,-0.1409814,-0.0460126,1.8590186,0.5090186,1.7039874,0.15,0,1,10
122,407,003o0000005Be7G,4,-0.5247600,-0.1288900,408,-5.0,-1.5,-0.2250190,-0.1624963,0.0909740,0.3016190,6.5902225,0.2875133,0.0911600,2.2875133,0.9375133,1.8411600,0.15,0,0,26
123,213,003o0000005Be7H,0,-0.1971000,-0.3279500,214,-2.0,3.5,-0.3321476,-0.1116428,0.0650266,0.2550032,5.6784537,0.2097796,-0.1449799,-3.7902204,-1.2902204,-0.5449799,0.15,1,0,4
124,367,003o0000005Be7h,6,0.1733400,-0.2011300,368,5.0,1.5,0.2472493,-0.3539287,0.0288100,0.1697351,3.9194335,-0.1209245,-0.1191104,-0.1209245,-0.1709245,0.4808896,0.15,1,0,12
125,212,003o0000005Be7I,0,-0.2558400,-0.3008200,213,-2.5,3.5,-0.3321476,-0.1116428,0.0416109,0.2039874,4.6409717,-0.0145558,-0.2034674,-4.0145558,-1.5145558,-0.6034674,0.15,1,0,7
126,373,003o0000005Be7i,4,-0.0061600,-0.0028400,374,5.0,-1.5,-0.2250190,-0.1624963,0.0733894,0.2709048,5.9932274,0.2595961,-0.0774549,2.2595961,0.9095961,1.6725451,0.15,0,1,16
127,344,003o0000005Be7j,6,0.1232100,-0.5641200,345,-3.5,4.5,0.2472493,-0.3539287,0.0595661,0.2440617,5.4595404,0.1658526,-0.1790504,0.1658526,0.1158526,0.4209496,0.15,0,1,23
128,395,003o0000005Be7J,4,-0.4701900,0.0255900,396,-2.5,-5.0,-0.2250190,-0.1624963,0.0954853,0.3090069,6.7317195,0.2784411,0.1339994,2.2784411,0.9284411,1.8839994,0.15,0,1,20
129,214,003o0000005Be7K,0,-0.2384400,-0.4114900,215,-1.5,3.5,-0.3321476,-0.1116428,0.0986894,0.3141488,6.8297281,0.2683856,0.1632746,-3.7316144,-1.2316144,-0.2367254,0.15,0,0,9
130,363,003o0000005Be7k,6,0.0725400,-0.4030500,364,5.0,3.5,0.2472493,-0.3539287,0.0329362,0.1814834,4.1692695,-0.0937923,-0.1553681,-0.0937923,-0.1437923,0.4446319,0.15,0,0,12
131,156,003o0000005Be7l,0,-0.3167800,-0.2683000,157,-3.0,3.0,-0.3321476,-0.1116428,0.0247776,0.1574091,3.6545998,-0.1371462,-0.0772563,-4.1371462,-1.6371462,-0.4772563,0.15,0,1,11
132,215,003o0000005Be7L,0,-0.2755700,-0.4234400,216,-1.0,3.5,-0.3321476,-0.1116428,0.1004185,0.3168888,6.8817993,0.2617873,0.1785662,-3.7382127,-1.2382127,-0.2214338,0.15,0,1,8
133,370,003o0000005Be7M,4,-0.2266900,0.1346400,371,5.0,0.0,-0.2250190,-0.1624963,0.0882928,0.2971410,6.5040660,0.2899220,0.0651003,2.2899220,0.9399220,1.8151003,0.15,0,1,12
134,426,003o0000005Be7m,2,-0.0952800,-0.3464300,427,-2.0,5.0,0.0846223,-0.2429010,0.0430831,0.2075646,4.7151411,0.0005712,-0.2075639,4.0005712,1.6505712,-1.5375639,0.15,0,1,16
135,164,003o0000005Be7N,0,-0.5253700,-0.2596200,165,1.0,3.0,-0.3321476,-0.1116428,0.0592321,0.2433765,5.4457672,0.1629121,-0.1808086,-3.8370879,-1.3370879,-0.5808086,0.15,0,1,13
136,192,003o0000005Be7n,0,0.0314900,-0.2323800,193,-1.5,-3.5,-0.3321476,-0.1116428,0.1468098,0.3831576,8.1092257,-0.0967403,0.3707440,-4.0967403,-1.5967403,-0.0292560,0.15,0,0,13
137,165,003o0000005Be7O,0,-0.4977700,-0.2482400,166,1.5,3.0,-0.3321476,-0.1116428,0.0460896,0.2146848,4.8621155,0.0320240,-0.2122829,-3.9679760,-1.4679760,-0.6122829,0.15,0,0,22
138,174,003o0000005Be7o,0,-0.4900500,0.0766900,175,3.5,0.5,-0.3321476,-0.1116428,0.0604024,0.2457690,5.4938260,0.1730952,-0.1744720,-3.8269048,-1.3269048,-0.5744720,0.15,0,1,15
139,275,003o0000005Be7P,1,0.3895900,0.2115000,276,-2.5,4.0,0.2214238,0.0021967,0.0720878,0.2684916,5.9457124,0.2533472,-0.0888985,-1.7466528,-0.4966528,-1.8888985,0.15,0,1,19
140,449,003o0000005Be7p,3,0.5146900,0.0941300,450,5.5,1.0,0.3863704,0.2248236,0.0335467,0.1831577,4.2046717,-0.0890483,-0.1600535,5.9109517,2.5109517,1.5699465,0.15,0,1,11
141,354,003o0000005Be7Q,6,0.2109200,-0.3464300,355,1.5,4.5,0.2472493,-0.3539287,0.0013760,0.0370951,0.9105904,0.0227497,0.0293001,0.0227497,-0.0272503,0.6293001,0.15,0,1,8
142,461,003o0000005Be7q,3,0.3310800,0.4168500,462,5.5,-5.0,0.3863704,0.2248236,0.0399312,0.1998278,4.5544520,-0.0314292,-0.1973408,5.9685708,2.5685708,1.5326592,0.15,0,0,8
143,355,003o0000005Be7R,6,0.1054300,-0.3748000,356,2.0,4.5,0.2472493,-0.3539287,0.0205483,0.1433468,3.3489945,-0.1402748,-0.0295177,-0.1402748,-0.1902748,0.5704823,0.15,0,0,13
144,399,003o0000005Be7r,4,-0.2010400,-0.4030200,400,-4.5,-5.0,-0.2250190,-0.1624963,0.0584266,0.2417160,5.4123573,0.1557119,-0.1848795,2.1557119,0.8057119,1.5651205,0.15,0,0,13
145,181,003o0000005Be7s,0,-0.4846600,0.2613500,182,3.5,-3.0,-0.3321476,-0.1116428,0.1623837,0.4029686,8.4647602,-0.2311047,0.3301126,-4.2311047,-1.7311047,-0.0698874,0.15,0,1,17
146,437,003o0000005Be7S,2,-0.1113400,-0.2732300,438,3.5,5.0,0.0846223,-0.2429010,0.0393211,0.1982954,4.5225007,-0.0374281,-0.1947311,3.9625719,1.6125719,-1.5247311,0.15,0,0,18
147,166,003o0000005Be7T,0,-0.2641200,-0.0991300,167,2.0,3.0,-0.3321476,-0.1116428,0.0047843,0.0691688,1.6720387,-0.0069909,0.0688146,-4.0069909,-1.5069909,-0.3311854,0.15,0,0,16
148,431,003o0000005Be7t,2,0.4704800,-0.1136300,432,0.5,5.0,0.0846223,-0.2429010,0.1655972,0.4069363,8.5353632,-0.2563156,0.3160688,3.7436844,1.3936844,-1.0139312,0.15,0,1,16
149,423,003o0000005Be7u,2,0.3224300,0.3338200,424,-3.5,5.0,0.0846223,-0.2429010,0.3891596,0.6238266,12.1196362,0.5626059,-0.2695073,4.5626059,2.2126059,-1.5995073,0.15,0,1,15
150,453,003o0000005Be7U,3,0.2800200,0.3578200,454,5.5,-1.0,0.3863704,0.2248236,0.0289985,0.1702893,3.9312749,-0.1198958,-0.1209275,5.8801042,2.4801042,1.6090725,0.15,0,1,17
151,182,003o0000005Be7v,0,-0.4531800,0.1283600,183,3.5,-3.5,-0.3321476,-0.1116428,0.0722502,0.2687940,5.9516705,0.2541582,-0.0874859,-3.7458418,-1.2458418,-0.4874859,0.15,0,1,9
152,454,003o0000005Be7V,3,0.1992400,0.1799400,455,5.5,-1.5,0.3863704,0.2248236,0.0370323,0.1924378,4.3999955,-0.0591433,-0.1831240,5.9408567,2.5408567,1.5468760,0.15,0,1,12
153,455,003o0000005Be7W,3,0.2059200,0.2902100,456,5.5,-2.0,0.3863704,0.2248236,0.0368377,0.1919316,4.3893790,-0.0609234,-0.1820057,5.9390766,2.5390766,1.5479943,0.15,0,1,15
154,462,003o0000005Be7w,3,0.2247400,0.3145900,463,5.5,-5.5,0.3863704,0.2248236,0.0341824,0.1848848,4.2411391,-0.0839378,-0.1647326,5.9160622,2.5160622,1.5652674,0.15,0,0,15
155,176,003o0000005Be7x,0,-0.5497200,0.0891400,177,3.5,-0.5,-0.3321476,-0.1116428,0.0876515,0.2960599,6.4832212,0.2901563,0.0588285,-3.7098437,-1.2098437,-0.3411715,0.15,0,0,22
156,456,003o0000005Be7X,3,0.2602400,0.3655200,457,5.5,-2.5,0.3863704,0.2248236,0.0357044,0.1889560,4.3268894,-0.0710516,-0.1750886,5.9289484,2.5289484,1.5549114,0.15,0,1,13
157,398,003o0000005Be7y,4,0.0585600,0.0515200,399,-4.0,-5.0,-0.2250190,-0.1624963,0.1262201,0.3552746,7.6001026,0.0892310,0.3438864,2.0892310,0.7392310,2.0938864,0.15,0,1,15
158,457,003o0000005Be7Y,3,0.3697000,0.1227900,458,5.5,-3.0,0.3863704,0.2248236,0.0106888,0.1033864,2.4596010,-0.0802608,0.0651687,5.9197392,2.5197392,1.7951687,0.15,0,1,15
159,133,003o0000005Be7z,0,-0.4959700,0.0526800,134,2.5,-3.0,-0.3321476,-0.1116428,0.0538398,0.2320340,5.2166612,0.1121119,-0.2031519,-3.8878881,-1.3878881,-0.6031519,0.15,0,0,9
160,458,003o0000005Be7Z,3,0.2088600,0.2992200,459,5.5,-3.5,0.3863704,0.2248236,0.0370448,0.1924702,4.4006732,-0.0590291,-0.1831948,5.9409709,2.5409709,1.5468052,0.15,0,1,13
161,178,003o0000005Be80,0,-0.3361400,0.0636000,179,3.5,-1.5,-0.3321476,-0.1116428,0.0307260,0.1752883,4.0378370,-0.1094759,-0.1368979,-4.1094759,-1.6094759,-0.5368979,0.15,1,1,11
162,463,003o0000005Be81,3,0.2658900,0.3499400,464,5.0,-5.5,0.3863704,0.2248236,0.0301696,0.1736941,4.0039031,-0.1130201,-0.1318943,5.8869799,2.4869799,1.5981057,0.15,0,1,20
163,29,003o0000005Be82,5,-0.1076900,0.0494700,30,1.5,-1.0,-0.0632939,-0.0532988,0.0125324,0.1119484,2.6528442,-0.0988416,0.0525621,-6.0988416,-2.0988416,1.0525621,0.15,0,1,13
164,408,003o0000005Be83,4,0.0738300,-0.2226900,409,-5.0,-1.0,-0.2250190,-0.1624963,0.0929340,0.3048508,6.6522177,0.2843273,0.1099637,2.2843273,0.9343273,1.8599637,0.15,0,0,14
165,186,003o0000005Be84,0,-0.2882600,-0.2291500,187,1.5,-3.5,-0.3321476,-0.1116428,0.0157341,0.1254355,2.9542511,-0.1232407,0.0233621,-4.1232407,-1.6232407,-0.3766379,0.15,1,0,9
166,123,003o0000005Be85,5,-0.5088200,0.2255700,124,3.0,1.5,-0.0632939,-0.0532988,0.2762613,0.5256056,10.5597869,-0.2218709,-0.4764815,-6.2218709,-2.2218709,0.5235185,0.15,0,1,16
167,362,003o0000005Be86,6,0.0683800,-0.3661000,363,5.0,4.0,0.2472493,-0.3539287,0.0321424,0.1792829,4.1226633,-0.0997051,-0.1490008,-0.0997051,-0.1497051,0.4509992,0.15,0,1,9
168,23,003o0000005Be87,5,-0.2208700,0.2917700,24,0.5,1.0,-0.0632939,-0.0532988,0.1439027,0.3793451,8.0402204,-0.0702410,0.3727853,-6.0702410,-2.0702410,1.3727853,0.15,1,0,11
169,171,003o0000005Be88,0,-0.4794700,-0.0887000,172,3.5,2.0,-0.3321476,-0.1116428,0.0222303,0.1490982,3.4744356,-0.1409152,-0.0487150,-4.1409152,-1.6409152,-0.4487150,0.15,0,0,12
170,179,003o0000005Be89,0,-0.2148100,-0.4871600,180,3.5,-2.0,-0.3321476,-0.1116428,0.1547813,0.3934225,8.2940737,-0.1676069,0.3559342,-4.1676069,-1.6676069,-0.0440658,0.15,0,0,15
171,190,003o0000005Be8a,0,-0.4813000,-0.3695900,191,-0.5,-3.5,-0.3321476,-0.1116428,0.0887832,0.2979651,6.5199425,0.2896529,0.0698882,-3.7103471,-1.2103471,-0.3301118,0.15,0,1,8
172,342,003o0000005Be8A,6,0.2472800,-0.3584100,343,-4.5,4.5,0.2472493,-0.3539287,0.0000201,0.0044814,0.1117853,0.0044535,0.0004999,0.0044535,-0.0455465,0.6004999,0.15,1,0,7
173,142,003o0000005Be8b,0,-0.4393300,0.0110800,143,-2.0,-3.0,-0.3321476,-0.1116428,0.0265490,0.1629385,3.7737500,-0.1314514,-0.0962782,-4.1314514,-1.6314514,-0.4962782,0.15,0,1,7
174,339,003o0000005Be8B,6,0.3247300,-0.1735100,340,-4.5,3.0,0.2472493,-0.3539287,0.0385542,0.1963521,4.4819262,-0.0448523,-0.1911608,-0.0448523,-0.0948523,0.4088393,0.15,0,0,10
175,294,003o0000005Be8C,1,0.0453200,0.0116500,295,4.5,1.5,0.2214238,0.0021967,0.0311019,0.1763574,4.0605670,-0.1069847,-0.1402005,-2.1069847,-0.8569847,-1.9402005,0.15,0,0,15
176,357,003o0000005Be8c,6,-0.0263000,-0.4237800,358,3.0,4.5,0.2472493,-0.3539287,0.0797084,0.2823268,6.2169054,0.2817069,-0.0186989,0.2817069,0.2317069,0.5813011,0.15,0,1,12
177,172,003o0000005Be8D,0,-0.2668200,0.0193100,173,3.5,1.5,-0.3321476,-0.1116428,0.0214163,0.1463432,3.4144269,-0.1409301,-0.0394339,-4.1409301,-1.6409301,-0.4394339,0.15,0,0,12
178,272,003o0000005Be8d,1,0.2043000,0.0756100,273,-4.0,4.0,0.2214238,0.0021967,0.0056827,0.0753840,1.8169443,-0.0183688,0.0731118,-2.0183688,-0.7683688,-1.7268882,0.15,0,1,11
179,25,003o0000005Be8e,5,-0.1194700,0.1376400,26,1.5,1.0,-0.0632939,-0.0532988,0.0396134,0.1990311,4.5378453,-0.0345635,-0.1960070,-6.0345635,-2.0345635,0.8039930,0.15,1,0,8
180,428,003o0000005Be8E,2,-0.1543700,-0.3179700,429,-1.0,5.0,0.0846223,-0.2429010,0.0627527,0.2505048,5.5886829,0.1924810,-0.1603239,4.1924810,1.8424810,-1.4903239,0.15,0,1,13
181,24,003o0000005Be8f,5,-0.1890700,0.4076000,25,1.0,1.0,-0.0632939,-0.0532988,0.2282473,0.4777524,9.7630566,-0.4506769,-0.1585487,-6.4506769,-2.4506769,0.8414513,0.15,1,1,10
182,358,003o0000005Be8F,6,0.0423700,-0.4780800,359,3.5,4.5,0.2472493,-0.3539287,0.0573891,0.2395601,5.3689148,0.1462200,-0.1897598,0.1462200,0.0962200,0.4102402,0.15,1,0,11
183,159,003o0000005Be8G,0,-0.5706800,-0.1318600,160,-1.5,3.0,-0.3321476,-0.1116428,0.0573064,0.2393876,5.3654352,0.1454540,-0.1901304,-3.8545460,-1.3545460,-0.5901304,0.15,0,0,8
184,193,003o0000005Be8g,0,-0.0724100,-0.1526100,194,-2.0,-3.5,-0.3321476,-0.1116428,0.0691419,0.2629485,5.8362275,0.2371181,-0.1136527,-3.7628819,-1.2628819,-0.5136527,0.15,0,1,8
185,102,003o0000005Be8H,5,0.0324500,0.1936500,103,-2.5,-1.5,-0.0632939,-0.0532988,0.0701506,0.2648596,5.8740282,0.2429972,-0.1053707,-5.7570028,-1.7570028,0.8946293,0.15,0,1,11
186,153,003o0000005Be8h,0,-0.3049900,0.1925100,154,-3.0,1.5,-0.3321476,-0.1116428,0.0932465,0.3053629,6.6620265,0.2837108,0.1129366,-3.7162892,-1.2162892,-0.2870634,0.15,1,1,13
187,20,003o0000005Be8I,5,-0.1707900,0.5358900,21,-1.0,1.0,-0.0632939,-0.0532988,0.3586988,0.5989147,11.7331276,0.4027576,-0.4432665,-5.5972424,-1.5972424,0.5567335,0.15,0,1,23
188,374,003o0000005Be8i,4,-0.2426300,-0.2186900,375,5.0,-2.0,-0.2250190,-0.1624963,0.0034679,0.0588887,1.4304981,0.0082349,0.0583100,2.0082349,0.6582349,1.8083100,0.15,0,0,17
189,111,003o0000005Be8J,5,-0.0212400,0.2373500,112,-2.0,2.5,-0.0632939,-0.0532988,0.0862453,0.2936754,6.4371834,0.2902000,0.0450469,-5.7098000,-1.7098000,1.0450469,0.15,0,1,9
190,273,003o0000005Be8j,1,0.3547400,-0.1369100,274,-3.5,4.0,0.2214238,0.0021967,0.0371239,0.1926756,4.4049789,-0.0583019,-0.1836430,-2.0583019,-0.8083019,-1.9836430,0.15,0,1,10
191,107,003o0000005Be8K,5,-0.3760700,0.3909800,108,-2.5,1.0,-0.0632939,-0.0532988,0.2952125,0.5433346,10.8486356,-0.0795499,-0.5374796,-6.0795499,-2.0795499,0.4625204,0.15,1,1,8
192,400,003o0000005Be8k,4,-0.3596700,-0.2749000,401,-5.0,-5.0,-0.2250190,-0.1624963,0.0307655,0.1754009,4.0402316,-0.1092178,-0.1372477,1.8907822,0.5407822,1.6127523,0.15,0,1,8
193,103,003o0000005Be8L,5,-0.2104900,0.2484300,104,-2.5,-1.0,-0.0632939,-0.0532988,0.1127070,0.3357186,7.2367349,0.1943113,0.2737701,-5.8056887,-1.8056887,1.2737701,0.15,0,1,8
194,121,003o0000005Be8l,5,-0.3226300,0.3916200,122,3.0,2.5,-0.0632939,-0.0532988,0.2652079,0.5149834,10.3851127,-0.2952121,-0.4219689,-6.2952121,-2.2952121,0.5780311,0.15,0,1,20
195,113,003o0000005Be8m,5,-0.0530700,0.2454600,114,-1.0,2.5,-0.0632939,-0.0532988,0.0893613,0.2989337,6.5385922,0.2892365,0.0755223,-5.7107635,-1.7107635,1.0755223,0.15,1,1,6
196,425,003o0000005Be8M,2,0.2391400,-0.4934800,426,-2.5,5.0,0.0846223,-0.2429010,0.0866656,0.2943902,6.4509922,0.2902550,0.0491692,4.2902550,1.9402550,-1.2808308,0.15,1,0,7
197,161,003o0000005Be8N,0,-0.3234300,0.1315300,162,-0.5,3.0,-0.3321476,-0.1116428,0.0592090,0.2433290,5.4448123,0.1627077,-0.1809288,-3.8372923,-1.3372923,-0.5809288,0.15,0,1,20
198,405,003o0000005Be8n,4,-0.5538500,-0.2488700,406,-5.0,-2.5,-0.2250190,-0.1624963,0.1155902,0.3399856,7.3164721,0.1740721,0.2920430,2.1740721,0.8240721,2.0420430,0.15,0,0,7
199,152,003o0000005Be8o,0,-0.1535700,0.0874000,153,-3.0,1.0,-0.3321476,-0.1116428,0.0715080,0.2674098,5.9243826,0.2503806,-0.0939019,-3.7496194,-1.2496194,-0.4939019,0.15,0,1,11
200,360,003o0000005Be8O,6,0.4092700,-0.2655100,361,4.5,4.5,0.2472493,-0.3539287,0.0340686,0.1845768,4.2346388,-0.0848652,-0.1639100,-0.0848652,-0.1348652,0.4360900,0.15,0,0,15
201,440,003o0000005Be8P,2,0.1515900,-0.2550400,441,5.0,5.0,0.0846223,-0.2429010,0.0046320,0.0680591,1.6460757,-0.0051186,0.0678663,3.9948814,1.6448814,-1.2621337,0.15,0,0,10
202,464,003o0000005Be8p,3,0.2174500,0.3097800,465,4.5,-5.5,0.3863704,0.2248236,0.0357517,0.1890812,4.3295222,-0.0706372,-0.1753912,5.9293628,2.5293628,1.5546088,0.15,0,1,24
203,134,003o0000005Be8q,0,-0.3874600,0.0618600,135,2.0,-3.0,-0.3321476,-0.1116428,0.0331627,0.1821063,4.1824455,-0.0920519,-0.1571278,-4.0920519,-1.5920519,-0.5571278,0.15,0,1,10
204,173,003o0000005Be8Q,0,-0.2267400,0.0286100,174,3.5,1.0,-0.3321476,-0.1116428,0.0307816,0.1754469,4.0412107,-0.1091120,-0.1373906,-4.1091120,-1.6091120,-0.5373906,0.15,0,1,10
205,184,003o0000005Be8r,0,-0.3032400,-0.2223300,185,2.5,-3.5,-0.3321476,-0.1116428,0.0130873,0.1143997,2.7078977,-0.1038085,0.0480738,-4.1038085,-1.6038085,-0.3519262,0.15,0,1,9
206,141,003o0000005Be8s,0,-0.4170500,0.0208800,142,-1.5,-3.0,-0.3321476,-0.1116428,0.0247707,0.1573872,3.6541253,-0.1371637,-0.0771805,-4.1371637,-1.6371637,-0.4771805,0.15,1,1,7
207,396,003o0000005Be8t,4,-0.5237300,-0.1049000,397,-3.0,-5.0,-0.2250190,-0.1624963,0.0925456,0.3042131,6.6399961,0.2850524,0.1062579,2.2850524,0.9350524,1.8562579,0.15,0,0,10
208,187,003o0000005Be8u,0,-0.2985800,-0.3788800,188,1.0,-3.5,-0.3321476,-0.1116428,0.0725425,0.2693371,5.9623705,0.2555952,-0.0849327,-3.7444048,-1.2444048,-0.4849327,0.15,0,1,12
209,361,003o0000005Be8v,6,0.2511900,-0.4403800,362,5.0,4.5,0.2472493,-0.3539287,0.0074894,0.0865411,2.0749835,-0.0418076,0.0757726,-0.0418076,-0.0918076,0.6757726,0.15,0,0,9
210,180,003o0000005Be8w,0,-0.5158900,0.1393200,181,3.5,-2.5,-0.3321476,-0.1116428,0.0967436,0.3110363,6.7704482,0.2748372,0.1456300,-3.7251628,-1.2251628,-0.2543700,0.15,0,0,9
211,189,003o0000005Be8x,0,-0.2163500,-0.5872200,190,0.0,-3.5,-0.3321476,-0.1116428,0.2395827,0.4894719,9.9605405,-0.4208869,-0.2498739,-4.4208869,-1.9208869,-0.6498739,0.15,0,1,10
212,401,003o0000005Be8y,4,-0.3842500,-0.3513300,402,-5.0,-4.5,-0.2250190,-0.1624963,0.0610127,0.2470074,5.5186650,0.1782688,-0.1709763,2.1782688,0.8282688,1.5790237,0.15,0,1,13
213,390,003o0000005Be8z,4,-0.4315300,-0.1244200,391,0.0,-5.0,-0.2250190,-0.1624963,0.0440966,0.2099919,4.7653414,0.0111144,-0.2096976,2.0111144,0.6611144,1.5403024,0.15,1,0,17
214,376,003o0000005Be90,4,-0.0047400,-0.0517600,377,5.0,-3.0,-0.2250190,-0.1624963,0.0607854,0.2465469,5.5094316,0.1763532,-0.1722932,2.1763532,0.8263532,1.5777068,0.15,0,0,14
215,132,003o0000005Be91,0,-0.2412100,-0.0057500,133,3.0,-3.0,-0.3321476,-0.1116428,0.0194829,0.1395813,3.2665229,-0.1384935,-0.0173926,-4.1384935,-1.6384935,-0.4173926,0.15,0,0,10
216,439,003o0000005Be92,2,-0.1161700,-0.4436500,440,4.5,5.0,0.0846223,-0.2429010,0.0806177,0.2839326,6.2481922,0.2837587,-0.0099336,4.2837587,1.9337587,-1.3399336,0.15,0,0,18
217,112,003o0000005Be93,5,-0.0977900,0.2582300,113,-1.5,2.5,-0.0632939,-0.0532988,0.0982402,0.3134329,6.8161058,0.2699682,0.1592399,-5.7300318,-1.7300318,1.1592399,0.15,0,1,9
218,465,003o0000005Be94,3,0.2738100,0.3710900,466,4.0,-5.5,0.3863704,0.2248236,0.0340637,0.1845635,4.2343598,-0.0849048,-0.1638746,5.9150952,2.5150952,1.5661254,0.15,0,1,16
219,438,003o0000005Be95,2,-0.4292400,0.3976900,439,4.0,5.0,0.0846223,-0.2429010,0.6744112,0.8212254,14.9877397,-0.6172809,0.5416415,3.3827191,1.0327191,-0.7883585,0.15,0,1,14
220,195,003o0000005Be96,0,-0.1539700,-0.2200700,196,-3.0,-3.5,-0.3321476,-0.1116428,0.0435037,0.2085754,4.7360585,0.0049364,-0.2085170,-3.9950636,-1.4950636,-0.6085170,0.15,1,1,9
221,429,003o0000005Be97,2,-0.1263000,-0.4015000,430,-0.5,5.0,0.0846223,-0.2429010,0.0696419,0.2638974,5.8550036,0.2400734,-0.1095748,4.2400734,1.8900734,-1.4395748,0.15,0,1,9
222,188,003o0000005Be98,0,-0.3655000,-0.2396200,189,0.5,-3.5,-0.3321476,-0.1116428,0.0174905,0.1322518,3.1052098,-0.1321643,0.0048106,-4.1321643,-1.6321643,-0.3951894,0.15,0,0,21
223,393,003o0000005Be99,4,0.0025500,-0.1323700,394,-1.5,-5.0,-0.2250190,-0.1624963,0.0526953,0.2295545,5.1662971,0.1006553,-0.2063099,2.1006553,0.7506553,1.5436901,0.15,0,0,13
224,26,003o0000005Be9A,5,-0.0860700,0.0937900,27,1.5,0.5,-0.0632939,-0.0532988,0.0221539,0.1488417,3.4688564,-0.1409420,-0.0478457,-6.1409420,-2.1409420,0.9521543,0.15,0,0,11
225,424,003o0000005Be9a,2,0.0141200,-0.5030500,425,-3.0,5.0,0.0846223,-0.2429010,0.0726481,0.2695331,5.9662297,0.2561073,-0.0840068,4.2561073,1.9061073,-1.4140068,0.15,0,1,14
226,124,003o0000005Be9b,5,-0.4610700,0.2741400,125,3.0,1.0,-0.0632939,-0.0532988,0.2654420,0.5152106,10.3888612,-0.2937578,-0.4232592,-6.2937578,-2.2937578,0.5767408,0.15,1,1,7
227,432,003o0000005Be9B,2,-0.1424100,-0.3547000,433,1.0,5.0,0.0846223,-0.2429010,0.0640427,0.2530665,5.6398443,0.2024775,-0.1518075,4.2024775,1.8524775,-1.4818075,0.15,0,0,14
228,28,003o0000005Be9c,5,-0.2988400,0.2190800,29,1.5,-0.5,-0.0632939,-0.0532988,0.1296722,0.3601002,7.6889597,0.0591551,0.3552082,-5.9408449,-1.9408449,1.3552082,0.15,1,1,7
229,451,003o0000005Be9C,3,0.5272300,0.1499300,452,5.5,0.0,0.3863704,0.2248236,0.0254505,0.1595321,3.7004132,-0.1352642,-0.0845817,5.8647358,2.4647358,1.6454183,0.15,0,1,8
230,135,003o0000005Be9D,0,-0.1908900,0.0225900,136,1.5,-3.0,-0.3321476,-0.1116428,0.0379722,0.1948645,4.4508193,-0.0503914,-0.1882362,-4.0503914,-1.5503914,-0.5882362,0.15,0,1,14
231,169,003o0000005Be9d,0,-0.3438200,-0.1126000,170,3.5,3.0,-0.3321476,-0.1116428,0.0001372,0.0117116,0.2910880,0.0112189,0.0033612,-3.9887811,-1.4887811,-0.3966388,0.15,0,1,15
232,105,003o0000005Be9E,5,0.1182300,0.1620600,106,-2.5,0.0,-0.0632939,-0.0532988,0.0793303,0.2816564,6.2038332,0.2807701,-0.0223266,-5.7192299,-1.7192299,0.9776734,0.15,0,1,9
233,276,003o0000005Be9e,1,0.2577800,-0.1994600,277,-2.0,4.0,0.2214238,0.0021967,0.0419872,0.2049077,4.6600752,-0.0107146,-0.2046274,-2.0107146,-0.7607146,-2.0046274,0.15,0,1,15
234,371,003o0000005Be9F,4,-0.1601600,-0.0091600,372,5.0,-0.5,-0.2250190,-0.1624963,0.0277187,0.1664894,3.8499685,-0.1264353,-0.1083182,1.8735647,0.5235647,1.6416818,0.15,0,0,17
235,402,003o0000005Be9f,4,-0.3917000,-0.1474000,403,-5.0,-4.0,-0.2250190,-0.1624963,0.0280104,0.1673632,3.8686888,-0.1250384,-0.1112468,1.8749616,0.5249616,1.6387532,0.15,0,0,14
236,274,003o0000005Be9G,1,0.1850600,-0.3004400,275,-3.0,4.0,0.2214238,0.0021967,0.0929113,0.3048135,6.6515033,0.2843710,0.1097471,-1.7156290,-0.4656290,-1.6902529,0.15,0,0,8
237,377,003o0000005Be9g,4,-0.0152800,-0.3713600,378,5.0,-3.5,-0.2250190,-0.1624963,0.0876145,0.2959974,6.4820156,0.2901658,0.0584662,2.2901658,0.9401658,1.8084662,0.15,1,0,8
238,160,003o0000005Be9h,0,-0.5016600,0.0210500,161,-1.0,3.0,-0.3321476,-0.1116428,0.0463418,0.2152715,4.8741886,0.0346791,-0.2124599,-3.9653209,-1.4653209,-0.6124599,0.15,0,1,10
239,191,003o0000005Be9H,0,-0.2858700,-0.5038900,192,-1.0,-3.5,-0.3321476,-0.1116428,0.1559995,0.3949677,8.3217810,-0.1781001,0.3525334,-4.1781001,-1.6781001,-0.0474666,0.15,0,0,12
240,30,003o0000005Be9I,5,-0.2491700,0.2243900,31,1.5,-1.5,-0.0632939,-0.0532988,0.1116610,0.3341571,7.2074932,0.2012920,0.2667256,-5.7987080,-1.7987080,1.2667256,0.15,0,0,8
241,443,003o0000005Be9i,3,0.5054000,0.1697900,444,5.5,4.0,0.3863704,0.2248236,0.0171967,0.1311364,3.0805687,-0.1308923,0.0079975,5.8691077,2.4691077,1.7379975,0.15,0,1,9
242,120,003o0000005Be9j,5,-0.3628100,0.2312100,121,2.5,2.5,-0.0632939,-0.0532988,0.1706551,0.4131043,8.6447224,-0.2936653,0.2905441,-6.2936653,-2.2936653,1.2905441,0.15,0,0,10
243,452,003o0000005Be9J,3,0.4994700,0.1153200,453,5.5,-0.5,0.3863704,0.2248236,0.0247826,0.1574248,3.6549378,-0.1371338,-0.0773104,5.8628662,2.4628662,1.6526897,0.15,0,1,9
244,154,003o0000005Be9k,0,-0.1047100,0.0724400,155,-3.0,2.0,-0.3321476,-0.1116428,0.0856144,0.2925993,6.4163790,0.2900077,0.0388572,-3.7099923,-1.2099923,-0.3611428,0.15,0,1,13
245,338,003o0000005Be9K,6,0.3845500,-0.2939300,339,-4.5,2.5,0.2472493,-0.3539287,0.0224513,0.1498377,3.4905199,-0.1408085,-0.0512280,-0.1408085,-0.1908085,0.5487720,0.15,0,1,10
246,122,003o0000005Be9l,5,-0.3297300,0.1783300,123,3.0,2.0,-0.0632939,-0.0532988,0.1246401,0.3530440,7.5589222,0.1026640,0.3377872,-5.8973360,-1.8973360,1.3377872,0.15,0,1,12
247,175,003o0000005Be9L,0,-0.3600000,0.0001700,176,3.5,0.0,-0.3321476,-0.1116428,0.0132779,0.1152296,2.7265080,-0.1054446,0.0464684,-4.1054446,-1.6054446,-0.3535316,0.15,1,1,19
248,21,003o0000005Be9m,5,-0.2727200,0.3341200,22,-0.5,1.0,-0.0632939,-0.0532988,0.1939526,0.4404005,9.1230302,-0.4205026,0.1308824,-6.4205026,-2.4205026,1.1308824,0.15,0,1,11
249,183,003o0000005Be9M,0,-0.2483400,-0.1735400,184,3.0,-3.5,-0.3321476,-0.1116428,0.0108550,0.1041872,2.4777377,-0.0820602,0.0641957,-4.0820602,-1.5820602,-0.3358043,0.15,0,1,9
250,194,003o0000005Be9n,0,-0.2920500,-0.0161800,195,-2.5,-3.5,-0.3321476,-0.1116428,0.0107210,0.1035421,2.4631278,-0.0806114,0.0649829,-4.0806114,-1.5806114,-0.3350171,0.15,0,1,16
251,397,003o0000005Be9N,4,-0.5239200,-0.0684700,398,-3.5,-5.0,-0.2250190,-0.1624963,0.0981827,0.3133413,6.8143619,0.2701665,0.1587224,2.2701665,0.9201665,1.9087224,0.15,0,1,12
252,170,003o0000005Be9O,0,-0.3789800,0.0870900,171,3.5,2.5,-0.3321476,-0.1116428,0.0416880,0.2041764,4.6448966,-0.0137699,-0.2037116,-4.0137699,-1.5137699,-0.6037116,0.15,0,0,14
253,409,003o0000005Be9o,4,-0.4114100,-0.2267500,410,-5.0,-0.5,-0.2250190,-0.1624963,0.0388701,0.1971551,4.4986996,-0.0418100,-0.1926708,1.9581900,0.6081900,1.5573292,0.15,0,0,12
254,22,003o0000005Be9P,5,-0.2369900,0.3319400,23,0.0,1.0,-0.0632939,-0.0532988,0.1785793,0.4225864,8.8119155,-0.3456777,0.2430765,-6.3456777,-2.3456777,1.2430765,0.15,0,1,12
255,143,003o0000005Be9p,0,-0.2294800,-0.1443200,144,-2.5,-3.0,-0.3321476,-0.1116428,0.0116084,0.1077425,2.5581029,-0.0899159,0.0593596,-4.0899159,-1.5899159,-0.3406404,0.15,1,1,7
256,140,003o0000005Be9q,0,-0.1893100,-0.0174400,141,-1.0,-3.0,-0.3321476,-0.1116428,0.0292768,0.1711045,3.9486834,-0.1183363,-0.1235851,-4.1183363,-1.6183363,-0.5235851,0.15,1,1,6
257,394,003o0000005Be9Q,4,-0.6279300,0.0190500,395,-2.0,-5.0,-0.2250190,-0.1624963,0.1952963,0.4419234,9.1494487,-0.4252787,0.1201430,1.5747213,0.2247213,1.8701430,0.15,0,1,13
258,359,003o0000005Be9R,6,0.0012000,-0.3843700,360,4.0,4.5,0.2472493,-0.3539287,0.0614669,0.2479252,5.5370586,0.1820573,-0.1682915,0.1820573,0.1320573,0.4317085,0.15,0,1,17
259,372,003o0000005Be9r,4,-0.1811500,0.0572300,373,5.0,-1.0,-0.2250190,-0.1624963,0.0502042,0.2240628,5.0543880,0.0751442,-0.2110865,2.0751442,0.7251442,1.5389135,0.15,0,0,9
260,131,003o0000005Be9S,0,-0.5520700,0.0401100,132,3.0,-2.5,-0.3321476,-0.1116428,0.0713948,0.2671980,5.9202044,0.2497881,-0.0948720,-3.7502119,-1.2502119,-0.4948720,0.15,0,1,12
261,364,003o0000005Be9s,6,0.3019000,-0.4386800,365,5.0,3.0,0.2472493,-0.3539287,0.0101695,0.1008439,2.4019264,-0.0744927,0.0679730,-0.0744927,-0.1244927,0.6679730,0.15,1,1,9
262,31,003o0000005Be9t,5,-0.2021900,0.1647100,32,1.0,-1.5,-0.0632939,-0.0532988,0.0668200,0.2584956,5.7479253,0.2223414,-0.1318495,-5.7776586,-1.7776586,0.8681505,0.15,1,1,14
263,392,003o0000005Be9T,4,-0.3816600,-0.0901100,393,-1.0,-5.0,-0.2250190,-0.1624963,0.0297762,0.1725578,3.9796870,-0.1154205,-0.1282742,1.8845795,0.5345795,1.6217258,0.15,0,1,14
264,109,003o0000005Be9u,5,-0.4432000,0.1533500,110,-2.5,2.0,-0.0632939,-0.0532988,0.1870324,0.4324724,8.9850471,-0.3913297,0.1841017,-6.3913297,-2.3913297,1.1841017,0.15,0,0,16
265,177,003o0000005Be9U,0,-0.2261800,-0.3822100,178,3.5,-1.0,-0.3321476,-0.1116428,0.0844357,0.2905783,6.3772596,0.2892934,0.0272957,-3.7107066,-1.2107066,-0.3727044,0.15,0,1,21
266,365,003o0000005Be9v,6,0.1700200,-0.3325900,366,5.0,2.5,0.2472493,-0.3539287,0.0064197,0.0801230,1.9268735,-0.0279309,0.0750970,-0.0279309,-0.0779309,0.6750970,0.15,0,1,15
267,375,003o0000005Be9V,4,-0.1098500,-0.0636100,376,5.0,-2.5,-0.2250190,-0.1624963,0.0230424,0.1517973,3.5330892,-0.1403121,-0.0579216,1.8596879,0.5096879,1.6920784,0.15,1,0,8
268,168,003o0000005Be9W,0,-0.3914900,-0.0004500,169,3.0,3.0,-0.3321476,-0.1116428,0.0158854,0.1260372,2.9676132,-0.1241345,0.0218174,-4.1241345,-1.6241345,-0.3781826,0.15,0,0,11
269,450,003o0000005Be9w,3,0.5229700,0.0565000,451,5.5,0.5,0.3863704,0.2248236,0.0469923,0.2167770,4.9051398,0.0415257,-0.2127625,6.0415257,2.6415257,1.5172375,0.15,0,0,25
270,356,003o0000005Be9x,6,0.0718500,-0.5238200,357,2.5,4.5,0.2472493,-0.3539287,0.0596280,0.2441884,5.4620852,0.1663940,-0.1787205,0.1663940,0.1163940,0.4212795,0.15,0,0,16
271,404,003o0000005Be9X,4,-0.3332700,-0.3129500,405,-5.0,-3.0,-0.2250190,-0.1624963,0.0343546,0.1853499,4.2509497,-0.0825247,-0.1659646,1.9174753,0.5674753,1.5840354,0.15,0,1,13
272,337,003o0000005Be9Y,6,0.4310500,-0.3218300,338,-4.5,2.0,0.2472493,-0.3539287,0.0348130,0.1865825,4.2769336,-0.0787049,-0.1691703,-0.0787049,-0.1287049,0.4308297,0.15,0,0,14
273,368,003o0000005Be9y,6,0.4442600,-0.4030100,369,5.0,1.0,0.2472493,-0.3539287,0.0412222,0.2030325,4.6211369,-0.0185014,-0.2021878,-0.0185014,-0.0685014,0.3978122,0.15,0,0,11
274,167,003o0000005Be9Z,0,-0.1545800,-0.1816500,168,2.5,3.0,-0.3321476,-0.1116428,0.0364313,0.1908697,4.3670980,-0.0646038,-0.1796040,-4.0646038,-1.5646038,-0.5796040,0.15,0,1,11
275,403,003o0000005Be9z,4,-0.4356000,-0.0667100,404,-5.0,-3.5,-0.2250190,-0.1624963,0.0535194,0.2313425,5.2026268,0.1089243,-0.2040952,2.1089243,0.7589243,1.5459048,0.15,1,0,11
276,108,003o0000005BeA0,5,-0.1936800,0.3148700,109,-2.5,1.5,-0.0632939,-0.0532988,0.1525488,0.3905750,8.2429325,-0.1481130,0.3614019,-6.1481130,-2.1481130,1.3614019,0.15,0,0,11
277,110,003o0000005BeA1,5,-0.1385700,0.2190800,111,-2.5,2.5,-0.0632939,-0.0532988,0.0798567,0.2825893,6.2220227,0.2820609,-0.0172731,-5.7179391,-1.7179391,0.9827269,0.15,0,0,9
278,106,003o0000005BeA2,5,-0.0403500,0.1112000,107,-2.5,0.5,-0.0632939,-0.0532988,0.0275863,0.1660912,3.8414320,-0.1270507,-0.1069785,-6.1270507,-2.1270507,0.8930215,0.15,1,1,6
279,341,003o0000005BeA3,6,0.3470900,-0.4799000,342,-4.5,4.0,0.2472493,-0.3539287,0.0258369,0.1607388,3.7264165,-0.1340255,-0.0887362,-0.1340255,-0.1840255,0.5112638,0.15,0,1,11
280,269,003o0000005Bebp,1,0.2868500,0.1332300,270,-4.0,2.5,0.2214238,0.0021967,0.0214503,0.1464593,3.4169576,-0.1409416,-0.0398220,-2.1409416,-0.8909416,-1.8398220,0.00,0,0,9
281,270,003o0000005Bebp,1,0.2868500,0.1332300,271,-4.0,3.0,0.2214238,0.0021967,0.0214503,0.1464593,3.4169576,-0.1409416,-0.0398220,-2.1409416,-0.8909416,-1.8398220,0.00,0,0,9
282,118,003o0000005Bebs,5,0.3481800,0.5406800,119,1.5,2.5,-0.0632939,-0.0532988,0.5221216,0.7225798,13.5955766,0.3724894,0.6191714,-5.6275106,-1.6275106,1.6191714,0.00,0,1,9
283,145,003o0000005BebU,0,-0.2918600,-0.3246700,146,-3.0,-2.5,-0.3321476,-0.1116428,0.0470037,0.2168033,4.9056792,0.0416455,-0.2127659,-3.9583545,-1.4583545,-0.6127659,0.00,0,1,16
284,51,003o0000005BedD,5,-0.0341200,0.4927200,52,2.0,0.5,-0.0632939,-0.0532988,0.2989876,0.5467976,10.9046687,-0.0496385,-0.5445399,-6.0496385,-2.0496385,0.4554601,0.00,1,0,5
285,266,003o0000005BedO,1,0.2527600,0.1573500,267,-4.0,1.0,0.2214238,0.0021967,0.0250545,0.1582862,3.6735369,-0.1364146,-0.0802843,-2.1364146,-0.8864146,-1.8802843,0.00,0,1,13
286,99,003o0000005Beed,5,-0.1287800,0.3866400,100,-2.0,-2.5,-0.0632939,-0.0532988,0.1978346,0.4447860,9.1990301,-0.4335004,0.0995588,-6.4335004,-2.4335004,1.0995588,0.00,0,0,8
287,49,003o0000005Beee,5,0.0433900,0.5166000,50,2.0,1.5,-0.0632939,-0.0532988,0.3361661,0.5797983,11.4324300,0.2453083,-0.5253474,-5.7546917,-1.7546917,0.4746526,0.00,1,0,15
288,87,003o0000005Beei,5,0.0364200,0.3582400,88,2.5,-1.0,-0.0632939,-0.0532988,0.1793071,0.4234466,8.8270284,-0.3500228,0.2383089,-6.3500228,-2.3500228,1.2383089,0.00,0,0,10
289,74,003o0000005Bees,5,-0.1415100,0.3371600,75,-1.0,2.0,-0.0632939,-0.0532988,0.1585758,0.3982158,8.3799250,-0.1999159,0.3443972,-6.1999159,-2.1999159,1.3443972,0.00,1,0,7
290,57,003o0000005Befi,5,-0.0333700,0.4655800,58,1.5,-2.0,-0.0632939,-0.0532988,0.2701307,0.5197409,10.4634972,-0.2636772,-0.4478895,-6.2636772,-2.2636772,0.5521105,0.00,0,0,8
291,17,003o0000005Befo,5,-0.4163500,-0.4430200,18,-1.0,-0.5,-0.0632939,-0.0532988,0.2765312,0.5258623,10.5639931,-0.2199722,-0.4776436,-6.2199722,-2.2199722,0.5223564,0.00,0,1,13
292,129,003o0000005Befp,0,-0.4737100,0.3374400,130,3.0,-1.5,-0.3321476,-0.1116428,0.2217153,0.4708665,9.6462928,-0.4593613,-0.1034530,-4.4593613,-1.9593613,-0.5034530,0.00,0,0,15
293,7,003o0000005BefR,5,-0.2750300,0.3003000,8,0.0,0.5,-0.0632939,-0.0532988,0.1698643,0.4121459,8.6277623,-0.2880259,0.2947971,-6.2880259,-2.2880259,1.2947971,0.00,0,0,12
294,9,003o0000005Befv,5,-0.0271800,0.3830200,10,1.0,0.5,-0.0632939,-0.0532988,0.1916783,0.4378108,9.0780423,-0.4117554,0.1487811,-6.4117554,-2.4117554,1.1487811,0.00,0,0,12
295,234,003o0000005BefY,1,0.3782500,0.0768100,235,4.0,-1.0,0.2214238,0.0021967,0.0301616,0.1736710,4.0034103,-0.1130700,-0.1318210,-2.1130700,-0.8630700,-1.9318210,0.00,0,0,16
296,235,003o0000005Beg3,1,0.4178100,-0.1166500,236,4.0,-1.5,0.2214238,0.0021967,0.0526921,0.2295475,5.1661559,0.1006232,-0.2063178,-1.8993768,-0.6493768,-2.0063178,0.00,0,1,11
297,45,003o0000005Begt,5,-0.2209600,0.4712900,46,0.0,1.5,-0.0632939,-0.0532988,0.3000520,0.5477700,10.9203801,-0.0411503,-0.5462222,-6.0411503,-2.0411503,0.4537778,0.00,0,0,8
298,125,003o0000005BegW,0,-0.3535900,0.1489200,126,3.0,0.5,-0.3321476,-0.1116428,0.0683528,0.2614436,5.8064198,0.2322884,-0.1199785,-3.7677116,-1.2677116,-0.5199785,0.00,0,1,12
299,265,003o0000005Bei6,1,0.0133000,0.0248200,266,-4.0,0.5,0.2214238,0.0021967,0.0438273,0.2093498,4.7520713,0.0083053,-0.2091850,-1.9916947,-0.7416947,-2.0091850,0.00,0,0,10
300,309,003o0000005Bejd,6,0.3708300,-0.3982400,310,3.0,-4.5,0.2472493,-0.3539287,0.0172357,0.1312848,3.0838489,-0.1310660,0.0075767,-0.1310660,-0.1810660,0.6075767,0.00,0,0,14
301,258,003o0000005Bel9,1,0.2271000,-0.0319000,259,-4.0,-3.0,0.2214238,0.0021967,0.0011948,0.0345659,0.8495482,0.0228246,0.0259584,-1.9771754,-0.7271754,-1.7740416,0.00,0,1,12
302,236,003o0000005BelE,1,0.4768900,-0.0519700,237,4.0,-2.0,0.2214238,0.0021967,0.0681970,0.2611456,5.8005120,0.2313116,-0.1212104,-1.7686884,-0.5186884,-1.9212104,0.00,0,0,9
303,237,003o0000005BelS,1,0.2841200,-0.2392900,238,4.0,-2.5,0.2214238,0.0021967,0.0622466,0.2494927,5.5684414,0.1884322,-0.1635235,-1.8115678,-0.5615678,-1.9635235,0.00,0,0,13
304,47,003o0000005Bemx,5,0.2314500,0.4519000,48,1.0,1.5,-0.0632939,-0.0532988,0.3420998,0.5848930,11.5129222,0.2892745,-0.5083503,-5.7107255,-1.7107255,0.4916497,0.00,0,0,8
305,78,003o0000005Beng,5,0.1351700,0.4589300,79,1.0,2.0,-0.0632939,-0.0532988,0.3017663,0.5493326,10.9456059,-0.0274378,-0.5486469,-6.0274378,-2.0274378,0.4513531,0.00,0,0,8
306,460,003o0000005BenK,3,0.2816200,0.3868300,461,5.5,-4.5,0.3863704,0.2248236,0.0372187,0.1929215,4.4101343,-0.0574276,-0.1841760,5.9425724,2.5425724,1.5458240,0.15,0,1,13
307,198,003o0000005Bens,0,-0.4120000,-0.3237000,199,-3.5,-2.5,-0.3321476,-0.1116428,0.0513446,0.2265936,5.1060219,0.0869091,-0.2092641,-3.9130909,-1.4130909,-0.6092641,0.00,1,1,5
308,238,003o0000005Bep8,1,0.4562700,-0.0326100,239,4.0,-3.0,0.2214238,0.0021967,0.0563642,0.2374115,5.3255432,0.1366185,-0.1941639,-1.8633816,-0.6133816,-1.9941639,0.00,0,0,10
309,196,003o0000005Beph,0,-0.4710000,-0.1719400,197,-3.5,-3.5,-0.3321476,-0.1116428,0.0229157,0.1513794,3.5240184,-0.1404441,-0.0564906,-4.1404441,-1.6404441,-0.4564906,0.00,0,1,11
310,119,003o0000005Bes3,5,-0.4449200,0.3559900,120,2.0,2.5,-0.0632939,-0.0532988,0.3131558,0.5596032,11.1107864,0.0643305,-0.5558933,-5.9356695,-1.9356695,0.4441067,0.00,0,1,11
311,415,003o0000005Bes7,2,0.1023800,-0.1535200,416,-5.0,2.5,0.0846223,-0.2429010,0.0083043,0.0911279,2.1802984,-0.0521670,0.0747188,3.9478330,1.5978330,-1.2552812,0.00,0,1,14
312,310,003o0000005BetP,6,0.1938900,-0.5090700,311,2.5,-4.5,0.2472493,-0.3539287,0.0269160,0.1640611,3.7978707,-0.1299805,-0.1001055,-0.1299805,-0.1799805,0.4998945,0.00,0,1,9
313,311,003o0000005Beu2,6,0.4005100,-0.3328900,312,2.0,-4.5,0.2472493,-0.3539287,0.0239315,0.1546980,3.5959716,-0.1390014,-0.0678976,-0.1390014,-0.1890014,0.5321024,0.00,0,1,15
314,19,003o0000005BeuG,5,-0.1645900,0.1723700,20,-1.0,0.5,-0.0632939,-0.0532988,0.0611873,0.2473607,5.5257465,0.1797318,-0.1699523,-5.8202682,-1.8202682,0.8300477,0.00,0,1,9
315,312,003o0000005BeuK,6,0.3455600,-0.3556400,313,1.5,-4.5,0.2472493,-0.3539287,0.0096679,0.0983256,2.3446717,-0.0687210,0.0703232,-0.0687210,-0.1187210,0.6703232,0.00,0,0,15
316,68,003o0000005Beul,5,-0.0751400,0.4287400,69,-2.0,0.0,-0.0632939,-0.0532988,0.2325017,0.4821843,9.8379226,-0.4416147,-0.1935928,-6.4416147,-2.4416147,0.8064072,0.00,0,1,6
317,84,003o0000005Beut,5,0.0064100,0.3649200,85,2.5,0.5,-0.0632939,-0.0532988,0.1797656,0.4239877,8.8365300,-0.3527214,0.2352726,-6.3527214,-2.3527214,1.2352726,0.00,0,1,9
318,130,003o0000005Bevh,0,-0.4124100,0.2078400,131,3.0,-2.0,-0.3321476,-0.1116428,0.1085113,0.3294106,7.1183918,0.2210426,0.2442366,-3.7789574,-1.2789574,-0.1557634,0.00,0,1,12
319,5,003o0000005Bew2,5,0.3561600,0.4365300,6,-0.5,0.0,-0.0632939,-0.0532988,0.4158738,0.6448828,12.4417286,0.6398800,-0.0801715,-5.3601200,-1.3601200,0.9198285,0.00,0,0,8
320,197,003o0000005Cue6,0,-0.4351300,-0.3293600,198,-3.5,-3.0,-0.3321476,-0.1116428,0.0580061,0.2408446,5.3948076,0.1518939,-0.1869074,-3.8481061,-1.3481061,-0.5869074,0.00,0,1,16
321,14,003o0000005Cue9,5,-0.0835100,0.5081700,15,0.0,-1.0,-0.0632939,-0.0532988,0.3156559,0.5618326,11.1464974,0.0844720,-0.5554461,-5.9155280,-1.9155280,0.4445539,0.00,0,1,14
322,93,003o0000005CueB,5,0.0991900,0.4637100,94,1.0,-2.5,-0.0632939,-0.0532988,0.2936991,0.5419401,10.8260365,-0.0914398,-0.5341703,-6.0914398,-2.0914398,0.4658297,0.00,0,0,9
323,260,003o0000005CufB,1,-0.1305400,-0.0403400,261,-4.0,-2.0,0.2214238,0.0021967,0.1256879,0.3545249,7.5862688,0.0937812,0.3418962,-1.9062188,-0.6562188,-1.4581038,0.00,0,1,8
324,271,003o0000005Cufb,1,0.2740900,0.0473400,272,-4.0,3.5,0.2214238,0.0021967,0.0048116,0.0693660,1.6766497,-0.0073289,0.0689778,-2.0073289,-0.7573289,-1.7310222,0.00,1,0,15
325,52,003o0000005CufK,5,0.1556900,0.3898800,53,2.0,0.0,-0.0632939,-0.0532988,0.2443614,0.4943292,10.0419361,-0.4031386,-0.2860782,-6.4031386,-2.4031386,0.7139218,0.00,0,1,13
326,62,003o0000005CufL,5,0.0091100,0.3356600,63,-1.0,-2.0,-0.0632939,-0.0532988,0.1565313,0.3956403,8.3338333,-0.1826464,0.3509581,-6.1826464,-2.1826464,1.3509581,0.00,0,0,14
327,298,003o0000005Cufv,1,0.5209300,-0.0265600,299,4.5,-0.5,0.2214238,0.0021967,0.0905309,0.3008835,6.5760920,0.2880685,0.0868760,-1.7119315,-0.4619315,-1.7131240,0.00,1,1,6
328,239,003o0000005CufZ,1,0.4258300,0.2079600,240,4.0,-3.5,0.2214238,0.0021967,0.0841204,0.2900352,6.3667383,0.2890234,0.0242051,-1.7109766,-0.4609766,-1.7757949,0.00,0,1,9
329,240,003o0000005CugD,1,0.4207100,-0.0785600,241,4.0,-4.0,0.2214238,0.0021967,0.0462366,0.2150270,4.8691582,0.0335717,-0.2123901,-1.9664283,-0.7164283,-2.0123901,0.00,0,1,8
330,83,003o0000005CugE,5,-0.0432300,0.2924700,84,2.5,1.0,-0.0632939,-0.0532988,0.1199586,0.3463504,7.4349388,0.1409253,0.3163838,-5.8590747,-1.8590747,1.3163838,0.00,0,0,17
331,264,003o0000005Cuge,1,0.1868600,-0.1342800,265,-4.0,0.0,0.2214238,0.0021967,0.0198205,0.1407854,3.2929251,-0.1391764,-0.0212242,-2.1391764,-0.8891764,-1.8212242,0.00,0,0,7
332,82,003o0000005CugI,5,0.1800700,0.4113400,83,2.5,1.5,-0.0632939,-0.0532988,0.2751152,0.5245143,10.5418961,-0.2298813,-0.4714550,-6.2298813,-2.2298813,0.5285450,0.00,0,1,38
333,241,003o0000005Cugm,1,0.1921600,-0.0327700,242,3.5,-4.0,0.2214238,0.0021967,0.0020790,0.0455965,1.1146878,0.0200833,0.0409353,-1.9799167,-0.7299167,-1.7590647,0.00,0,0,14
334,291,003o0000005CuhX,1,0.4092500,0.1360700,292,4.5,3.0,0.2214238,0.0021967,0.0532007,0.2306529,5.1886204,0.1057389,-0.2049879,-1.8942611,-0.6442611,-2.0049879,0.00,0,1,9
335,242,003o0000005CuiH,1,0.2119800,0.0071400,243,3.0,-4.0,0.2214238,0.0021967,0.0001136,0.0106594,0.2650739,0.0102871,0.0027925,-1.9897129,-0.7397129,-1.7972075,0.00,0,1,16
336,200,003o0000005Cuim,0,-0.3426300,-0.1500100,201,-3.5,-1.5,-0.3321476,-0.1116428,0.0015819,0.0397734,0.9750692,0.0223173,0.0329220,-3.9776827,-1.4776827,-0.3670780,0.00,0,1,13
337,60,003o0000005Cuit,5,-0.0125000,0.4115100,61,0.0,-2.0,-0.0632939,-0.0532988,0.2186272,0.4675759,9.5903002,-0.4611853,-0.0770413,-6.4611853,-2.4611853,0.9229587,0.00,0,0,19
338,267,003o0000005Cujs,1,0.3118200,0.1659200,268,-4.0,1.5,0.2214238,0.0021967,0.0349768,0.1870209,4.2861671,-0.0773207,-0.1702889,-2.0773207,-0.8273207,-1.9702889,0.00,0,1,10
339,2,003o0000005Cull,5,0.3443700,0.3021400,3,0.5,-0.5,-0.0632939,-0.0532988,0.2925266,0.5408573,10.8084736,-0.1006054,-0.5314181,-6.1006054,-2.1006054,0.4685819,0.00,1,0,5
340,98,003o0000005Culm,5,-0.0189900,0.5406300,99,-1.5,-2.5,-0.0632939,-0.0532988,0.3547143,0.5955789,11.6809158,0.3769642,-0.4610989,-5.6230358,-1.6230358,0.5389011,0.00,0,1,8
341,285,003o0000005CulW,1,0.3899800,0.2947300,286,2.5,4.0,0.2214238,0.0021967,0.1139869,0.3376195,7.2722889,0.1855014,0.2820925,-1.8144986,-0.5644986,-1.5179075,0.00,0,0,9
342,262,003o0000005Cumt,1,0.1490100,-0.0581800,263,-4.0,-1.0,0.2214238,0.0021967,0.0088891,0.0942820,2.2524618,-0.0594059,0.0732123,-2.0594059,-0.8094059,-1.7267877,0.00,0,1,9
343,301,003o0000005Cupq,6,0.3935500,-0.1470000,302,4.5,-2.0,0.2472493,-0.3539287,0.0642234,0.2534233,5.6469618,0.2038399,-0.1505745,0.2038399,0.1538399,0.4494255,0.00,0,0,21
344,100,003o0000005CurG,5,0.0517100,0.2121500,101,-2.5,-2.5,-0.0632939,-0.0532988,0.0836890,0.2892905,6.3523008,0.2885998,0.0199785,-5.7114002,-1.7114002,1.0199785,0.00,0,1,9
345,290,003o0000005EQ2U,1,-0.0650300,-0.0207800,291,4.5,3.5,0.2214238,0.0021967,0.0825837,0.2873738,6.3151086,0.2872274,0.0091724,-1.7127726,-0.4627726,-1.7908276,0.00,0,1,11
346,73,003o0000005EQ7e,5,-0.0712100,0.2704600,74,-1.5,2.0,-0.0632939,-0.0532988,0.1048824,0.3238556,7.0137090,0.2412157,0.2160958,-5.7587843,-1.7587843,1.2160958,0.00,0,1,9
347,36,003o0000005EQ9O,5,0.0509700,0.4931000,37,-1.5,-1.5,-0.0632939,-0.0532988,0.3116079,0.5582185,11.0885795,0.0518424,-0.5558060,-5.9481576,-1.9481576,0.4441940,0.00,0,1,15
348,243,003o0000005EQCP,1,0.4225000,0.2851800,244,2.5,-4.0,0.2214238,0.0021967,0.1205112,0.3471472,7.4497298,0.1365438,0.3191661,-1.8634562,-0.6134562,-1.4808339,0.00,0,1,13
349,320,003o0000005EQCS,6,0.3741200,-0.2037200,321,-2.5,-4.5,0.2472493,-0.3539287,0.0386588,0.1966185,4.4874914,-0.0438472,-0.1916670,-0.0438472,-0.0938472,0.4083330,0.00,0,0,11
350,150,003o0000005EQCU,0,-0.2780800,0.0748000,151,-3.0,0.0,-0.3321476,-0.1116428,0.0376842,0.1941243,4.4353274,-0.0530989,-0.1867210,-4.0530989,-1.5530989,-0.5867210,0.00,0,1,11
351,244,003o0000005EQDo,1,0.4585500,-0.0700700,245,2.0,-4.0,0.2214238,0.0021967,0.0614513,0.2478937,5.5364279,0.1819280,-0.1683850,-1.8180720,-0.5680720,-1.9683850,0.00,0,0,10
352,245,003o0000005EQEL,1,0.3772200,0.0261000,246,1.5,-4.0,0.2214238,0.0021967,0.0248438,0.1576192,3.6591377,-0.1369768,-0.0779818,-2.1369768,-0.8869768,-1.8779818,0.00,0,0,11
353,216,003o0000005EQFg,0,0.5418200,-0.0677700,217,-0.5,3.5,-0.3321476,-0.1116428,0.7657442,0.8750681,15.7161247,-0.8750390,-0.0071417,-4.8750390,-2.3750390,-0.4071417,0.00,0,0,10
354,126,003o0000005EQHb,0,-0.2112900,0.0941600,127,3.0,0.0,-0.3321476,-0.1116428,0.0569614,0.2386658,5.3508709,0.1422394,-0.1916490,-3.8577606,-1.3577606,-0.5916490,0.00,0,1,27
355,199,003o0000005EQHe,0,-0.3055300,-0.0809800,200,-3.5,-2.0,-0.3321476,-0.1116428,0.0016487,0.0406043,0.9950392,0.0221078,0.0340581,-3.9778922,-1.4778922,-0.3659419,0.00,0,1,9
356,292,003o0000005EQHJ,1,0.3736500,0.3704400,293,4.5,2.5,0.2214238,0.0021967,0.1587760,0.3984670,8.3844162,-0.2015877,0.3437126,-2.2015877,-0.9515877,-1.4562874,0.00,0,1,10
357,70,003o0000005EQHN,5,-0.0619600,0.3961300,71,-2.0,1.0,-0.0632939,-0.0532988,0.2019880,0.4494308,9.2792728,-0.4446816,0.0651640,-6.4446816,-2.4446816,1.0651640,0.00,1,1,11
358,12,003o0000005EQHo,5,-0.3650400,0.2204800,13,1.0,-1.0,-0.0632939,-0.0532988,0.1660055,0.4074378,8.5442715,-0.2594404,0.3141596,-6.2594404,-2.2594404,1.3141596,0.00,0,0,16
359,246,003o0000005EQHR,1,0.2961700,-0.0156500,247,1.0,-4.0,0.2214238,0.0021967,0.0059055,0.0768472,1.8509385,-0.0212477,0.0738514,-2.0212477,-0.7712477,-1.7261486,0.00,0,1,9
360,63,003o0000005EQHu,5,-0.0679200,0.4586500,64,-1.5,-2.0,-0.0632939,-0.0532988,0.2621130,0.5119697,10.3353310,-0.3139957,-0.4043757,-6.3139957,-2.3139957,0.5956243,0.00,0,1,14
361,146,003o0000005EQHv,0,-0.2345600,-0.2292300,147,-3.0,-2.0,-0.3321476,-0.1116428,0.0233501,0.1528073,3.5550034,-0.1399342,-0.0613881,-4.1399342,-1.6399342,-0.4613881,0.00,0,1,12
362,67,003o0000005EQHY,5,-0.0576600,0.5268100,68,-2.0,-0.5,-0.0632939,-0.0532988,0.3365580,0.5801362,11.4377755,0.2482576,-0.5243340,-5.7517424,-1.7517424,0.4756660,0.00,0,0,11
363,147,003o0000005EQIb,0,-0.2047100,-0.2176600,148,-3.0,-1.5,-0.3321476,-0.1116428,0.0274800,0.1657709,3.8345642,-0.1275360,-0.1058988,-4.1275360,-1.6275360,-0.5058988,0.00,0,0,9
364,97,003o0000005EQId,5,-0.2413700,0.4086400,98,-1.0,-2.5,-0.0632939,-0.0532988,0.2450985,0.4950743,10.0543973,-0.4001446,-0.2915181,-6.4001446,-2.4001446,0.7084819,0.00,0,1,9
365,96,003o0000005EQIh,5,0.0466700,0.2922800,97,-0.5,-2.5,-0.0632939,-0.0532988,0.1315168,0.3626524,7.7358276,0.0427492,0.3601240,-5.9572508,-1.9572508,1.3601240,0.00,1,0,11
366,15,003o0000005EQIK,5,-0.4411400,0.2468100,16,-0.5,-1.0,-0.0632939,-0.0532988,0.2328330,0.4825277,9.8437129,-0.4408000,-0.1962863,-6.4408000,-2.4408000,0.8037137,0.00,0,0,9
367,33,003o0000005EQIM,5,0.2129900,0.3987300,34,0.0,-1.5,-0.0632939,-0.0532988,0.2806628,0.5297762,10.6280365,-0.1903585,-0.4943951,-6.1903585,-2.1903585,0.5056049,0.00,0,0,8
368,247,003o0000005EQIm,1,0.2969700,0.1737300,248,0.5,-4.0,0.2214238,0.0021967,0.0351309,0.1874324,4.2948335,-0.0760089,-0.1713288,-2.0760089,-0.8260089,-1.9713288,0.00,0,1,7
369,248,003o0000005EQIT,1,0.3341200,0.0816300,249,0.0,-4.0,0.2214238,0.0021967,0.0190101,0.1378771,3.2291076,-0.1373494,-0.0120509,-2.1373494,-0.8873494,-1.8120509,0.00,0,1,8
370,249,003o0000005EQIt,1,0.3814600,0.2687300,250,-0.5,-4.0,0.2214238,0.0021967,0.0966516,0.3108884,6.7676269,0.2751161,0.1447852,-1.7248839,-0.4748839,-1.6552148,0.00,0,1,15
371,416,003o0000005EQJ1,2,0.3032900,-0.1677100,417,-5.0,3.0,0.0846223,-0.2429010,0.0534693,0.2312342,5.2004273,0.1084244,-0.2042386,4.1084244,1.7584244,-1.5342386,0.00,0,1,8
372,85,003o0000005EQJd,5,0.0873900,0.5200600,86,2.5,0.0,-0.0632939,-0.0532988,0.3514460,0.5928288,11.6377885,0.3550866,-0.4747204,-5.6449134,-1.6449134,0.5252796,0.00,0,1,8
373,0,003o0000005EQJE,5,0.2746000,0.2561700,1,0.0,0.0,-0.0632939,-0.0532988,0.2099432,0.4581956,9.4299951,-0.4581894,-0.0023905,-6.4581894,-2.4581894,0.9976095,0.00,0,0,10
374,53,003o0000005EQJh,5,-0.0026100,0.4366000,54,2.0,-0.5,-0.0632939,-0.0532988,0.2436834,0.4936430,10.0304519,-0.4058331,-0.2810390,-6.4058331,-2.4058331,0.7189610,0.00,0,0,7
375,35,003o0000005EQJi,5,-0.0964400,0.3260200,36,-1.0,-1.5,-0.0632939,-0.0532988,0.1449814,0.3807643,8.0659288,-0.0800990,0.3722440,-6.0800990,-2.0800990,1.3722440,0.00,0,1,7
376,48,003o0000005EQJj,5,0.1952900,0.4420600,49,1.5,1.5,-0.0632939,-0.0532988,0.3122460,0.5587898,11.0977430,0.0569915,-0.5558758,-5.9430085,-1.9430085,0.4441242,0.00,0,0,12
377,88,003o0000005EQJk,5,-0.1134900,0.2110800,89,2.5,-1.5,-0.0632939,-0.0532988,0.0724158,0.2691018,5.9577358,0.2549759,-0.0860412,-5.7450241,-1.7450241,0.9139588,0.00,1,1,8
378,11,003o0000005EQJl,5,-0.2135100,0.5012100,12,1.0,-0.5,-0.0632939,-0.0532988,0.3300449,0.5744953,11.3483698,0.1985011,-0.5391124,-5.8014989,-1.8014989,0.4608876,0.00,0,1,10
379,278,003o0000005EQJL,1,0.4282500,0.1024300,279,-1.0,4.0,0.2214238,0.0021967,0.0528238,0.2298343,5.1719856,0.1019514,-0.2059847,-1.8980486,-0.6480486,-2.0059847,0.00,1,0,9
380,75,003o0000005EQJm,5,-0.1196700,0.2986900,76,-0.5,2.0,-0.0632939,-0.0532988,0.1270744,0.3564749,7.6222343,0.0818746,0.3469451,-5.9181254,-1.9181254,1.3469451,0.00,0,1,11
381,148,003o0000005EQJP,0,-0.5214200,0.1903100,149,-3.0,-1.0,-0.3321476,-0.1116428,0.1269995,0.3563700,7.6202996,0.0825214,0.3466840,-3.9174786,-1.4174786,-0.0533160,0.00,0,1,13
382,3,003o0000005EQJt,5,0.3104500,0.2584000,4,0.0,-0.5,-0.0632939,-0.0532988,0.2368407,0.4866628,9.9133465,-0.4297260,-0.2284212,-6.4297260,-2.4297260,0.7715788,0.00,0,0,16
383,6,003o0000005EQJW,5,0.4349100,0.3522800,7,-0.5,0.5,-0.0632939,-0.0532988,0.4127013,0.6424183,12.4042437,0.6339938,-0.1036976,-5.3660062,-1.3660062,0.8963024,0.00,0,0,17
384,91,003o0000005EQJw,5,0.1198800,0.4658400,92,2.0,-2.5,-0.0632939,-0.0532988,0.3030578,0.5505068,10.9645467,-0.0170781,-0.5502419,-6.0170781,-2.0170781,0.4497581,0.00,0,1,7
385,41,003o0000005EQJx,5,-0.2605700,0.3513300,42,-1.5,1.0,-0.0632939,-0.0532988,0.2026423,0.4501581,9.2918147,-0.4461847,0.0596783,-6.4461847,-2.4461847,1.0596783,0.00,1,1,15
386,127,003o0000005EQJX,0,-0.4548000,0.1685300,128,3.0,-0.5,-0.3321476,-0.1116428,0.0935404,0.3058438,6.6712353,0.2831039,0.1157264,-3.7168961,-1.2168961,-0.2842736,0.00,0,1,10
387,1,003o0000005EQJy,5,0.2806800,0.2395300,2,0.5,0.0,-0.0632939,-0.0532988,0.2040668,0.4517375,9.3190278,-0.4492139,0.0476823,-6.4492139,-2.4492139,1.0476823,0.00,0,0,12
388,151,003o0000005EQJz,0,-0.2627600,0.0958100,152,-3.0,0.5,-0.3321476,-0.1116428,0.0478513,0.2187494,4.9456321,0.0505604,-0.2128261,-3.9494396,-1.4494396,-0.6128261,0.00,0,0,9
389,202,003o0000005EQJZ,0,-0.3634400,-0.1930300,203,-3.5,-0.5,-0.3321476,-0.1116428,0.0076031,0.0871957,2.0900401,-0.0432686,0.0757028,-4.0432686,-1.5432686,-0.3242972,0.00,0,1,7
390,56,003o0000005EQK3,5,-0.1189600,0.4883000,57,2.0,-2.0,-0.0632939,-0.0532988,0.2964280,0.5444520,10.8667288,-0.0699563,-0.5399390,-6.0699563,-2.0699563,0.4600610,0.00,0,0,8
391,8,003o0000005EQK8,5,-0.1737700,0.4263700,9,0.5,0.5,-0.0632939,-0.0532988,0.2422871,0.4922267,10.0067358,-0.4112003,-0.2705576,-6.4112003,-2.4112003,0.7294424,0.00,0,0,22
392,369,003o0000005EQKB,4,-0.4080200,0.0988900,370,5.0,0.5,-0.2250190,-0.1624963,0.1018122,0.3190802,6.9233670,0.2558983,0.1905997,2.2558983,0.9058983,1.9405997,0.00,0,0,14
393,313,003o0000005EQKE,6,0.2098400,-0.4976500,314,1.0,-4.5,0.2472493,-0.3539287,0.0220553,0.1485102,3.4616400,-0.1409689,-0.0467230,-0.1409689,-0.1909689,0.5532770,0.00,0,1,14
394,39,003o0000005EQKL,5,-0.1638700,0.4999900,40,-1.5,0.0,-0.0632939,-0.0532988,0.3162440,0.5623558,11.1548702,0.0892026,-0.5552359,-5.9107974,-1.9107974,0.4447641,0.00,0,1,8
395,92,003o0000005EQKn,5,-0.3863500,0.3052100,93,1.5,-2.5,-0.0632939,-0.0532988,0.2328938,0.4825907,9.8447759,-0.4406486,-0.1967805,-6.4406486,-2.4406486,0.8032195,0.00,0,1,9
396,79,003o0000005EQKo,5,0.0787600,0.3275700,80,1.5,2.0,-0.0632939,-0.0532988,0.1652404,0.4064977,8.5275674,-0.2535702,0.3177145,-6.2535702,-2.2535702,1.3177145,0.00,0,1,16
397,261,003o0000005EQKQ,1,0.2102300,-0.0855000,262,-4.0,-1.5,0.2214238,0.0021967,0.0078160,0.0884082,2.1179062,-0.0459918,0.0755034,-2.0459918,-0.7959918,-1.7244966,0.00,0,0,13
398,322,003o0000005EQKr,6,-0.0361600,-0.5763900,323,-3.5,-4.5,0.2472493,-0.3539287,0.1298098,0.3602913,7.6924724,0.0579377,0.3556024,0.0579377,0.0079377,0.9556024,0.00,0,1,15
399,16,003o0000005EQKU,5,-0.1857400,0.3774000,17,-1.0,-1.0,-0.0632939,-0.0532988,0.2004945,0.4477661,9.2505441,-0.4409868,0.0776219,-6.4409868,-2.4409868,1.0776219,0.00,0,1,7
400,149,003o0000005EQKx,0,-0.2357200,-0.1180000,150,-3.0,-0.5,-0.3321476,-0.1116428,0.0093387,0.0966369,2.3062042,-0.0648327,0.0716618,-4.0648327,-1.5648327,-0.3283382,0.00,0,1,16
401,250,003o0000005EQKX,1,0.4051400,-0.0548700,251,-1.0,-4.0,0.2214238,0.0021967,0.0370082,0.1923753,4.3986835,-0.0593642,-0.1829867,-2.0593642,-0.8093642,-1.9829867,0.00,0,0,11
402,89,003o0000005EQKz,5,0.1691700,0.5807200,90,2.5,-2.0,-0.0632939,-0.0532988,0.4560193,0.6752920,12.8996873,0.6381256,0.2209413,-5.3618744,-1.3618744,1.2209413,0.00,0,0,8
403,314,003o0000005EQL2,6,0.3380600,-0.4199800,315,0.5,-4.5,0.2472493,-0.3539287,0.0126094,0.1122914,2.6605562,-0.0995481,0.0519571,-0.0995481,-0.1495481,0.6519571,0.00,1,0,12
404,32,003o0000005EQL4,5,0.2818600,0.3209000,33,0.5,-1.5,-0.0632939,-0.0532988,0.2591560,0.5090736,10.2873995,-0.3311262,-0.3866671,-6.3311262,-2.3311262,0.6133330,0.00,0,1,8
405,59,003o0000005EQL9,5,-0.0581000,0.3460500,60,0.5,-2.0,-0.0632939,-0.0532988,0.1595064,0.3993826,8.4007780,-0.2076603,0.3411505,-6.2076603,-2.2076603,1.3411505,0.00,0,1,7
406,34,003o0000005EQLa,5,-0.1336300,0.4525200,35,-0.5,-1.5,-0.0632939,-0.0532988,0.2607998,0.5106856,10.3140903,-0.3217045,-0.3966183,-6.3217045,-2.3217045,0.6033817,0.00,0,1,15
407,117,003o0000005EQLA,5,-0.3181800,-0.4114700,118,1.0,2.5,-0.0632939,-0.0532988,0.1932535,0.4396061,9.1092383,-0.4179023,0.1364227,-6.4179023,-2.4179023,1.1364227,0.00,0,1,7
408,4,003o0000005EQLB,5,0.2104800,0.2052500,5,-0.5,-0.5,-0.0632939,-0.0532988,0.1417996,0.3765629,7.9897441,-0.0509662,0.3730980,-6.0509662,-2.0509662,1.3730980,0.00,1,0,22
409,40,003o0000005EQLE,5,-0.0943900,0.5411400,41,-1.5,0.5,-0.0632939,-0.0532988,0.3543245,0.5952516,11.6757865,0.3743883,-0.4627720,-5.6256117,-1.6256117,0.5372280,0.00,0,0,16
410,257,003o0000005EQLi,1,0.3691000,0.1597100,258,-4.0,-3.5,0.2214238,0.0021967,0.0466187,0.2159137,4.8873943,0.0375935,-0.2126157,-1.9624065,-0.7124065,-2.0126157,0.00,0,1,14
411,411,003o0000005EQLK,2,0.2781100,-0.4957000,412,-5.0,0.5,0.0846223,-0.2429010,0.1013449,0.3183471,6.9094683,0.2579286,0.1865951,4.2579286,1.9079286,-1.1434049,0.00,0,0,18
412,61,003o0000005EQLM,5,-0.0996100,0.4937500,62,-0.5,-2.0,-0.0632939,-0.0532988,0.3005812,0.5482529,10.9281784,-0.0369220,-0.5470082,-6.0369220,-2.0369220,0.4529918,0.00,0,1,9
413,95,003o0000005EQLO,5,0.1049400,0.3971300,96,0.0,-2.5,-0.0632939,-0.0532988,0.2311888,0.4808209,9.8149152,-0.4446905,-0.1828636,-6.4446905,-2.4446905,0.8171364,0.00,0,1,9
414,72,003o0000005EQLP,5,-0.0967100,0.1979000,73,-2.0,2.0,-0.0632939,-0.0532988,0.0642175,0.2534117,5.6467291,0.2037955,-0.1506150,-5.7962045,-1.7962045,0.8493850,0.00,1,1,13
415,315,003o0000005EQLq,6,0.2788100,-0.3192800,316,0.0,-4.5,0.2472493,-0.3539287,0.0021966,0.0468680,1.1450717,0.0193556,0.0426846,0.0193556,-0.0306444,0.6426846,0.00,0,1,14
416,316,003o0000005EQLr,6,0.3740500,-0.1050700,317,-0.5,-4.5,0.2472493,-0.3539287,0.0780091,0.2793010,6.1578466,0.2771100,-0.0349156,0.2771100,0.2271100,0.5650844,0.00,0,1,7
417,259,003o0000005EQLs,1,0.3666400,0.2304400,260,-4.0,-2.5,0.2214238,0.0021967,0.0731828,0.2705231,5.9857181,0.2586423,-0.0792902,-1.7413577,-0.4913577,-1.8792902,0.00,0,0,8
418,251,003o0000005EQLu,1,0.5741000,-0.0187000,252,-1.5,-4.0,0.2214238,0.0021967,0.1248172,0.3532947,7.5635540,0.1011702,0.3384993,-1.8988298,-0.6488298,-1.4615007,0.00,0,1,13
419,69,003o0000005EQLv,5,-0.1030000,0.3917300,70,-2.0,0.5,-0.0632939,-0.0532988,0.1996272,0.4467966,9.2337969,-0.4386732,0.0848119,-6.4386732,-2.4386732,1.0848119,0.00,0,1,7
420,38,003o0000005EQM4,5,0.0263400,0.2822400,39,-1.5,-0.5,-0.0632939,-0.0532988,0.1206205,0.3473047,7.4526512,0.1356723,0.3197086,-5.8643277,-1.8643277,1.3197086,0.00,1,1,9
421,417,003o0000005EQMc,2,0.4056300,0.0192600,418,-5.0,3.5,0.0846223,-0.2429010,0.1717743,0.4144567,8.6686372,-0.3015128,0.2843666,3.6984872,1.3484872,-1.0456334,0.00,0,1,12
422,42,003o0000005EQMd,5,-0.3339500,0.4582600,43,-1.5,1.5,-0.0632939,-0.0532988,0.3349471,0.5787462,11.4157741,0.2360954,-0.5283996,-5.7639046,-1.7639046,0.4716004,0.00,0,1,8
423,418,003o0000005EQMe,2,0.2971700,-0.1042000,419,-5.0,4.0,0.0846223,-0.2429010,0.0644145,0.2538001,5.6544759,0.2052703,-0.1492602,4.2052703,1.8552703,-1.4792602,0.00,0,1,13
424,77,003o0000005EQMF,5,0.1631600,0.3128600,78,0.5,2.0,-0.0632939,-0.0532988,0.1853536,0.4305272,8.9510757,-0.3831199,0.1963996,-6.3831199,-2.3831199,1.1963996,0.00,1,1,7
425,86,003o0000005EQMl,5,0.1360000,0.2810300,87,2.5,-0.5,-0.0632939,-0.0532988,0.1514938,0.3892221,8.2185981,-0.1387931,0.3636348,-6.1387931,-2.1387931,1.3636348,0.00,1,1,6
426,128,003o0000005EQMn,0,-0.3853100,0.1419400,129,3.0,-1.0,-0.3321476,-0.1116428,0.0671305,0.2590955,5.7598407,0.2244162,-0.1294907,-3.7755838,-1.2755838,-0.5294907,0.00,0,1,11
427,54,003o0000005EQMo,5,-0.1623800,0.5445300,55,2.0,-1.0,-0.0632939,-0.0532988,0.3672173,0.6059846,11.8434255,0.4544039,-0.4009169,-5.5455961,-1.5455961,0.5990831,0.00,0,0,10
428,90,003o0000005EQMR,5,0.1274200,0.5380700,91,2.5,-2.5,-0.0632939,-0.0532988,0.3860889,0.6213605,12.0816401,0.5497801,-0.2895353,-5.4502199,-1.4502199,0.7104647,0.00,1,0,4
429,116,003o0000005EQMT,5,-0.2188600,0.1997500,117,0.5,2.5,-0.0632939,-0.0532988,0.0882345,0.2970429,6.5021750,0.2899488,0.0645307,-5.7100512,-1.7100512,1.0645307,0.00,1,0,6
430,58,003o0000005EQMU,5,0.0221300,0.4063900,59,1.0,-2.0,-0.0632939,-0.0532988,0.2186110,0.4675586,9.5900050,-0.4611909,-0.0769023,-6.4611909,-2.4611909,0.9230977,0.00,0,0,12
431,419,003o0000005EQMw,2,0.3181900,-0.0740800,420,-5.0,4.5,0.0846223,-0.2429010,0.0830544,0.2881916,6.3309847,0.2878625,0.0137701,4.2878625,1.9378625,-1.3162299,0.00,0,1,7
432,293,003o0000005EQMX,1,0.0971900,-0.0716200,294,4.5,2.0,0.2214238,0.0021967,0.0208829,0.1445093,3.3743998,-0.1406108,-0.0333397,-2.1406108,-0.8906108,-1.8333397,0.00,0,1,26
433,286,003o0000005EQMy,1,0.0880400,0.1628400,287,3.0,4.0,0.2214238,0.0021967,0.0435975,0.2088002,4.7407073,0.0059121,-0.2087165,-1.9940879,-0.7440879,-2.0087165,0.00,0,1,7
434,420,003o0000005EQN5,2,0.3496900,-0.0653500,421,-5.0,5.0,0.0846223,-0.2429010,0.1017853,0.3190380,6.9225673,0.2560167,0.1903699,4.2560167,1.9060167,-1.1396301,0.00,0,0,15
435,46,003o0000005EQN6,5,0.1145100,0.3647600,47,0.5,1.5,-0.0632939,-0.0532988,0.2063874,0.4542988,9.3630964,-0.4534349,0.0280041,-6.4534349,-2.4534349,1.0280041,0.00,0,0,9
436,410,003o0000005EQNB,2,-0.2208300,0.3505600,411,-5.0,0.0,0.0846223,-0.2429010,0.4454970,0.6674556,12.7824721,0.6519311,0.1431181,4.6519311,2.3019311,-1.1868819,0.00,0,0,9
437,115,003o0000005EQNd,5,-0.2585600,0.1587900,116,0.0,2.5,-0.0632939,-0.0532988,0.0831105,0.2882889,6.3328730,0.2879331,0.0143185,-5.7120669,-1.7120669,1.0143185,0.00,0,1,18
438,201,003o0000005EQNf,0,-0.4502300,-0.1990600,202,-3.5,-1.0,-0.3321476,-0.1116428,0.0215852,0.1469191,3.4269819,-0.1409765,-0.0413623,-4.1409765,-1.6409765,-0.4413623,0.00,1,0,4
439,55,003o0000005EQNI,5,-0.2866300,0.5099700,56,2.0,-1.5,-0.0632939,-0.0532988,0.3671507,0.6059297,11.8425703,0.4540197,-0.4012690,-5.5459803,-1.5459803,0.5987310,0.00,0,1,8
440,317,003o0000005EQNj,6,0.4411400,-0.2203900,318,-1.0,-4.5,0.2472493,-0.3539287,0.0554262,0.2354277,5.2854305,0.1276466,-0.1978195,0.1276466,0.0776466,0.4021805,0.00,0,1,7
441,66,003o0000005EQNK,5,-0.0388000,0.1993200,67,-2.0,-1.0,-0.0632939,-0.0532988,0.0644162,0.2538035,5.6545430,0.2052830,-0.1492484,-5.7947170,-1.7947170,0.8507516,0.00,0,1,8
442,76,003o0000005EQNk,5,0.1556100,0.4772700,77,0.0,2.0,-0.0632939,-0.0532988,0.3294222,0.5739531,11.3397591,0.1936686,-0.5402913,-5.8063314,-1.8063314,0.4597087,0.00,0,0,11
443,318,003o0000005EQNl,6,0.4651500,-0.2349100,319,-1.5,-4.5,0.2472493,-0.3539287,0.0616462,0.2482865,5.5442950,0.1835374,-0.1672130,0.1835374,0.1335374,0.4327870,0.00,0,0,21
444,80,003o0000005EQNm,5,0.1848300,0.3469400,81,2.0,2.0,-0.0632939,-0.0532988,0.2217566,0.4709104,9.6470377,-0.4593268,-0.1038048,-6.4593268,-2.4593268,0.8961952,0.00,0,0,12
445,252,003o0000005EQNM,1,0.4960500,-0.1144400,253,-2.0,-4.0,0.2214238,0.0021967,0.0890237,0.2983683,6.5277085,0.2894927,0.0722331,-1.7105073,-0.4605073,-1.7277669,0.00,1,1,6
446,64,003o0000005EQNO,5,-0.0616200,0.3133600,65,-2.0,-2.0,-0.0632939,-0.0532988,0.1344415,0.3666626,7.8092931,0.0163802,0.3662966,-5.9836198,-1.9836198,1.3662966,0.00,0,0,10
447,71,003o0000005EQNo,5,-0.3154400,0.2953400,72,-2.0,1.5,-0.0632939,-0.0532988,0.1851267,0.4302635,8.9464669,-0.3819765,0.1980419,-6.3819765,-2.3819765,1.1980419,0.00,0,0,10
448,253,003o0000005EQNq,1,0.5026400,0.0079800,254,-2.5,-4.0,0.2214238,0.0021967,0.0791160,0.2812757,6.1964046,0.2802172,-0.0243787,-1.7197828,-0.4697828,-1.8243787,0.00,0,0,9
449,302,003o0000005EQNT,6,0.4220400,-0.1796700,303,4.5,-2.5,0.2472493,-0.3539287,0.0609179,0.2468155,5.5148175,0.1774717,-0.1715275,0.1774717,0.1274717,0.4284725,0.00,0,1,27
450,254,003o0000005EQNU,1,0.2588200,-0.1256400,255,-3.0,-4.0,0.2214238,0.0021967,0.0177407,0.1331942,3.1260088,-0.1331780,0.0020756,-2.1331780,-0.8831780,-1.7979244,0.00,0,0,13
451,37,003o0000005EQNw,5,0.0280500,0.4663100,38,-1.5,-1.0,-0.0632939,-0.0532988,0.2783370,0.5275766,10.5920631,-0.2071529,-0.4852058,-6.2071529,-2.2071529,0.5147942,0.00,0,1,9
452,263,003o0000005EQNx,1,0.4773100,-0.1391500,264,-4.0,-0.5,0.2214238,0.0021967,0.0854566,0.2923296,6.4111630,0.2899390,0.0373096,-1.7100610,-0.4600610,-1.7626904,0.00,0,0,8
453,44,003o0000005EQNY,5,0.1331600,0.5833200,45,-0.5,1.5,-0.0632939,-0.0532988,0.4438776,0.6662414,12.7642612,0.6532387,0.1309841,-5.3467613,-1.3467613,1.1309841,0.00,0,1,9
454,43,003o0000005EQO6,5,-0.2639900,0.4397000,44,-1.0,1.5,-0.0632939,-0.0532988,0.2833267,0.5322844,10.6689931,-0.1707605,-0.5041504,-6.1707605,-2.1707605,0.4958496,0.00,0,1,6
455,255,003o0000005EQO8,1,0.2269000,0.1112100,256,-3.5,-4.0,0.2214238,0.0021967,0.0119139,0.1091508,2.5898667,-0.0929551,0.0572122,-2.0929551,-0.8429551,-1.7427878,0.00,0,1,14
456,18,003o0000005EQOA,5,0.2675500,0.5017100,19,-1.0,0.0,-0.0632939,-0.0532988,0.4174925,0.6461366,12.4607768,0.6425377,-0.0681013,-5.3574623,-1.3574623,0.9318987,0.00,0,1,9
457,10,003o0000005EQOB,5,-0.0090400,0.5220100,11,1.0,0.0,-0.0632939,-0.0532988,0.3339237,0.5778613,11.4017584,0.2283169,-0.5308438,-5.7716831,-1.7716831,0.4691562,0.00,0,1,9
458,13,003o0000005EQOi,5,-0.2528700,0.4742500,14,0.5,-1.0,-0.0632939,-0.0532988,0.3142468,0.5605772,11.1263942,0.0731257,-0.5557872,-5.9268743,-1.9268743,0.4442128,0.00,0,1,18
459,268,003o0000005EQOL,1,0.1678500,0.2105700,269,-4.0,2.0,0.2214238,0.0021967,0.0462896,0.2151502,4.8716917,0.0341292,-0.2124260,-1.9658708,-0.7158708,-2.0124260,0.00,0,1,8
460,65,003o0000005EQOQ,5,0.0797500,0.3937200,66,-2.0,-1.5,-0.0632939,-0.0532988,0.2202874,0.4693478,9.6204660,-0.4603899,-0.0912607,-6.4603899,-2.4603899,0.9087393,0.00,0,1,9
461,256,003o0000005EQOR,1,0.2411000,-0.1559400,257,-4.0,-4.0,0.2214238,0.0021967,0.0253944,0.1593561,3.6966186,-0.1354346,-0.0839751,-2.1354346,-0.8854346,-1.8839751,0.00,0,1,17
462,50,003o0000005EQOV,5,0.0684000,0.4444800,51,2.0,1.0,-0.0632939,-0.0532988,0.2651270,0.5149049,10.3838161,-0.2957138,-0.4215215,-6.2957138,-2.2957138,0.5784785,0.00,0,1,9
463,81,003o0000005EQOZ,5,0.0433600,0.4201500,82,2.5,2.0,-0.0632939,-0.0532988,0.2355288,0.4853131,9.8906401,-0.4335955,-0.2179994,-6.4335955,-2.4335955,0.7820006,0.00,0,1,8
464,319,003o0000005EQXH,6,0.4318900,-0.2622200,320,-2.0,-4.5,0.2472493,-0.3539287,0.0425027,0.2061618,4.6860811,-0.0054230,-0.2060905,-0.0054230,-0.0554230,0.3939095,0.00,0,0,8
465,94,003o000000FIU6B,5,0.1790200,0.4920400,95,0.5,-2.5,-0.0632939,-0.0532988,0.3561104,0.5967499,11.6992563,0.3861148,-0.4550009,-5.6138852,-1.6138852,0.5449991,0.00,0,1,19