,idOriginal,newClusters,xs,ys,point,xVal,yVal,centerX,centerY,distNoSqrt,dist,theta,spiralX,spiralY
0,003o0000005EQJE,5,0.2746,0.25617,1.0,0.0,0.0,-0.06329392,-0.0532988,0.2099432393464064,0.45819563435982935,9.429995113253902,-0.45818939863378816,-0.0023904656479433466
1,003o0000005EQJy,5,0.28068000000000004,0.23953000000000002,2.0,0.5,0.0,-0.06329392,-0.0532988,0.20406676374960642,0.45173749429243354,9.319027775087385,-0.44921393419074157,0.0476823350779144
2,003o0000005Cull,5,0.34437,0.30214,3.0,0.5,-0.5,-0.06329392,-0.0532988,0.29252661221520637,0.5408572937616783,10.808473644879143,-0.10060536496694948,-0.531418077181303
3,003o0000005EQJt,5,0.31045,0.2584,4.0,0.0,-0.5,-0.06329392,-0.0532988,0.2368406596584064,0.4866627781723258,9.913346544532233,-0.4297259662190417,-0.2284212197137504
4,003o0000005EQLB,5,0.21048000000000003,0.20525,5.0,-0.5,-0.5,-0.06329392,-0.0532988,0.1417996412536064,0.37656293133234237,7.989744073064838,-0.05096620129701901,0.3730979597625242
5,003o0000005Bew2,5,0.35616,0.43653000000000003,6.0,-0.5,0.0,-0.06329392,-0.0532988,0.4158738443128064,0.6448828144033661,12.441728605876643,0.6398799658159626,-0.08017152649269525
6,003o0000005EQJW,5,0.43491,0.35228000000000004,7.0,-0.5,0.5,-0.06329392,-0.0532988,0.41270130891280643,0.6424183285934535,12.404243657518881,0.6339937751508974,-0.10369764694880854
7,003o0000005BefR,5,-0.27503,0.3003,8.0,0.0,0.5,-0.06329392,-0.0532988,0.1698642789352064,0.4121459437325647,8.627762332844648,-0.2880259099242941,0.2947971406704766
8,003o0000005EQK8,5,-0.17377,0.42636999999999997,9.0,0.5,0.5,-0.06329392,-0.0532988,0.24228712194560637,0.492226697717227,10.006735810231248,-0.41120032532132234,-0.27055759904546217
9,003o0000005Befv,5,-0.027180000000000003,0.38301999999999997,10.0,1.0,0.5,-0.06329392,-0.0532988,0.19167831045120637,0.4378108158225495,9.078042250497516,-0.4117553911913242,0.14878107499304458
10,003o0000005EQOB,5,-0.009040000000000001,0.5220100000000001,11.0,1.0,0.0,-0.06329392,-0.0532988,0.3339237031928065,0.577861318304666,11.401758352263881,0.228316913557965,-0.5308437530725697
11,003o0000005EQJl,5,-0.21350999999999998,0.50121,12.0,1.0,-0.5,-0.06329392,-0.0532988,0.3300448799680064,0.5744953263239018,11.348369829970146,0.19850107311320614,-0.5391124223581869
12,003o0000005EQHo,5,-0.36504000000000003,0.22048,13.0,1.0,-1.0,-0.06329392,-0.0532988,0.1660055281248064,0.40743775981713626,8.544271491884246,-0.2594403560960115,0.3141595609775089
13,003o0000005EQOi,5,-0.25287,0.47425,14.0,0.5,-1.0,-0.06329392,-0.0532988,0.3142468264896064,0.560577226160327,11.126394239789079,0.07312569160293576,-0.5557872432120036
14,003o0000005Cue9,5,-0.08351,0.50817,15.0,0.0,-1.0,-0.06329392,-0.0532988,0.3156559032640064,0.5618326292268956,11.146497352326493,0.08447196752750322,-0.5554461179682857
15,003o0000005EQIK,5,-0.44114,0.24681,16.0,-0.5,-1.0,-0.06329392,-0.0532988,0.23283295200880638,0.48252766968206745,9.84371289798312,-0.440799985823164,-0.19628633296056244
16,003o0000005EQKU,5,-0.18574000000000002,0.3774,17.0,-1.0,-1.0,-0.06329392,-0.0532988,0.2004944988288064,0.44776612067998894,9.250544051263416,-0.44098677706586525,0.07762191238218313
17,003o0000005Befo,5,-0.41635,-0.44301999999999997,18.0,-1.0,-0.5,-0.06329392,-0.0532988,0.2765312093544064,0.5258623482950708,10.5639931132721,-0.21997217161858065,-0.4776436465272118
18,003o0000005EQOA,5,0.26755,0.50171,19.0,-1.0,0.0,-0.06329392,-0.0532988,0.41749246747840635,0.6461365702995043,12.46077674583321,0.6425376837479848,-0.06810133950357314
19,003o0000005BeuG,5,-0.16459000000000001,0.17237,20.0,-1.0,0.5,-0.06329392,-0.0532988,0.0611873031168064,0.24736067415174628,5.52574645899282,0.17973178693383834,-0.16995231061205296
20,003o0000005Be8I,5,-0.17079,0.53589,21.0,-1.0,1.0,-0.06329392,-0.0532988,0.35869884926080636,0.5989147262013236,11.733127574366726,0.4027576207101165,-0.4432664528483205
21,003o0000005Be9m,5,-0.27271999999999996,0.33412,22.0,-0.5,1.0,-0.06329392,-0.0532988,0.19395260957760635,0.4404005104193299,9.12303017879888,-0.420502565920501,0.13088239618787936
22,003o0000005Be9P,5,-0.23699,0.33194,23.0,0.0,1.0,-0.06329392,-0.0532988,0.1785792612328064,0.4225863949925582,8.811915494774734,-0.3456777200070469,0.24307647998836932
23,003o0000005Be87,5,-0.22086999999999998,0.29177,24.0,0.5,1.0,-0.06329392,-0.0532988,0.14390269772160635,0.37934509054633403,8.040220361406886,-0.07024104758851515,0.37278531751569066
24,003o0000005Be8f,5,-0.18907000000000002,0.4076,25.0,1.0,1.0,-0.06329392,-0.0532988,0.2282473261416064,0.477752369059125,9.763056596847687,-0.45067686248178057,-0.15854870470989238
25,003o0000005Be8e,5,-0.11947,0.13764,26.0,1.5,1.0,-0.06329392,-0.0532988,0.03961337730960641,0.19903109633825164,4.537845273424114,-0.034563500480790425,-0.19600699412041606
26,003o0000005Be9A,5,-0.08607000000000001,0.09379,27.0,1.5,0.5,-0.06329392,-0.0532988,0.022153864905606398,0.14884174449933862,3.4688564033411797,-0.14094203792806143,-0.04784565654572311
27,003o0000005Be6h,5,-0.29118,0.23565,28.0,1.5,0.0,-0.06329392,-0.0532988,0.13542347447920638,0.3679992859764899,7.833732431330305,0.007451182888613131,0.367923843142527
28,003o0000005Be9c,5,-0.29884,0.21908000000000002,29.0,1.5,-0.5,-0.06329392,-0.0532988,0.1296721664928064,0.3601002172906959,7.688959655434532,0.05915510705128683,0.3552081640426599
29,003o0000005Be82,5,-0.10769000000000001,0.04947,30.0,1.5,-1.0,-0.06329392,-0.0532988,0.0125324381728064,0.11194837280106576,2.652844185335934,-0.09884158836958318,0.052562140190295516
30,003o0000005Be9I,5,-0.24916999999999997,0.22439,31.0,1.5,-1.5,-0.06329392,-0.0532988,0.1116609867616064,0.33415712885049514,7.207493207524992,0.2012919683037994,0.26672557106132255
31,003o0000005Be9t,5,-0.20219,0.16471,32.0,1.0,-1.5,-0.06329392,-0.0532988,0.0668199579168064,0.2584955665322065,5.74792531919908,0.22234135493455096,-0.13184945886379068
32,003o0000005EQL4,5,0.28186,0.3209,33.0,0.5,-1.5,-0.06329392,-0.0532988,0.25915597041280636,0.5090736394794042,10.287399469504502,-0.3311262043640695,-0.38666704953519243
33,003o0000005EQIM,5,0.21299,0.39873000000000003,34.0,0.0,-1.5,-0.06329392,-0.0532988,0.2806628404800064,0.5297762173597512,10.62803653858208,-0.19035850920903033,-0.4943950631344552
34,003o0000005EQLa,5,-0.13363,0.45252,35.0,-0.5,-1.5,-0.06329392,-0.0532988,0.26079982258320644,0.5106856396876717,10.314090344709482,-0.3217044805399908,-0.3966182670827217
35,003o0000005EQJi,5,-0.09644,0.32602,36.0,-1.0,-1.5,-0.06329392,-0.0532988,0.14498141465280637,0.38076425075472403,8.0659287692626,-0.0800990382923291,0.372243950545137
36,003o0000005EQ9O,5,0.05097,0.4931,37.0,-1.5,-1.5,-0.06329392,-0.0532988,0.31160789205520634,0.5582184984889038,11.0885795136995,0.05184242293994914,-0.5558059510646874
37,003o0000005EQNw,5,0.02805,0.46631000000000006,38.0,-1.5,-1.0,-0.06329392,-0.0532988,0.2783370167584065,0.5275765506146065,10.592063144413652,-0.20715288631319928,-0.4852058310145471
38,003o0000005EQM4,5,0.02634,0.28224,39.0,-1.5,-0.5,-0.06329392,-0.0532988,0.12062052592000638,0.34730465865001925,7.452651188527196,0.13567227918601113,0.31970855256073366
39,003o0000005EQKL,5,-0.16387000000000002,0.49999,40.0,-1.5,0.0,-0.06329392,-0.0532988,0.3162440440736064,0.5623557984706892,11.15487023476927,0.08920262402508408,-0.555235928178865
40,003o0000005EQLE,5,-0.09439,0.54114,41.0,-1.5,0.5,-0.06329392,-0.0532988,0.3543244531368063,0.5952515881010367,11.675786482110437,0.3743882522484702,-0.4627719629743597
41,003o0000005EQJx,5,-0.26056999999999997,0.35133000000000003,42.0,-1.5,1.0,-0.06329392,-0.0532988,0.20264231752960638,0.45015810281456264,9.291814672807014,-0.4461847361770124,0.05967829364397243
42,003o0000005EQMd,5,-0.33395,0.45826000000000006,43.0,-1.5,1.5,-0.06329392,-0.0532988,0.3349471194984065,0.5787461615409699,11.415774083790994,0.23609537398609545,-0.5283995589331734
43,003o0000005EQO6,5,-0.26399,0.4397,44.0,-1.0,1.5,-0.06329392,-0.0532988,0.28332673332880637,0.5322844477615388,10.668993123658037,-0.17076045824454317,-0.5041503736276707
44,003o0000005EQNY,5,0.13316,0.58332,45.0,-0.5,1.5,-0.06329392,-0.0532988,0.44387763919680634,0.6662414271094274,12.764261186923676,0.6532387100242258,0.13098407125559858
45,003o0000005Begt,5,-0.22096,0.47129,46.0,0.0,1.5,-0.06329392,-0.0532988,0.3000520018680064,0.54777002644176,10.920380060025483,-0.04115033989594234,-0.5462221630384974
46,003o0000005EQN6,5,0.11450999999999999,0.36476,47.0,0.5,1.5,-0.06329392,-0.0532988,0.20638739422480637,0.4542987939944441,9.36309639831062,-0.4534348519239549,0.028004094084748736
47,003o0000005Bemx,5,0.23145,0.4519,48.0,1.0,1.5,-0.06329392,-0.0532988,0.3420998058984065,0.5848929867064628,11.512922219409818,0.28927454705903716,-0.5083503145687974
48,003o0000005EQJj,5,0.19529000000000002,0.44206000000000006,49.0,1.5,1.5,-0.06329392,-0.0532988,0.31224598442000645,0.5587897497449344,11.097742968155385,0.056991540123725856,-0.555875839351138
49,003o0000005Beee,5,0.04339,0.5166,50.0,2.0,1.5,-0.06329392,-0.0532988,0.3361661010280063,0.5797983278934205,11.432429957958492,0.2453083395387289,-0.5253474274998956
50,003o0000005EQOV,5,0.0684,0.44448000000000004,51.0,2.0,1.0,-0.06329392,-0.0532988,0.26512702229440643,0.5149048672273417,10.383816077009175,-0.2957138236832368,-0.42152147842909016
51,003o0000005BedD,5,-0.03412,0.49272,52.0,2.0,0.5,-0.06329392,-0.0532988,0.29898764756160645,0.5467976294403684,10.904668704813265,-0.04963852383432483,-0.5445398649439318
52,003o0000005CufK,5,0.15569000000000002,0.38988,53.0,2.0,0.0,-0.06329392,-0.0532988,0.2443614059880064,0.49432924856618227,10.04193607491957,-0.4031385542149863,-0.28607815731624275
53,003o0000005EQJh,5,-0.0026100000000000003,0.4366,54.0,2.0,-0.5,-0.06329392,-0.0532988,0.2436833723880064,0.493642960435988,10.030451896114377,-0.40583306052555296,-0.2810389641534947
54,003o0000005EQMo,5,-0.16238,0.5445300000000001,55.0,2.0,-1.0,-0.06329392,-0.0532988,0.3672173253592065,0.6059845916846455,11.843425531494225,0.4544039265187649,-0.40091694516886583
55,003o0000005EQNI,5,-0.28663,0.50997,56.0,2.0,-1.5,-0.06329392,-0.0532988,0.36715074568320644,0.605929654071499,11.842570315430713,0.45401972532617296,-0.4012690303249839
56,003o0000005EQK3,5,-0.11896,0.4883,57.0,2.0,-2.0,-0.06329392,-0.0532988,0.29642797262400644,0.5444519929470425,10.866728757703765,-0.0699562706410267,-0.5399389713865872
57,003o0000005Befi,5,-0.03337,0.46558,58.0,1.5,-2.0,-0.06329392,-0.0532988,0.2701306500776064,0.5197409451617281,10.46349723796377,-0.2636772332891899,-0.44788945815074116
58,003o0000005EQMU,5,0.02213,0.40639000000000003,59.0,1.0,-2.0,-0.06329392,-0.0532988,0.2186110389536064,0.4675585941393938,9.590004994657981,-0.46119093191757243,-0.07690229691373004
59,003o0000005EQL9,5,-0.0581,0.34605,60.0,0.5,-2.0,-0.06329392,-0.0532988,0.15950644086640642,0.39938257456529874,8.400778029411384,-0.20766032753184344,0.3411504495611488
60,003o0000005Cuit,5,-0.0125,0.41151000000000004,61.0,0.0,-2.0,-0.06329392,-0.0532988,0.21862724286640642,0.46757592203449316,9.590300175253692,-0.4611853028250951,-0.07704128324821519
61,003o0000005EQLM,5,-0.09961,0.49375,62.0,-0.5,-2.0,-0.06329392,-0.0532988,0.30058124724800644,0.5482529044592527,10.928178419924379,-0.03692201414926621,-0.5470082377068629
62,003o0000005CufL,5,0.00911,0.33566,63.0,-1.0,-2.0,-0.06329392,-0.0532988,0.1565312757288064,0.39564033632682905,8.333833310281431,-0.18264641493306058,0.3509580642197963
63,003o0000005EQHu,5,-0.06792000000000001,0.45865,64.0,-1.5,-2.0,-0.06329392,-0.0532988,0.2621129744376064,0.5119697007026943,10.335330958468967,-0.31399565686712655,-0.40437569401014706
64,003o0000005EQNO,5,-0.06162,0.31335999999999997,65.0,-2.0,-2.0,-0.06329392,-0.0532988,0.13444147762560638,0.36666262098229535,7.809293119522845,0.016380154531792587,0.3662965576730431
65,003o0000005EQOQ,5,0.07975,0.39371999999999996,66.0,-2.0,-1.5,-0.06329392,-0.0532988,0.22028737060240636,0.4693478141020861,9.620465961664399,-0.46038990077712133,-0.09126066986845273
66,003o0000005EQNK,5,-0.0388,0.19932,67.0,-2.0,-1.0,-0.06329392,-0.0532988,0.06441621023040639,0.2538034874275891,5.654543033505389,0.2052830271965505,-0.1492484136445902
67,003o0000005EQHY,5,-0.05766,0.52681,68.0,-2.0,-0.5,-0.06329392,-0.0532988,0.33655796089200635,0.5801361572010543,11.43777546924226,0.2482576392743789,-0.5243339636471385
68,003o0000005Beul,5,-0.07514,0.42873999999999995,69.0,-2.0,0.0,-0.06329392,-0.0532988,0.23250173431680635,0.4821843364490455,9.837922567693926,-0.44161470649417095,-0.19359283386756224
69,003o0000005EQLv,5,-0.103,0.39173,70.0,-2.0,0.5,-0.06329392,-0.0532988,0.19962720561840638,0.446796604304919,9.233796851367604,-0.4386731590130363,0.08481194007879887
70,003o0000005EQHN,5,-0.06196,0.39613000000000004,71.0,-2.0,1.0,-0.06329392,-0.0532988,0.2019880256120064,0.44943077955565797,9.279272838366603,-0.44468155160026995,0.06516397224220509
71,003o0000005EQNo,5,-0.31544,0.29534,72.0,-2.0,1.5,-0.06329392,-0.0532988,0.18512665852480636,0.4302634757039068,8.946466901102287,-0.38197654393072633,0.19804186025066586
72,003o0000005EQLP,5,-0.09671,0.1979,73.0,-2.0,2.0,-0.06329392,-0.0532988,0.0642174715240064,0.253411664143556,5.646729119191384,0.20379545071771377,-0.15061502511625563
73,003o0000005EQ7e,5,-0.07121,0.27046,74.0,-1.5,2.0,-0.06329392,-0.0532988,0.10488242490000636,0.3238555617864334,7.01370898143747,0.24121574397869305,0.21609578838286503
74,003o0000005Bees,5,-0.14151,0.33716,75.0,-1.0,2.0,-0.06329392,-0.0532988,0.1585758296680064,0.3982158079082326,8.379925023275398,-0.19991593116246675,0.3443972272470414
75,003o0000005EQJm,5,-0.11967,0.29869,76.0,-0.5,2.0,-0.06329392,-0.0532988,0.1270743777216064,0.3564749328095966,7.622234340784882,0.08187461192766264,0.3469451334768958
76,003o0000005EQNk,5,0.15561,0.47726999999999997,77.0,0.0,2.0,-0.06329392,-0.0532988,0.32942217772480636,0.5739531145701767,11.339759052800623,0.19366863643814985,-0.5402912519974705
77,003o0000005EQMF,5,0.16316,0.31285999999999997,78.0,0.5,2.0,-0.06329392,-0.0532988,0.18535364470080637,0.4305271706882231,8.95107567919298,-0.3831198732776497,0.19639961150807825
78,003o0000005Beng,5,0.13517,0.45893,79.0,1.0,2.0,-0.06329392,-0.0532988,0.30176627109120646,0.5493325687515773,10.945605934764306,-0.02743782231462006,-0.5486469146890719
79,003o0000005EQKo,5,0.07876,0.32757,80.0,1.5,2.0,-0.06329392,-0.0532988,0.16524035900080636,0.40649767404107784,8.52756738062921,-0.2535702307183732,0.31771448990286444
80,003o0000005EQNm,5,0.18483,0.34694,81.0,2.0,2.0,-0.06329392,-0.0532988,0.22175657670160642,0.4709103701359808,9.647037712903316,-0.45932682888280685,-0.10380482151649356
81,003o0000005EQOZ,5,0.04336,0.42015,82.0,2.5,2.0,-0.06329392,-0.0532988,0.2355288248728064,0.48531312044164476,9.890640138600553,-0.43359554006442597,-0.21799938648777242
82,003o0000005CugI,5,0.18007,0.41134,83.0,2.5,1.5,-0.06329392,-0.0532988,0.2751152120232064,0.5245142629359152,10.541896080368723,-0.22988128680121225,-0.47145498830940924
83,003o0000005CugE,5,-0.043230000000000005,0.29247,84.0,2.5,1.0,-0.06329392,-0.0532988,0.1199586239392064,0.3463504351653198,7.434938758921674,0.14092525614806914,0.31638377979727017
84,003o0000005Beut,5,0.006409999999999999,0.36491999999999997,85.0,2.5,0.5,-0.06329392,-0.0532988,0.17976560113680637,0.4239877370122942,8.836530032600844,-0.35272141382527716,0.2352726192439399
85,003o0000005EQJd,5,0.08739,0.5200600000000001,86.0,2.5,0.0,-0.06329392,-0.0532988,0.35144595728400646,0.5928287756882307,11.637788492681633,0.35508664021807135,-0.47472037582417764
86,003o0000005EQMl,5,0.136,0.28103,87.0,2.5,-0.5,-0.06329392,-0.0532988,0.1514938130584064,0.38922206137166276,8.21859805980055,-0.13879306948173922,0.363634840083075
87,003o0000005Beei,5,0.03642,0.35824,88.0,2.5,-1.0,-0.06329392,-0.0532988,0.17930704974720638,0.42344663152185585,8.827028400132482,-0.3500227715188383,0.2383088524698095
88,003o0000005EQJk,5,-0.11349000000000001,0.21108000000000002,89.0,2.5,-1.5,-0.06329392,-0.0532988,0.0724157963368064,0.26910183265226273,5.957735797239097,0.2549758965781424,-0.08604120234503256
89,003o0000005EQKz,5,0.16917000000000001,0.58072,90.0,2.5,-2.0,-0.06329392,-0.0532988,0.4560193128552064,0.6752920204290929,12.899687265904092,0.6381255712805738,0.22094132282813858
90,003o0000005EQMR,5,0.12742,0.5380699999999999,91.0,2.5,-2.5,-0.06329392,-0.0532988,0.38608885689520633,0.6213604886820583,12.08164011578594,0.5497801088433732,-0.28953529804736233
91,003o0000005EQJw,5,0.11988,0.46584,92.0,2.0,-2.5,-0.06329392,-0.0532988,0.3030577786336064,0.5505068379535412,10.964546742723481,-0.017078135080888682,-0.5502418703949794
92,003o0000005EQKn,5,-0.38635,0.30521,93.0,1.5,-2.5,-0.06329392,-0.0532988,0.23289379050240638,0.4825907070203553,9.844775879798496,-0.4406486467732048,-0.19678048836038042
93,003o0000005CueB,5,0.09919,0.46371,94.0,1.0,-2.5,-0.06329392,-0.0532988,0.2936991235360064,0.5419401475587562,10.826036489377106,-0.0914398225243289,-0.5341702747183951
94,003o000000FIU6B,5,0.17902,0.49204,95.0,0.5,-2.5,-0.06329392,-0.0532988,0.3561104426112064,0.5967498995485516,11.69925626374046,0.3861147561766464,-0.45500092051978897
95,003o0000005EQLO,5,0.10494,0.39713000000000004,96.0,0.0,-2.5,-0.06329392,-0.0532988,0.2311887557080064,0.4808209185424511,9.814915217293088,-0.44469052869825537,-0.18286358137713626
96,003o0000005EQIh,5,0.046669999999999996,0.29228000000000004,97.0,-0.5,-2.5,-0.06329392,-0.0532988,0.1315167707112064,0.3626524103204147,7.7358275521234106,0.04274923435592478,0.3601239698675841
97,003o0000005EQId,5,-0.24136999999999997,0.40864,98.0,-1.0,-2.5,-0.06329392,-0.0532988,0.24509854521360636,0.49507428252092267,10.054397322831038,-0.40014463077935386,-0.29151812923394815
98,003o0000005Culm,5,-0.01899,0.54063,99.0,-1.5,-2.5,-0.06329392,-0.0532988,0.35471425679680646,0.5955789257493976,11.680915830850338,0.37696421978094496,-0.46109894144505464
99,003o0000005Beed,5,-0.12878,0.38664,100.0,-2.0,-2.5,-0.06329392,-0.0532988,0.19783457441920635,0.4447859872109354,9.199030121482025,-0.43350042648546394,0.09955879999340705
100,003o0000005CurG,5,0.05171,0.21215,101.0,-2.5,-2.5,-0.06329392,-0.0532988,0.0836889670368064,0.28929045445158813,6.352300793495548,0.28859976638273066,0.01997853549787035
101,003o0000005Be7e,5,0.012759999999999999,0.17067000000000002,102.0,-2.5,-2.0,-0.06329392,-0.0532988,0.05594622212080641,0.23652953752291997,5.307717392571281,0.13264119922693948,-0.19583803100635422
102,003o0000005Be8H,5,0.03245,0.19365,103.0,-2.5,-1.5,-0.06329392,-0.0532988,0.07015060803840639,0.26485960061588554,5.874028209111788,0.2429971583452025,-0.10537072209377221
103,003o0000005Be8L,5,-0.21049,0.24843,104.0,-2.5,-1.0,-0.06329392,-0.0532988,0.11270695471680642,0.3357185647485203,7.2367349448798235,0.19431125330351723,0.2737701436541662
104,003o0000005Be4N,5,-0.35385,0.31166,105.0,-2.5,-0.5,-0.06329392,-0.0532988,0.2176177613224064,0.46649518895955017,9.571883220058416,-0.4614568166583403,-0.06837666035978449
105,003o0000005Be9E,5,0.11823,0.16205999999999998,106.0,-2.5,0.0,-0.06329392,-0.0532988,0.07933034626960639,0.28165643303430227,6.203833240724686,0.28077013810976875,-0.022326571958717314
106,003o0000005BeA2,5,-0.04035,0.1112,107.0,-2.5,0.5,-0.06329392,-0.0532988,0.0275862786664064,0.16609117576321267,3.8414320052109194,-0.1270507257155877,-0.10697846400817737
107,003o0000005Be8K,5,-0.37606999999999996,0.39098,108.0,-2.5,1.0,-0.06329392,-0.0532988,0.2952125283496063,0.5433346375389723,10.848635612183134,-0.07954988927371265,-0.5374796214426613
108,003o0000005BeA0,5,-0.19368,0.31487,109.0,-2.5,1.5,-0.06329392,-0.0532988,0.15254879515120637,0.39057495458772873,8.242932450317491,-0.14811297758317776,0.3614019106516337
109,003o0000005Be9u,5,-0.4432,0.15335,110.0,-2.5,2.0,-0.06329392,-0.0532988,0.18703235616240638,0.43247237618419787,8.985047144494429,-0.39132967301328025,0.18410171965988126
110,003o0000005BeA1,5,-0.13857,0.21908000000000002,111.0,-2.5,2.5,-0.06329392,-0.0532988,0.07985669890960641,0.28258927599894235,6.2220226638853715,0.2820608760307392,-0.017273132963605102
111,003o0000005Be8J,5,-0.021240000000000002,0.23735,112.0,-2.0,2.5,-0.06329392,-0.0532988,0.08624525712880639,0.29367542820060105,6.437183408302713,0.29019998746318754,0.04504691338118694
112,003o0000005Be93,5,-0.09779,0.25823,113.0,-1.5,2.5,-0.06329392,-0.0532988,0.0982401727648064,0.31343288398763525,6.816105793991096,0.2699682024113231,0.15923988963700433
113,003o0000005Be8m,5,-0.053070000000000006,0.24545999999999998,114.0,-1.0,2.5,-0.06329392,-0.0532988,0.0893613491176064,0.298933686823025,6.538592174512241,0.28923645295275063,0.07552233709915004
114,003o0000005Be6f,5,0.06481,0.29675999999999997,115.0,-0.5,2.5,-0.06329392,-0.0532988,0.13895177777680637,0.37276236099800414,7.920625792193876,-0.024824048468917333,0.37193486579563795
115,003o0000005EQNd,5,-0.25856,0.15879000000000001,116.0,0.0,2.5,-0.06329392,-0.0532988,0.08311050108400642,0.28828891946102686,6.332872971968492,0.28793311959978807,0.014318509752783449
116,003o0000005EQMT,5,-0.21886,0.19975,117.0,0.5,2.5,-0.06329392,-0.0532988,0.0882345004280064,0.29704292691125705,6.502175046636295,0.2899487754629114,0.06453067515193504
117,003o0000005EQLA,5,-0.31818,-0.41147,118.0,1.0,2.5,-0.06329392,-0.0532988,0.19325352228720644,0.43960609901047376,9.109238345363448,-0.41790233212421307,0.13642273671331462
118,003o0000005Bebs,5,0.34818000000000005,0.54068,119.0,1.5,2.5,-0.06329392,-0.0532988,0.5221216016896064,0.7225798237493256,13.59557661578117,0.37248944882900503,0.6191713916200187
119,003o0000005Bes3,5,-0.44492,0.35599000000000003,120.0,2.0,2.5,-0.06329392,-0.0532988,0.3131557867416064,0.5596032404673925,11.1107863969898,0.06433053031440197,-0.5558933077588488
120,003o0000005Be9j,5,-0.36280999999999997,0.23121,121.0,2.5,2.5,-0.06329392,-0.0532988,0.17065513945600638,0.4131042718927104,8.644722391667045,-0.2936652746805147,0.2905440515701952
121,003o0000005Be8l,5,-0.32263000000000003,0.39161999999999997,122.0,3.0,2.5,-0.06329392,-0.0532988,0.2652079409832064,0.5149834375814492,10.38511266530255,-0.29521207557661266,-0.4219689223354662
122,003o0000005Be9l,5,-0.32973,0.17833,123.0,3.0,2.0,-0.06329392,-0.0532988,0.1246400857152064,0.35304402801238033,7.5589222422077285,0.10266402975015833,0.33778718553353226
123,003o0000005Be85,5,-0.5088199999999999,0.22557,124.0,3.0,1.5,-0.06329392,-0.0532988,0.27626129557360635,0.5256056464438014,10.559786910678502,-0.22187092565872568,-0.4764814665031018
124,003o0000005Be9b,5,-0.46107,0.27414,125.0,3.0,1.0,-0.06329392,-0.0532988,0.2654419775656064,0.5152106147641043,10.38886122363176,-0.2937577597194578,-0.42325920683454904
125,003o0000005BegW,0,-0.35359,0.14892,126.0,3.0,0.5,-0.33214761,-0.11164283,0.06835276446652101,0.26144361622828166,5.806419807105474,0.23228844508960578,-0.11997850951055458
126,003o0000005EQHb,0,-0.21129,0.09416000000000001,127.0,3.0,0.0,-0.33214761,-0.11164283,0.05696136673092099,0.23866580553342992,5.35087092683539,0.14223936166861534,-0.19164897788150562
127,003o0000005EQJX,0,-0.4548,0.16852999999999999,128.0,3.0,-0.5,-0.33214761,-0.11164283,0.09354042344292099,0.3058437892828968,6.671235341416597,0.2831038922997454,0.11572644299232177
128,003o0000005EQMn,0,-0.38531,0.14194,129.0,3.0,-1.0,-0.33214761,-0.11164283,0.06713049138132102,0.25909552559108584,5.759840659067291,0.22441622157025937,-0.12949073664725705
129,003o0000005Befp,0,-0.47371,0.33744,130.0,3.0,-1.5,-0.33214761,-0.11164283,0.22171529846332105,0.47086653997000155,9.64629275216493,-0.4593612727275703,-0.1034529824675337
130,003o0000005Bevh,0,-0.41241000000000005,0.20784,131.0,3.0,-2.0,-0.33214761,-0.11164283,0.10851132991332102,0.32941057954067143,7.118391768141791,0.22104260881696072,0.24423655541444467
131,003o0000005Be9S,0,-0.55207,0.04011,132.0,3.0,-2.5,-0.33214761,-0.11164283,0.071394779036321,0.2671980146563986,5.920204383998497,0.24978807729449687,-0.0948719952242992
132,003o0000005Be91,0,-0.24120999999999998,-0.00575,133.0,3.0,-3.0,-0.33214761,-0.11164283,0.019482940357921,0.13958130375491196,3.2665229383891505,-0.1384934568400756,-0.017392606774348496
133,003o0000005Be7z,0,-0.49596999999999997,0.05268,134.0,2.5,-3.0,-0.33214761,-0.11164283,0.053839767924521,0.23203398010748555,5.216661149676203,0.11211193552331476,-0.20315186890042905
134,003o0000005Be8q,0,-0.38745999999999997,0.061860000000000005,135.0,2.0,-3.0,-0.33214761,-0.11164283,0.033162692505521,0.18210626706821761,4.1824454849944965,-0.09205191134859693,-0.15712777641967396
135,003o0000005Be9D,0,-0.19089,0.02259,136.0,1.5,-3.0,-0.33214761,-0.11164283,0.037972165032720995,0.1948644786325127,4.450819298758307,-0.05039140059389715,-0.18823621271930216
136,003o0000005Be6b,0,-0.17586,-0.27748,137.0,1.0,-3.0,-0.33214761,-0.11164283,0.051927783993121,0.22787668593588287,5.1321601515918935,0.09287148547486627,-0.2080929388009423
137,003o0000005Be6i,0,-0.38029,-0.023569999999999997,138.0,0.5,-3.0,-0.33214761,-0.11164283,0.010074513099121005,0.10037187404408171,2.3912047496312088,-0.07341443809672352,0.0684458426645721
138,003o0000005Be6k,0,-0.23999,0.03627,139.0,0.0,-3.0,-0.33214761,-0.11164283,0.030371230359520992,0.17427343561059727,4.016240091635727,-0.11175587729237642,-0.1337230505564852
139,003o0000005Be6v,0,-0.50585,-0.17698,140.0,-0.5,-3.0,-0.33214761,-0.11164283,0.03444146607532102,0.18558412129091492,4.255889562418721,-0.0818070930223935,-0.16658050788296475
140,003o0000005Be9q,0,-0.18930999999999998,-0.01744,141.0,-1.0,-3.0,-0.33214761,-0.11164283,0.029276756010521002,0.17110451779693311,3.9486833949120106,-0.11833633807992186,-0.12358506018267515
141,003o0000005Be8s,0,-0.41705,0.020880000000000003,142.0,-1.5,-3.0,-0.33214761,-0.11164283,0.024770716298921,0.15738715417377938,3.6541252807780285,-0.13716374515588298,-0.077180459403485
142,003o0000005Be8b,0,-0.43933,0.01108,143.0,-2.0,-3.0,-0.33214761,-0.11164283,0.026548957729321004,0.16293850904350698,3.77374998583049,-0.13145139950980647,-0.09627817663538435
143,003o0000005Be9p,0,-0.22948000000000002,-0.14432,144.0,-2.5,-3.0,-0.33214761,-0.11164283,0.011608435582320994,0.10774245023351285,2.5581028916948476,-0.0899159325409717,0.059359587747965535
144,003o0000005Be3L,0,-0.2035,-0.10240999999999999,145.0,-3.0,-3.0,-0.33214761,-0.11164283,0.016635452708520997,0.12897849707808273,3.0328309749212488,-0.12821639882046953,0.014000277926930565
145,003o0000005BebU,0,-0.29186,-0.32466999999999996,146.0,-3.0,-2.5,-0.33214761,-0.11164283,0.04700366667772098,0.21680329028342946,4.9056791501375265,0.041645489841780466,-0.21276588037925429
146,003o0000005EQHv,0,-0.23456,-0.22923000000000002,147.0,-3.0,-2.0,-0.33214761,-0.11164283,0.023350084174121002,0.1528073433252506,3.5550033918390596,-0.13993423215471432,-0.06138806761408544
147,003o0000005EQIb,0,-0.20471,-0.21766,148.0,-3.0,-1.5,-0.33214761,-0.11164283,0.02747998477732099,0.16577088036600696,3.83456420189515,-0.12753601109851945,-0.10589877549055662
148,003o0000005EQJP,0,-0.52142,0.19030999999999998,149.0,-3.0,-1.0,-0.33214761,-0.11164283,0.12699954916132097,0.3563699610816279,7.62029962405527,0.08252139146900331,0.34668396142789826
149,003o0000005EQKx,0,-0.23571999999999999,-0.118,150.0,-3.0,-0.5,-0.33214761,-0.11164283,0.009338697580720999,0.09663693693780344,2.306204164161382,-0.0648327204282414,0.07166181648963757
150,003o0000005EQCU,0,-0.27808,0.0748,151.0,-3.0,0.0,-0.33214761,-0.11164283,0.037684235309521,0.19412427800128712,4.435327374552792,-0.053098910801329204,-0.1867210244756425
151,003o0000005EQJz,0,-0.26276,0.09581,152.0,-3.0,0.5,-0.33214761,-0.11164283,0.047851317096521,0.2187494390770431,4.945632077133413,0.050560435788133185,-0.2128261248752959
152,003o0000005Be8o,0,-0.15357,0.0874,153.0,-3.0,1.0,-0.33214761,-0.11164283,0.071508010967721,0.2674098183831719,5.924382618684459,0.2503806088777033,-0.09390187253591661
153,003o0000005Be8h,0,-0.30499,0.19251,154.0,-3.0,1.5,-0.33214761,-0.11164283,0.09324647977792098,0.30536286574814725,6.662026504206016,0.28371075622029457,0.1129366485372645
154,003o0000005Be9k,0,-0.10471,0.07244,155.0,-3.0,2.0,-0.33214761,-0.11164283,0.08561435474332099,0.2925993074894761,6.416378952411433,0.29000770635651957,0.0388572386712143
155,003o0000005Be7E,0,-0.5151600000000001,-0.06999,156.0,-3.0,2.5,-0.33214761,-0.11164283,0.03522849314052103,0.18769254950722214,4.300309768392826,-0.0751737478349261,-0.17198081514218955
156,003o0000005Be7l,0,-0.31678,-0.2683,157.0,-3.0,3.0,-0.33214761,-0.11164283,0.024777632349520993,0.15740912409870336,3.654599834956529,-0.13714624519498553,-0.07725632516783275
157,003o0000005Be6c,0,-0.35056,-0.38269000000000003,158.0,-2.5,3.0,-0.33214761,-0.11164283,0.073805584470521,0.2716718323097207,6.008310954117248,0.26147308401920083,-0.07373880121082073
158,003o0000005Be6d,0,-0.44156999999999996,-0.16697,159.0,-2.0,3.0,-0.33214761,-0.11164283,0.015034355173520997,0.12261466133183664,2.891512089932804,-0.1188004241357702,0.030344923771235648
159,003o0000005Be8G,0,-0.57068,-0.13185999999999998,160.0,-1.5,3.0,-0.33214761,-0.11164283,0.05730643504192099,0.2393876250809991,5.365435172284386,0.14545398407954843,-0.19013041197374886
160,003o0000005Be9h,0,-0.50166,0.02105,161.0,-1.0,3.0,-0.33214761,-0.11164283,0.046341837496921,0.2152715436301812,4.87418861303691,0.034679081946578774,-0.21245987567600497
161,003o0000005Be8N,0,-0.32343,0.13153,162.0,-0.5,3.0,-0.33214761,-0.11164283,0.059209021974321,0.24332904054863858,5.4448123084952105,0.16270767565015243,-0.18092880991938734
162,003o0000005Be6e,0,-0.48578999999999994,-0.27835,163.0,0.0,3.0,-0.33214761,-0.11164283,0.05139726453432099,0.22670964808388944,5.10838755244236,0.08744863896059121,-0.20916500682059885
163,003o0000005Be6g,0,-0.51159,-0.01923,164.0,0.5,3.0,-0.33214761,-0.11164283,0.040739702477521005,0.20184078497053315,4.596359222811164,-0.023367023544115822,-0.20048362698287792
164,003o0000005Be7N,0,-0.52537,-0.25961999999999996,165.0,1.0,3.0,-0.33214761,-0.11164283,0.059232134838520994,0.243376528939257,5.445767153958359,0.16291214843315538,-0.18080864672745753
165,003o0000005Be7O,0,-0.49777,-0.24824000000000002,166.0,1.5,3.0,-0.33214761,-0.11164283,0.046089562921321006,0.21468479899918627,4.86211546110194,0.032024033168474325,-0.2122828872541201
166,003o0000005Be7T,0,-0.26411999999999997,-0.09913,167.0,2.0,3.0,-0.33214761,-0.11164283,0.004784326636921002,0.06916882706046852,1.6720387367708287,-0.006990861697913347,0.068814638629013
167,003o0000005Be9Z,0,-0.15458,-0.18165,168.0,2.5,3.0,-0.33214761,-0.11164283,0.036431259972520995,0.19086974609015697,4.367097980719033,-0.06460378136520316,-0.17960404061667995
168,003o0000005Be9W,0,-0.39149,-0.00045,169.0,3.0,3.0,-0.33214761,-0.11164283,0.015885364694321003,0.12603715600695298,2.9676131850761256,-0.12413446241321056,0.021817422755775202
169,003o0000005Be9d,0,-0.34381999999999996,-0.1126,170.0,3.5,3.0,-0.33214761,-0.11164283,0.00013716086272099948,0.011711569609621055,0.29108799937389684,0.011218889554641242,0.0033611575211169612
170,003o0000005Be9O,0,-0.37898000000000004,0.08709,171.0,3.5,2.5,-0.33214761,-0.11164283,0.041688010472921005,0.2041764199728289,4.64489660922635,-0.013769891012606545,-0.20371156220112283
171,003o0000005Be88,0,-0.47947,-0.0887,172.0,3.5,2.0,-0.33214761,-0.11164283,0.022230260043721008,0.14909815573547852,3.474435557895611,-0.14091524615176457,-0.04871502279285733
172,003o0000005Be8D,0,-0.26682,0.01931,173.0,3.5,1.5,-0.33214761,-0.11164283,0.021416340313320997,0.1463432277671946,3.414426853015743,-0.14093014637801846,-0.0394339213773027
173,003o0000005Be8Q,0,-0.22674,0.028610000000000003,174.0,3.5,1.0,-0.33214761,-0.11164283,0.030781620568920996,0.17544691666974657,4.04121074730484,-0.1091120306053952,-0.1373906304887211
174,003o0000005Be7o,0,-0.49005,0.07669,175.0,3.5,0.5,-0.33214761,-0.11164283,0.060402419623521,0.24576903715383067,5.493825993584809,0.17309520287444927,-0.17447197587399024
175,003o0000005Be9L,0,-0.36,0.00016999999999999999,176.0,3.5,0.0,-0.33214761,-0.11164283,0.013277864581321002,0.11522961677156182,2.7265079508697627,-0.10544456729438638,0.04646835277283482
176,003o0000005Be7x,0,-0.54972,0.08914,177.0,3.5,-0.5,-0.33214761,-0.11164283,0.087651489713121,0.29605994277024544,6.4832212249505226,0.2901563421469902,0.05882845251236631
177,003o0000005Be9U,0,-0.22618000000000002,-0.38221,178.0,3.5,-1.0,-0.33214761,-0.11164283,0.08443572785092097,0.2905782645879092,6.377259626357495,0.289293407031423,0.027295649819565962
178,003o0000005Be80,0,-0.33614,0.0636,179.0,3.5,-1.5,-0.33214761,-0.11164283,0.030725988644321005,0.17528830150446723,4.037837012051849,-0.10947586567815074,-0.13689785782962605
179,003o0000005Be89,0,-0.21481,-0.48716000000000004,180.0,3.5,-2.0,-0.33214761,-0.11164283,0.15478125968532105,0.39342249514398775,8.294073688782664,-0.16760693329387702,0.3559342293137075
180,003o0000005Be8w,0,-0.51589,0.13932,181.0,3.5,-2.5,-0.33214761,-0.11164283,0.09674360792452097,0.3110363450218012,6.770448188151039,0.27483722320663945,0.14563004039203173
181,003o0000005Be7s,0,-0.48466000000000004,0.26135,182.0,3.5,-3.0,-0.33214761,-0.11164283,0.16238368033492107,0.40296858479901515,8.464760235550756,-0.23110468586051708,0.3301125633904786
182,003o0000005Be7v,0,-0.45318,0.12836,183.0,3.5,-3.5,-0.33214761,-0.11164283,0.07225019783712101,0.268793969123418,5.951670466855175,0.25415824093895956,-0.08748592115269058
183,003o0000005Be9M,0,-0.24834,-0.17354,184.0,3.0,-3.5,-0.33214761,-0.11164283,0.010854975147920996,0.10418721201721926,2.47773773952638,-0.08206022936242346,0.06419574678206845
184,003o0000005Be8r,0,-0.30324,-0.22233000000000003,185.0,2.5,-3.5,-0.33214761,-0.11164283,0.013087299518521006,0.11439973565756613,2.7078976569342554,-0.10380851797326011,0.04807380903065973
185,003o0000005Bdzb,0,-0.15567999999999999,-0.40553,186.0,2.0,-3.5,-0.33214761,-0.11164283,0.11751048606972099,0.34279802518351965,7.368887886301559,0.15984373461240214,0.30324984183817955
186,003o0000005Be84,0,-0.28826,-0.22915,187.0,1.5,-3.5,-0.33214761,-0.11164283,0.015734057312920997,0.12543547071271746,2.9542511459063268,-0.12324070674529213,0.023362052860181386
187,003o0000005Be8u,0,-0.29858,-0.37888,188.0,1.0,-3.5,-0.33214761,-0.11164283,0.072542489470721,0.2693371297662485,5.962370478595302,0.2555952222054622,-0.08493274902216096
188,003o0000005Be98,0,-0.3655,-0.23961999999999997,189.0,0.5,-3.5,-0.33214761,-0.11164283,0.017490537959920994,0.13225179756782512,3.105209776493719,-0.1321642754618092,0.004810639414466185
189,003o0000005Be8x,0,-0.21635,-0.58722,190.0,0.0,-3.5,-0.33214761,-0.11164283,0.239582731106921,0.48947189000689406,9.960540522325372,-0.4208868900598811,-0.24987388195376192
190,003o0000005Be8a,0,-0.4813,-0.36959000000000003,191.0,-0.5,-3.5,-0.33214761,-0.11164283,0.08878317795372101,0.29796506163260317,6.519942521037738,0.2896529344612419,0.069888164317805
191,003o0000005Be9H,0,-0.28586999999999996,-0.50389,192.0,-1.0,-3.5,-0.33214761,-0.11164283,0.155999459560321,0.3949676690063644,8.321780966630744,-0.1781000635199108,0.35253344087408894
192,003o0000005Be7n,0,0.03149,-0.23238000000000003,193.0,-1.5,-3.5,-0.33214761,-0.11164283,0.146809775626121,0.38315763808923475,8.109225722450725,-0.09674025220548259,0.37074398070547365
193,003o0000005Be8g,0,-0.07241,-0.15261,194.0,-2.0,-3.5,-0.33214761,-0.11164283,0.06914193506632098,0.26294854071913193,5.836227471199805,0.23711809849793322,-0.11365272733659064
194,003o0000005Be9n,0,-0.29205,-0.01618,195.0,-2.5,-3.5,-0.33214761,-0.11164283,0.010720970239321,0.10354211819023697,2.4631278451766736,-0.08061138247749032,0.06498288431878634
195,003o0000005Be96,0,-0.15397,-0.22007,196.0,-3.0,-3.5,-0.33214761,-0.11164283,0.04350371189952099,0.20857543455431418,4.736058480009368,0.004936415205940145,-0.20851701058771094
196,003o0000005Beph,0,-0.471,-0.17194,197.0,-3.5,-3.5,-0.33214761,-0.11164283,0.022915734918721,0.15137944021141378,3.5240184190316506,-0.14044411311728375,-0.05649058336944844
197,003o0000005Cue6,0,-0.43513,-0.32936,198.0,-3.5,-3.0,-0.33214761,-0.11164283,0.058006138762921,0.24084463615144308,5.394807648016221,0.1518939377708353,-0.1869073846357886
198,003o0000005Bens,0,-0.412,-0.3237,199.0,-3.5,-2.5,-0.33214761,-0.11164283,0.051344647537120994,0.22659357346827158,5.106021872271136,0.08690905725867648,-0.20926409941394414
199,003o0000005EQHe,0,-0.30553,-0.08098,200.0,-3.5,-2.0,-0.33214761,-0.11164283,0.001648706305720998,0.04060426462480263,0.9950392025518234,0.0221078042683132,0.03405805772728313
200,003o0000005Cuim,0,-0.34263000000000005,-0.15001,201.0,-3.5,-1.5,-0.33214761,-0.11164283,0.0015819202339210018,0.039773360857752536,0.9750691788153999,0.022317262042039352,0.0329220298412469
201,003o0000005EQNf,0,-0.45023,-0.19906,202.0,-3.5,-1.0,-0.33214761,-0.11164283,0.021585212438921007,0.14691906764923676,3.4269818907734306,-0.14097650621459112,-0.0413622670370999
202,003o0000005EQJZ,0,-0.36344,-0.19303,203.0,-3.5,-0.5,-0.33214761,-0.11164283,0.007603085112521002,0.08719567140931367,2.090040060881896,-0.043268558145716236,0.0757028202150473
203,003o0000005Be73,0,-0.28149,-0.13992000000000002,204.0,-3.5,0.0,-0.33214761,-0.11164283,0.003365791794120997,0.058015444444742444,1.4098732775854954,0.009295779736756795,0.05726587354792292
204,003o0000005Be75,0,-0.41231999999999996,-0.29036999999999996,205.0,-3.5,0.5,-0.33214761,-0.11164283,0.03837101341452098,0.19588520468509352,4.4721667054258525,-0.046604718901741886,-0.19026038366042103
205,003o0000005Be76,0,-0.41633000000000003,-0.2668,206.0,-3.5,1.0,-0.33214761,-0.11164283,0.031160422188521004,0.17652314915761333,4.064090132094211,-0.10659019758648318,-0.1407087487223004
206,003o0000005Be77,0,-0.47953999999999997,-0.29914,207.0,-3.5,1.5,-0.33214761,-0.11164283,0.056879705387921004,0.2384946653238202,5.347416564231606,0.14147496895501963,-0.1920014024612769
207,003o0000005Be79,0,-0.48807,-0.13329000000000002,208.0,-3.5,2.0,-0.33214761,-0.11164283,0.024780391672321007,0.1574178886668253,3.6547891486303725,-0.13713925257160095,-0.07728659053434594
208,003o0000005Be7B,0,-0.37715,-0.36469,209.0,-3.5,2.5,-0.33214761,-0.11164283,0.066058085350721,0.25701767517180796,5.718549772572297,0.2171243387055866,-0.13753220311033598
209,003o0000005Be7C,0,-0.38666,-0.18774000000000002,210.0,-3.5,3.0,-0.33214761,-0.11164283,0.008762379945521006,0.09360758487174534,2.2370485523653225,-0.05785361048996743,0.07358899169574304
210,003o0000005Be7D,0,-0.3677,-0.05533,211.0,-3.5,3.5,-0.33214761,-0.11164283,0.004435107257321004,0.06659660094419988,1.6118208091324595,-0.002731324788404291,0.06654056749247975
211,003o0000005Be7F,0,-0.30441,-0.11245,212.0,-3.0,3.5,-0.33214761,-0.11164283,0.0007700265319209982,0.02774935191893674,0.6842829053312577,0.021502210648938754,0.017540851436850576
212,003o0000005Be7I,0,-0.25584,-0.30082,213.0,-2.5,3.5,-0.33214761,-0.11164283,0.04161085299312099,0.2039873843969793,4.640971718903383,-0.01455583950836482,-0.20346739426583246
213,003o0000005Be7H,0,-0.1971,-0.32795,214.0,-2.0,3.5,-0.33214761,-0.11164283,0.06502664876012101,0.2550032328424897,5.678453713763518,0.20977961502288267,-0.14497986715738215
214,003o0000005Be7K,0,-0.23844,-0.41148999999999997,215.0,-1.5,3.5,-0.33214761,-0.11164283,0.09868944152892095,0.31414875700680556,6.829728073613427,0.26838560032898584,0.16327464918036366
215,003o0000005Be7L,0,-0.27557,-0.42344,216.0,-1.0,3.5,-0.33214761,-0.11164283,0.10041850117332098,0.31688878360289274,6.881799310613557,0.2617873425811197,0.17856620183460375
216,003o0000005EQFg,0,0.54182,-0.06777000000000001,217.0,-0.5,3.5,-0.33214761,-0.11164283,0.7657442085413211,0.8750681165151208,15.716124689264085,-0.8750389730592356,-0.007141720294123708
217,003o0000005Be0X,1,0.08427,-0.03095,218.0,0.0,3.5,0.22142381,0.00219667,0.019909869329604996,0.14110233637188646,3.299868923244796,-0.13933861900103872,-0.022240022133270615
218,003o0000005Be0E,1,0.03215,-0.08435,219.0,0.5,3.5,0.22142381,0.00219667,0.04331490124000499,0.20812232278159157,4.726683874172609,0.002974985176586346,-0.20810105887093433
219,003o0000005BdyE,1,0.14645,0.03598,220.0,1.0,3.5,0.22142381,0.00219667,0.006762385571805,0.08223372527014083,1.9756792340363833,-0.03239278025666588,0.0755850075018079
220,003o0000005Bdzo,1,0.23326,0.09099,221.0,1.5,3.5,0.22142381,0.00219667,0.008024350846205,0.08957874103940622,2.144778635731909,-0.04863950697440414,0.07522332887802753
221,003o0000005Be0O,1,0.26014,0.018359999999999998,222.0,2.0,3.5,0.22142381,0.00219667,0.0017601966048049987,0.04195469705295223,1.027461636736852,0.021690298132868848,0.035912777276510724
222,003o0000005BdxY,1,0.49501000000000006,-0.18916,223.0,2.5,3.5,0.22142381,0.00219667,0.11146677851220504,0.33386640818178315,7.2020449671735225,0.2025657705490874,0.2653938339789746
223,003o0000005Bdxl,1,0.23694,-0.07904,224.0,3.0,3.5,0.22142381,0.00219667,0.006840148704805,0.082705191522691,1.9865679075307316,-0.033404287468860656,0.07565911897122989
224,003o0000005BdxN,1,0.34496,0.17698,225.0,3.5,3.5,0.22142381,0.00219667,0.04581040268560499,0.21403364848921533,4.848710232384591,0.029087049442365637,-0.2120479809862437
225,003o0000005Bdxq,1,0.43222,0.08101,226.0,4.0,3.5,0.22142381,0.00219667,0.050646574704205,0.22504793868019543,5.07449942118691,0.0797229176930257,-0.21045386928901083
226,003o0000005Bdxe,1,0.29725,0.06895,227.0,4.0,3.0,0.22142381,0.00219667,0.010205618156005002,0.10102285957150986,2.405990501965017,-0.07490105790253779,0.06778974613527979
227,003o0000005Be3V,1,-0.39881,0.25579,228.0,4.0,2.5,0.22142381,0.00219667,0.448999556087605,0.6700742914689423,12.821702783718534,0.6483501171526954,0.16923853484266274
228,003o0000005Be0Y,1,0.41631999999999997,-0.010459999999999999,229.0,4.0,2.0,0.22142381,0.00219667,0.03814471617200499,0.19530672331490534,4.460070616970974,-0.04875824212595583,-0.18912257928864987
229,003o0000005BdxU,1,-0.03488,-0.5039399999999999,230.0,4.0,1.5,0.22142381,0.00219667,0.32186597173920495,0.5673323291856414,11.234375519421356,0.134195681083742,-0.5512327012412049
230,003o0000005Be3N,1,0.14311,0.07467,231.0,4.0,1.0,0.22142381,0.00219667,0.011385436398005003,0.10670256040979055,2.534623195988642,-0.08764338645981089,0.060861097655737696
231,003o0000005Be2d,1,0.0916,0.02426,232.0,4.0,0.5,0.22142381,0.00219667,0.017341012173604994,0.13168527698116064,3.0926979314239476,-0.13152789874722604,0.006436149838564373
232,003o0000005Be3Z,1,0.07859,-0.13588,233.0,4.0,0.0,0.22142381,0.00219667,0.039466664077405005,0.1986621858266062,4.530152243683809,-0.03600349291686861,-0.1953724969774149
233,003o0000005Be3Y,1,0.17276,-0.0188,234.0,4.0,-0.5,0.22142381,0.00219667,0.002809026554805,0.05300025051643624,1.2910867764789251,0.014632123590830312,0.050940431034961486
234,003o0000005BefY,1,0.37825,0.07681,235.0,4.0,-1.0,0.22142381,0.00219667,0.030161602883604994,0.17367096154396391,4.003410271632619,-0.11307002915600427,-0.13182098235965828
235,003o0000005Beg3,1,0.41781,-0.11665,236.0,4.0,-1.5,0.22142381,0.00219667,0.05269206659280501,0.22954752578236387,5.166155912193206,0.10062315941805412,-0.20631782855956454
236,003o0000005BelE,1,0.47689,-0.05197,237.0,4.0,-2.0,0.22142381,0.00219667,0.068197002372005,0.26114555782552573,5.800512019836571,0.23131158065158144,-0.12121037508593037
237,003o0000005BelS,1,0.28412,-0.23929,238.0,4.0,-2.5,0.22142381,0.00219667,0.06224662402820501,0.24949273341763886,5.568441392095841,0.18843215882326167,-0.16352353209679057
238,003o0000005Bep8,1,0.45627,-0.03261,239.0,4.0,-3.0,0.22142381,0.00219667,0.05636423723400501,0.2374115355959036,5.325543162957155,0.13661845049955848,-0.19416394159860037
239,003o0000005CufZ,1,0.42583000000000004,0.20795999999999998,240.0,4.0,-3.5,0.22142381,0.00219667,0.084120438483005,0.2900352366230783,6.3667383303053935,0.2890234418413075,0.02420513476949324
240,003o0000005CugD,1,0.42071000000000003,-0.07856,241.0,4.0,-4.0,0.22142381,0.00219667,0.04623662527420501,0.2150270338218081,4.869158165102105,0.03357170454194198,-0.21239012672050828
241,003o0000005Cugm,1,0.19216,-0.03277,242.0,3.5,-4.0,0.22142381,0.00219667,0.002079038586605,0.045596475594118016,1.1146878155079472,0.020083322237511587,0.04093529961426046
242,003o0000005CuiH,1,0.21198000000000003,0.0071400000000000005,243.0,3.0,-4.0,0.22142381,0.00219667,0.00011362205880499943,0.01065936484059906,0.26507385809941425,0.010287066847721073,0.0027925462351619974
243,003o0000005EQCP,1,0.4225,0.28518000000000004,244.0,2.5,-4.0,0.22142381,0.00219667,0.12051119924280501,0.3471472299224135,7.4497298387630275,0.13654375783500294,0.31916610321132327
244,003o0000005EQDo,1,0.45855,-0.07007000000000001,245.0,2.0,-4.0,0.22142381,0.00219667,0.061451301576805006,0.24789373041044221,5.5364278601724015,0.18192803578007608,-0.16838494996290002
245,003o0000005EQEL,1,0.37722,0.0261,246.0,1.5,-4.0,0.22142381,0.00219667,0.024843822003605003,0.15761923107160813,3.6591377269657657,-0.13697684405099803,-0.07798183248317246
246,003o0000005EQHR,1,0.29617,-0.01565,247.0,1.0,-4.0,0.22142381,0.00219667,0.005905496549604998,0.07684722863971738,1.8509384781135112,-0.021247664003505872,0.07385142736602401
247,003o0000005EQIm,1,0.29696999999999996,0.17373,248.0,0.5,-4.0,0.22142381,0.00219667,0.03513091012440499,0.18743241481772832,4.294833536732571,-0.07600893104171606,-0.17132878487370604
248,003o0000005EQIT,1,0.33412,0.08163,249.0,0.0,-4.0,0.22142381,0.00219667,0.019010085155404994,0.13787706537131184,3.2291075738580775,-0.13734941161125983,-0.012050903926499542
249,003o0000005EQIt,1,0.38145999999999997,0.26873,250.0,-0.5,-4.0,0.22142381,0.00219667,0.096651598110605,0.3108884013767722,6.767626908757165,0.27511607136442473,0.14478516977788078
250,003o0000005EQKX,1,0.40514,-0.05487,251.0,-1.0,-4.0,0.22142381,0.00219667,0.037008243293005005,0.19237526684323275,4.398683506864458,-0.059364194992057535,-0.18298670893250682
251,003o0000005EQLu,1,0.5741,-0.0187,252.0,-1.5,-4.0,0.22142381,0.00219667,0.12481716581000504,0.35329472938328,7.5635539863109305,0.10117018165636216,0.3384992764447566
252,003o0000005EQNM,1,0.49605,-0.11444000000000001,253.0,-2.0,-4.0,0.22142381,0.00219667,0.08902365702260501,0.29836832442906036,6.527708526780006,0.28949272035062756,0.07223310796718066
253,003o0000005EQNq,1,0.50264,0.00798,254.0,-2.5,-4.0,0.22142381,0.00219667,0.07911599242400498,0.2812756520284061,6.196404619987579,0.28021718887273495,-0.02437866863196114
254,003o0000005EQNU,1,0.25882,-0.12564,255.0,-3.0,-4.0,0.22142381,0.00219667,0.017740689223205,0.13319417863857638,3.126008796532276,-0.13317800542316016,0.0020755950264244975
255,003o0000005EQO8,1,0.2269,0.11120999999999999,256.0,-3.5,-4.0,0.22142381,0.00219667,0.011913894774604998,0.10915078916162264,2.5898666927778247,-0.09295511677153392,0.05721224554757043
256,003o0000005EQOR,1,0.2411,-0.15594,257.0,-4.0,-4.0,0.22142381,0.00219667,0.025394358851605,0.1593560756658026,3.6966185951146424,-0.13543462047069255,-0.08397512982761307
257,003o0000005EQLi,1,0.3691,0.15971,258.0,-4.0,-3.5,0.22142381,0.00219667,0.04661870622060499,0.21591365454876862,4.8873943312602455,0.03759346195522777,-0.21261570459123152
258,003o0000005Bel9,1,0.2271,-0.0319,259.0,-4.0,-3.0,0.22142381,0.00219667,0.0011948020380049998,0.034565908609567896,0.8495481692024841,0.022824648229309234,0.025958379595292364
259,003o0000005EQLs,1,0.36664,0.23044,260.0,-4.0,-2.5,0.22142381,0.00219667,0.073182759527605,0.2705231219833251,5.985718068338855,0.2586422621489454,-0.07929022485830892
260,003o0000005CufB,1,-0.13054000000000002,-0.04034,261.0,-4.0,-2.0,0.22142381,0.00219667,0.125687891844405,0.35452488184104225,7.586268803377982,0.09378120263344389,0.34189615071982005
261,003o0000005EQKQ,1,0.21023000000000003,-0.0855,262.0,-4.0,-1.5,0.22142381,0.00219667,0.007816007311405,0.08840818577148273,2.1179062205162977,-0.045991809217205956,0.07550338268139468
262,003o0000005Cumt,1,0.14901,-0.058179999999999996,263.0,-4.0,-1.0,0.22142381,0.00219667,0.008889102159005,0.09428203518701216,2.252461814772328,-0.05940590255678565,0.07321230019893302
263,003o0000005EQNx,1,0.47731,-0.13915,264.0,-4.0,-0.5,0.22142381,0.00219667,0.085456623352805,0.2923296484327325,6.4111629665503145,0.2899389854122452,0.03730962464194529
264,003o0000005Cuge,1,0.18686,-0.13427999999999998,265.0,-4.0,0.0,0.22142381,0.00219667,0.019820538416005,0.1407854339624842,3.292925058266871,-0.13917640966129505,-0.02122417041479771
265,003o0000005Bei6,1,0.0133,0.02482,266.0,-4.0,0.5,0.22142381,0.00219667,0.04382733534920499,0.20934979185374175,4.752071326838626,0.008305310856807984,-0.20918498311488995
266,003o0000005BedO,1,0.25276,0.15735,267.0,-4.0,1.0,0.22142381,0.00219667,0.025054512613804994,0.15828617316052906,3.6735368925391874,-0.13641459540724937,-0.08028431212684985
267,003o0000005Cujs,1,0.31182,0.16592,268.0,-4.0,1.5,0.22142381,0.00219667,0.034976799952805,0.1870208543259414,4.286167110207007,-0.07732071344531166,-0.17028889342852924
268,003o0000005EQOL,1,0.16785,0.21056999999999998,269.0,-4.0,2.0,0.22142381,0.00219667,0.04628959777320499,0.21515017493184846,4.871691748037995,0.034129238072746454,-0.21242597035621325
269,003o0000005Bebp,1,0.28685,0.13323,270.0,-4.0,2.5,0.22142381,0.00219667,0.021450319908804992,0.14645927730534858,3.4169575886110755,-0.14094157584618494,-0.03982200530861158
270,003o0000005Bebp,1,0.28685,0.13323,271.0,-4.0,3.0,0.22142381,0.00219667,0.021450319908804992,0.14645927730534858,3.4169575886110755,-0.14094157584618494,-0.03982200530861158
271,003o0000005Cufb,1,0.27409,0.04734,272.0,-4.0,3.5,0.22142381,0.00219667,0.004811647812605001,0.0693660422152295,1.6766497243715792,-0.007328926632552354,0.06897778372070001
272,003o0000005Be8d,1,0.2043,0.07561,273.0,-4.0,4.0,0.22142381,0.00219667,0.005682741890604999,0.07538396308635543,1.8169443192971222,-0.018368800868911423,0.07311175722989618
273,003o0000005Be8j,1,0.35474,-0.13691,274.0,-3.5,4.0,0.22142381,0.00219667,0.037123872154605005,0.19267556190291754,4.404978866645731,-0.058301925725977706,-0.18364301677778982
274,003o0000005Be9G,1,0.18506,-0.30044,275.0,-3.0,4.0,0.22142381,0.00219667,0.092911280706405,0.3048135179194076,6.6515033104424015,0.2843709745299659,0.10974711636887091
275,003o0000005Be7P,1,0.38959,0.2115,276.0,-2.5,4.0,0.22142381,0.00219667,0.07208775140820499,0.26849162260339704,5.945712396497666,0.25334719314657017,-0.08889854404296754
276,003o0000005Be9e,1,0.25778,-0.19946,277.0,-2.0,4.0,0.22142381,0.00219667,0.041987185106805006,0.2049077477959411,4.660075154155621,-0.010714619568737524,-0.20462742248853702
277,003o0000005Be4h,1,-0.04954,-0.06829,278.0,-1.5,4.0,0.22142381,0.00219667,0.07838975697740502,0.27998170829074714,6.171144685789082,0.2782262265299238,-0.031303735373347415
278,003o0000005EQJL,1,0.42825,0.10243,279.0,-1.0,4.0,0.22142381,0.00219667,0.05282379331280501,0.2298342735816506,5.171985584525096,0.10195140558726856,-0.20598471839334412
279,003o0000005Be4e,1,-0.33407,-0.5263,280.0,-0.5,4.0,0.22142381,0.00219667,0.587882103149405,0.7667347019337295,14.22832604192453,-0.06979808202393559,0.7635511318144876
280,003o0000005Be2W,1,0.49459,0.32566999999999996,281.0,0.0,4.0,0.22142381,0.00219667,0.17925476258040496,0.4233848870477133,8.825943958117746,-0.3497131330917924,0.23865348755785495
281,003o0000005Be4g,1,0.45387,0.22675,282.0,0.5,4.0,0.22142381,0.00219667,0.10445542925960499,0.3231956516718704,7.001243976512763,0.24339360191348386,0.21263815228501576
282,003o0000005Be0A,1,-0.10152,-0.5116,283.0,1.0,4.0,0.22142381,0.00219667,0.36827972252040503,0.6068605461886651,11.857057600394745,0.4604915462268377,-0.39525594033995387
283,003o0000005Be0C,1,0.06466000000000001,0.11796,284.0,1.5,4.0,0.22142381,0.00219667,0.037976040698405,0.19487442289434753,4.451027360438781,-0.05035480431988402,-0.18825629970949495
284,003o0000005BdxA,1,0.14402,0.16618,285.0,2.0,4.0,0.22142381,0.00219667,0.032881882320404995,0.18133362159402486,4.166099702192394,-0.09420647143289851,-0.15494199902081898
285,003o0000005CulW,1,0.38998,0.29473,286.0,2.5,4.0,0.22142381,0.00219667,0.11398693834820499,0.3376195171316448,7.272288859972033,0.1855013613282133,0.28209250839677513
286,003o0000005EQMy,1,0.08804,0.16284,287.0,3.0,4.0,0.22142381,0.00219667,0.043597520243605,0.20880019215413811,4.740707273477549,0.00591207479119017,-0.20871647662623183
287,003o0000005Be4i,1,-0.15886,-0.12916,288.0,3.5,4.0,0.22142381,0.00219667,0.161870350901605,0.4023311458259291,8.453398900840279,-0.2269797134130564,0.3321905486321545
288,003o0000005Be03,1,-0.0479,-0.11508,289.0,4.0,4.0,0.22142381,0.00219667,0.086289131959205,0.29375011822841024,6.43862673539541,0.29020845729554706,0.045477283047073325
289,003o0000005Be0D,1,0.06617,-0.19052,290.0,4.5,4.0,0.22142381,0.00219667,0.061243460415405,0.24747416110657897,5.5280208972303155,0.1802005042843105,-0.16962086743996208
290,003o0000005EQ2U,1,-0.06502999999999999,-0.02078,291.0,4.5,3.5,0.22142381,0.00219667,0.08258371262780499,0.28737382035913606,6.315108628713315,0.2872274016857944,0.009172368757975639
291,003o0000005CuhX,1,0.40925,0.13607,292.0,4.5,3.0,0.22142381,0.00219667,0.05320074613520499,0.23065286934093188,5.188620416205452,0.10573893460792749,-0.2049878626728554
292,003o0000005EQHJ,1,0.37365,0.37044,293.0,4.5,2.5,0.22142381,0.00219667,0.15877596301140498,0.39846701621515046,8.384416206641395,-0.20158774919327152,0.3437125868899707
293,003o0000005EQMX,1,0.09719,-0.07162,294.0,4.5,2.0,0.22142381,0.00219667,0.020882940317005,0.1445093087555435,3.3743998461661597,-0.14061082081946089,-0.0333397268357505
294,003o0000005Be8C,1,0.04532,0.01165,295.0,4.5,1.5,0.22142381,0.00219667,0.031101917344605,0.17635735693359947,4.060566956483315,-0.10698470114131602,-0.14020053875184751
295,003o0000005Be3J,1,-0.49868,0.09457,296.0,4.5,1.0,0.22142381,0.00219667,0.527082329271805,0.7260043589895345,13.645227953611297,0.3429178749871385,0.6399137912923194
296,003o0000005Be7A,1,-0.13502999999999998,-0.49076000000000003,297.0,4.5,0.5,0.22142381,0.00219667,0.370065597161005,0.6083301711743426,11.879912000292244,0.47054058777993635,-0.38556082842103795
297,003o0000005Be4U,1,0.35191999999999996,-0.00925,298.0,4.5,0.0,0.22142381,0.00219667,0.01716028185860499,0.13099725897363268,3.0774943397180907,-0.13072824383300333,0.00839095482908902
298,003o0000005Cufv,1,0.52093,-0.026560000000000004,299.0,4.5,-0.5,0.22142381,0.00219667,0.090530903917805,0.3008835387950045,6.5760919710048436,0.288068506218084,0.08687600153717183
299,003o0000005Be0R,1,0.042660000000000003,-0.35667,300.0,4.5,-1.0,0.22142381,0.00219667,0.160741786602605,0.40092616103542683,8.428339037360983,-0.21782134556778382,0.336594188924356
300,003o0000005Bdxa,1,-0.38806999999999997,0.35454,301.0,4.5,-1.5,0.22142381,0.00219667,0.4956285266238051,0.7040088966936463,13.324591236446018,0.5111532023470541,0.4840980586143234
301,003o0000005Cupq,6,0.39355,-0.147,302.0,4.5,-2.0,0.24724926,-0.35392868,0.06422338513109001,0.25342333186013083,5.646961837272023,0.20383988091209115,-0.15057452666648002
302,003o0000005EQNT,6,0.42203999999999997,-0.17967,303.0,4.5,-2.5,0.24724926,-0.35392868,0.06091789034508999,0.24681549859174157,5.5148174882439855,0.177471680117974,-0.17152752869785504
303,003o0000005Be2Y,6,0.14687999999999998,-0.5049899999999999,304.0,4.5,-3.0,0.24724926,-0.35392868,0.03289351075308999,0.1813656824018535,4.166778180570417,-0.0941179626070165,-0.1550332863219839
304,003o0000005Be3X,6,0.28593,-0.43054,305.0,4.5,-3.5,0.24724926,-0.35392868,0.007365493999089999,0.08582245626343958,2.0584431010778546,-0.04021196243345457,0.0758188108343862
305,003o0000005Be2X,6,0.45411999999999997,-0.31053000000000003,306.0,4.5,-4.0,0.24724926,-0.35392868,0.04467894849388999,0.21137395415209034,4.793880367904384,0.017206098202437917,-0.21067249150883002
306,003o0000005Be08,6,0.39486,-0.21791,307.0,4.5,-4.5,0.24724926,-0.35392868,0.04029001187229,0.20072372025321272,4.573111880328044,-0.027865922324858867,-0.1987800348256206
307,003o0000005Bdxb,6,0.46928000000000003,-0.28301,308.0,4.0,-4.5,0.24724926,-0.35392868,0.05432710867789002,0.23308176393250937,5.237913374661087,0.11692936089478143,-0.20162994132476456
308,003o0000005Bdzc,6,0.34662,-0.22989,309.0,3.5,-4.5,0.24724926,-0.35392868,0.025260138104289995,0.1589343830147838,3.6875236895541543,-0.13583235726055112,-0.08252095991523611
309,003o0000005Bejd,6,0.37083,-0.39824,310.0,3.0,-4.5,0.24724926,-0.35392868,0.017235692379089996,0.1312847758846775,3.0838489168256884,-0.13106596271152976,0.0075766613748991345
310,003o0000005BetP,6,0.19389,-0.50907,311.0,2.5,-4.5,0.24724926,-0.35392868,0.02691603979909001,0.164061085572082,3.797870673652174,-0.1299804733099877,-0.10010552610721142
311,003o0000005Beu2,6,0.40051,-0.33289,312.0,2.0,-4.5,0.24724926,-0.35392868,0.023931480481489992,0.15469802998580814,3.5959715972771575,-0.13900140653440532,-0.06789763959775756
312,003o0000005BeuK,6,0.34556,-0.35564,313.0,1.5,-4.5,0.24724926,-0.35392868,0.009667930215489996,0.0983256335626168,2.3446717212097203,-0.06872098399968496,0.07032322926035918
313,003o0000005EQKE,6,0.20984,-0.49765,314.0,1.0,-4.5,0.24724926,-0.35392868,0.022055270556289995,0.14851016987496174,3.4616399506809543,-0.14096890348639984,-0.0467230008254187
314,003o0000005EQL2,6,0.33805999999999997,-0.41998,315.0,0.5,-4.5,0.24724926,-0.35392868,0.012609367373089998,0.11229143944704778,2.6605561830893554,-0.09954813818686906,0.051957054926333346
315,003o0000005EQLq,6,0.27881,-0.31928,316.0,0.0,-4.5,0.24724926,-0.35392868,0.0021966113350899994,0.04686802038800017,1.1450717229252376,0.019355593286907467,0.042684567979561674
316,003o0000005EQLr,6,0.37405,-0.10507000000000001,317.0,-0.5,-4.5,0.24724926,-0.35392868,0.07800907027589,0.2793010388020245,6.157846633716779,0.2771100300477485,-0.0349156343609271
317,003o0000005EQNj,6,0.44114,-0.22039,318.0,-1.0,-4.5,0.24724926,-0.35392868,0.05542619811388999,0.23542769190112278,5.2854304840104405,0.12764658586417146,-0.19781948142463296
318,003o0000005EQNl,6,0.46515,-0.23490999999999998,319.0,-1.5,-4.5,0.24724926,-0.35392868,0.061646178681490006,0.2482864850963298,5.544294974227084,0.18353742653396682,-0.1672130130784645
319,003o0000005EQXH,6,0.43188999999999994,-0.26222,320.0,-2.0,-4.5,0.24724926,-0.35392868,0.04250268485508998,0.2061617929081186,4.686081148675686,-0.005423044152180508,-0.20609045452716504
320,003o0000005EQCS,6,0.37412,-0.20372,321.0,-2.5,-4.5,0.24724926,-0.35392868,0.03865883221549,0.19661849408305923,4.4874914345225045,-0.043847200091248636,-0.19166704270595925
321,003o0000005Be4Q,6,0.27529000000000003,-0.2903,322.0,-3.0,-4.5,0.24724926,-0.35392868,0.004834892018290001,0.06953338779528868,1.6805616796989928,-0.007617039757255075,0.06911492402966525
322,003o0000005EQKr,6,-0.036160000000000005,-0.57639,323.0,-3.5,-4.5,0.24724926,-0.35392868,0.12980984754988997,0.36029133704530003,7.6924723805533475,0.05793772959864094,0.3556024002152471
323,003o0000005Be3W,6,0.45097,-0.36929,324.0,-4.0,-4.5,0.24724926,-0.35392868,0.04173811005828999,0.20429907013564697,4.6474428290950565,-0.013259112566565956,-0.20386835456302957
324,003o0000005Be2U,6,0.29178000000000004,-0.3828,325,-4.5,-4.5,0.24724926,-0.35392868,0.0028165399234900026,0.053071083684903236,1.2927684186755453,0.014565880222490621,0.051033078065447504
325,003o0000005Be4H,6,0.15980999999999998,-0.42555,326.0,-4.5,-4.0,0.24724926,-0.35392868,0.012775237667890002,0.11302759693052844,2.67709667679611,-0.10105203680040038,0.05063322551823585
326,003o0000005Be4R,6,0.17647000000000002,-0.36894,327.0,-4.5,-3.5,0.24724926,-0.35392868,0.0052350433742899966,0.07235359959456057,1.7463964656999393,-0.012640107205062857,0.07124093671572906
327,003o0000005BdzZ,6,0.13929,-0.46693999999999997,328.0,-4.5,-3.0,0.24724926,-0.35392868,0.024426760267889994,0.15629062757532838,3.6304286647410353,-0.13798587928397665,-0.07339385114652192
328,003o0000005Bdzf,6,0.12827,-0.4022,329.0,-4.5,-2.5,0.24724926,-0.35392868,0.016486184644690004,0.12839853832770062,3.019985119885823,-0.12745030378951092,0.015575773131738446
329,003o0000005BdzK,6,0.16169,-0.47808,330.0,-4.5,-2.0,0.24724926,-0.35392868,0.022733937229490003,0.15077777432198022,3.510950981687802,-0.14060919941023972,-0.05443335623219865
330,003o0000005Bdyp,6,0.15144000000000002,-0.46546000000000004,331.0,-4.5,-1.5,0.24724926,-0.35392868,0.021618649642690006,0.1470328182505185,3.42946124969273,-0.14098259100538887,-0.04174396574473074
331,003o0000005Be4S,6,0.11907000000000001,-0.42703,332.0,-4.5,-1.0,0.24724926,-0.35392868,0.02177372567989,0.14755922770159105,3.4409319043835325,-0.14099749687022187,-0.043513578986584964
332,003o0000005Be4G,6,0.36664,-0.17282,333.0,-4.5,-0.5,0.24724926,-0.35392868,0.047054502769090005,0.21692049872958066,4.908087156476844,0.04218050154503766,-0.2127799522006222
333,003o0000005Be2T,6,0.32376,-0.22404000000000002,334.0,-4.5,0.0,0.24724926,-0.35392868,0.022724962527489994,0.15074801002829188,3.5103043607832616,-0.1406166038500864,-0.05433169654223821
334,003o0000005Be4V,6,0.13726,-0.26657,335.0,-4.5,0.5,0.24724926,-0.35392868,0.019729176286690006,0.14046058623930774,3.2858050957004608,-0.13900252039576697,-0.02018602512418917
335,003o0000005Be2Q,6,0.12292,-0.33876999999999996,336.0,-4.5,1.0,0.24724926,-0.35392868,0.01568755047149,0.1252499519819868,2.9501297629427157,-0.12296124765259717,0.02383447182562829
336,003o0000005BdzX,6,0.03628,-0.32056999999999997,337.0,-4.5,1.5,0.24724926,-0.35392868,0.04562083019629,0.2135903326377156,4.839579579122924,0.027093493584774846,-0.2118649872009572
337,003o0000005Be9Y,6,0.43105,-0.32183,338.0,-4.5,2.0,0.24724926,-0.35392868,0.03481303728229,0.18658252137402903,4.276933618180018,-0.07870485712795083,-0.16917027737388993
338,003o0000005Be9K,6,0.38455,-0.29393,339.0,-4.5,2.5,0.24724926,-0.35392868,0.022451334806289996,0.149837694877791,3.4905199381453924,-0.1408084759949016,-0.05122799912433842
339,003o0000005Be8B,6,0.32473,-0.17351,340.0,-4.5,3.0,0.24724926,-0.35392868,0.03855416516389,0.19635214580923224,4.481926212148132,-0.04485234386518092,-0.19116075019127113
340,003o0000005BdzA,6,-0.05214,-0.49228,341.0,-4.5,3.5,0.24724926,-0.35392868,0.10877501674909,0.32981057707279493,7.125912720924251,0.21946565307091576,0.24619066568667147
341,003o0000005BeA3,6,0.34709,-0.4799,342.0,-4.5,4.0,0.24724926,-0.35392868,0.02583694682629,0.16073875334308774,3.7264164685396888,-0.13402547740946827,-0.08873622840449161
342,003o0000005Be8A,6,0.24728000000000003,-0.35841,343.0,-4.5,4.5,0.24724926,-0.35392868,2.00831738900001e-05,0.004481425430596843,0.11178534358984828,0.004453454712282416,0.0004999150084260716
343,003o0000005Be6x,6,0.25778,-0.34849,344.0,-4.0,4.5,0.24724926,-0.35392868,0.00014047572508999994,0.011852245571620592,0.29456394515753803,0.011341755486200925,0.003440974801016583
344,003o0000005Be7j,6,0.12320999999999999,-0.56412,345.0,-3.5,4.5,0.24724926,-0.35392868,0.05956612902468998,0.2440617319955957,5.459540421910998,0.16585257435474987,-0.17905041916899314
345,003o0000005Be6l,6,0.29903,-0.3437,346.0,-3.0,4.5,0.24724926,-0.35392868,0.002785870929490002,0.05278135020525718,1.285889174033056,0.014835166915293543,0.050653615390072425
346,003o0000005BdzJ,6,0.33694,-0.40854,347.0,-2.5,4.5,0.24724926,-0.35392868,0.011026825113890006,0.10500869065886882,2.4963299947110853,-0.08389583540447573,0.06315309901877438
347,003o0000005Be6o,6,0.31051999999999996,-0.31103000000000003,348.0,-2.0,4.5,0.24724926,-0.35392868,0.005843483285889993,0.07644267974037798,1.841544738270939,-0.0204447979668107,0.07365794948263418
348,003o0000005Be6q,6,0.21472,-0.29473,349.0,-1.5,4.5,0.24724926,-0.35392868,0.00456263646989,0.06754729061842525,1.6340941371135076,-0.004272741051682991,0.06741201787363484
349,003o0000005Be6t,6,0.30294,-0.27596,350.0,-1.0,4.5,0.24724926,-0.35392868,0.009180573582690001,0.09581530975105179,2.2874665331261914,-0.06293893676533006,0.0722444726019907
350,003o0000005Be6u,6,0.21861999999999998,-0.25555,351.0,-0.5,4.5,0.24724926,-0.35392868,0.010497999206690001,0.1024597443227827,2.4385953646583416,-0.0781673430543536,0.06624096682954589
351,003o0000005Be6w,6,0.23473000000000002,-0.40448,352.0,0.0,4.5,0.24724926,-0.35392868,0.0027121678246900005,0.05207847755733649,1.2691927492931439,0.015470004569863069,0.04972772650442021
352,003o0000005Be71,6,0.16953,-0.38505,353.0,0.5,4.5,0.24724926,-0.35392868,0.007008819933490003,0.08371869524478988,2.0099590777035545,-0.03559566665612689,0.07577445775982763
353,003o0000005Be78,6,0.21306999999999998,-0.42007,354.0,1.0,4.5,0.24724926,-0.35392868,0.005542896025490002,0.07445062810675275,1.7952371832675778,-0.016569826899775493,0.07258330980329762
354,003o0000005Be7Q,6,0.21091999999999997,-0.34643,355.0,1.5,4.5,0.24724926,-0.35392868,0.0013760453338900018,0.03709508503683476,0.9105904365322202,0.022749654858309865,0.029300145694480435
355,003o0000005Be7R,6,0.10543,-0.3748,356.0,2.0,4.5,0.24724926,-0.35392868,0.020548314505490002,0.14334683291056696,3.3489944912610676,-0.14027479928817277,-0.029517709771471935
356,003o0000005Be9x,6,0.07185,-0.52382,357.0,2.5,4.5,0.24724926,-0.35392868,0.059627961019889986,0.24418837199975346,5.4620851822641425,0.1663939718378536,-0.17872047212312742
357,003o0000005Be8c,6,-0.0263,-0.42378000000000005,358.0,3.0,4.5,0.24724926,-0.35392868,0.07970840455229002,0.28232676910326804,6.216905402891739,0.2817068617142302,-0.018698893427409304
358,003o0000005Be8F,6,0.04237,-0.47808,359.0,3.5,4.5,0.24724926,-0.35392868,0.05738906143589,0.2395601415843003,5.368914803963188,0.14621998463745609,-0.18975978901893867
359,003o0000005Be9R,6,0.0012,-0.38437,360.0,4.0,4.5,0.24724926,-0.35392868,0.06146691230989,0.24792521515547788,5.5370586099528145,0.18205732834392405,-0.16829153723869372
360,003o0000005Be8O,6,0.40926999999999997,-0.26550999999999997,361.0,4.5,4.5,0.24724926,-0.35392868,0.03406858316309,0.18457676766887537,4.234638817640441,-0.08486515186121786,-0.16391000324160335
361,003o0000005Be8v,6,0.25119,-0.44038,362.0,5.0,4.5,0.24724926,-0.35392868,0.007489360161490001,0.08654108944016131,2.0749834541959395,-0.04180764334489414,0.07577256178483163
362,003o0000005Be86,6,0.06838,-0.3661,363.0,5.0,4.0,0.24724926,-0.35392868,0.03214235320349,0.1792828859749028,4.122663249714055,-0.09970514723432385,-0.14900079469073918
363,003o0000005Be7k,6,0.07254,-0.40305,364.0,5.0,3.5,0.24724926,-0.35392868,0.03293622960829,0.18148341414104485,4.169269489462319,-0.09379227995892848,-0.15536807210104647
364,003o0000005Be9s,6,0.3019,-0.43868,365.0,5.0,3.0,0.24724926,-0.35392868,0.010169489624290004,0.10084388739179982,2.40192640089371,-0.07449273011815448,0.0679729562681645
365,003o0000005Be9v,6,0.17002,-0.33259,366.0,5.0,2.5,0.24724926,-0.35392868,0.006419697864289999,0.0801230170693166,1.9268734835823234,-0.027930896223222923,0.07509702324631483
366,003o0000005Bdze,6,0.01102,-0.41548999999999997,367.0,5.0,2.0,0.24724926,-0.35392868,0.05959405940028999,0.24411894518920482,5.460690121250435,0.16609724640140713,-0.17890154873046862
367,003o0000005Be7h,6,0.17334000000000002,-0.20113,368.0,5.0,1.5,0.24724926,-0.35392868,0.028810015323489993,0.16973513284965489,3.919433525039225,-0.12092446017550282,-0.11911041203334503
368,003o0000005Be9y,6,0.44426000000000004,-0.40301,369.0,5.0,1.0,0.24724926,-0.35392868,0.041222207648290016,0.20303252854725032,4.621136903771983,-0.018501438151453647,-0.20218779496947373
369,003o0000005EQKB,4,-0.40802,0.09888999999999999,370.0,5.0,0.5,-0.22501902,-0.16249634,0.101812177419556,0.3190802053082516,6.923366988750964,0.25589825486603907,0.19059973918154163
370,003o0000005Be7M,4,-0.22669,0.13464,371.0,5.0,0.0,-0.22501902,-0.16249634,0.088292796722756,0.29714103843588485,6.50406603675082,0.2899219581535975,0.06510034487727129
371,003o0000005Be9F,4,-0.16016,-0.00916,372.0,5.0,-0.5,-0.22501902,-0.16249634,0.027718725639955994,0.1664894159998046,3.849968478545808,-0.12643532027702978,-0.10831821373342944
372,003o0000005Be9r,4,-0.18115,0.057229999999999996,373.0,5.0,-1.0,-0.22501902,-0.16249634,0.050204155405556,0.22406283807351007,5.0543880266930135,0.0751441858607611,-0.21108649112835096
373,003o0000005Be7i,4,-0.0061600000000000005,-0.0028399999999999996,374.0,5.0,-1.5,-0.22501902,-0.16249634,0.07338941753755598,0.27090481268806577,5.993227443332402,0.25959614148702326,-0.07745489566583517
374,003o0000005Be8i,4,-0.24263,-0.21869,375.0,5.0,-2.0,-0.22501902,-0.16249634,0.003467874040756002,0.0588886579975805,1.4304980569828505,0.008234899244182636,0.05831003751665884
375,003o0000005Be9V,4,-0.10985,-0.06361,376.0,5.0,-2.5,-0.22501902,-0.16249634,0.023042411406355996,0.15179727074738858,3.533089163333869,-0.1403121478762693,-0.05792160706251101
376,003o0000005Be90,4,-0.00474,-0.05176,377.0,5.0,-3.0,-0.22501902,-0.16249634,0.06078538364875599,0.24654691977138143,5.509431612139076,0.17635317212694718,-0.17229318712450395
377,003o0000005Be9g,4,-0.015280000000000002,-0.37135999999999997,378.0,5.0,-3.5,-0.22501902,-0.16249634,0.08761448497915598,0.29599744083210583,6.482015581538707,0.2901657868404299,0.05846623920204031
378,003o0000005Be4Y,4,-0.0612,-0.44703999999999994,379.0,5.0,-4.0,-0.22501902,-0.16249634,0.10780176575995598,0.3283317921858253,7.098096584049294,0.22521359704196395,0.23891546929275184
379,003o0000005Be4I,4,-0.04774,-0.23253000000000001,380.0,5.0,-4.5,-0.22501902,-0.16249634,0.036332564465155995,0.19061102923271778,4.361666132157881,-0.06548951635822917,-0.17900750741888236
380,003o0000005Be4T,4,-0.02308,-0.25981,381.0,5.0,-5.0,-0.22501902,-0.16249634,0.050249316221156,0.22416359254159895,5.056445729912083,0.07561236519547337,-0.21102626957490947
381,003o0000005BdzH,4,-0.01031,-0.28136,382.0,4.5,-5.0,-0.22501902,-0.16249634,0.06022853293795599,0.24541502182620362,5.486720630800916,0.17160361605791666,-0.17544438404748985
382,003o0000005BdzL,4,-0.11327000000000001,-0.32869,383.0,4.0,-5.0,-0.22501902,-0.16249634,0.04010817609515599,0.20027025763991016,4.563668653421408,-0.0296745861608009,-0.1980595744500659
383,003o0000005Bdx8,4,0.030889999999999997,-0.2711,384.0,3.5,-5.0,-0.22501902,-0.16249634,0.077284181482756,0.2780003264076429,6.132415284008796,0.2748466111923323,-0.04175550022268828
384,003o0000005Be2S,4,-0.048260000000000004,-0.29191999999999996,385.0,3.0,-5.0,-0.22501902,-0.16249634,0.047994234919155984,0.21907586567021933,4.952327113781269,0.05206174354743548,-0.21279992898954886
385,003o0000005BdyO,4,0.00503,-0.20656999999999998,386.0,2.5,-5.0,-0.22501902,-0.16249634,0.054865039108755995,0.23423287367224097,5.261240554050883,0.12220112256412262,-0.19982973941038978
386,003o0000005BdzY,4,-0.01292,-0.32655,387.0,2.0,-5.0,-0.22501902,-0.16249634,0.071899597644356,0.2681410032881133,5.938801279098603,0.25239672719806444,-0.09052894423366382
387,003o0000005Be4M,4,-0.06847,-0.2107,388.0,1.5,-5.0,-0.22501902,-0.16249634,0.026831188500355995,0.1638022847836867,3.7923119112102435,-0.13032901069091546,-0.0992246817716401
388,003o0000005Be6p,4,-0.30878,0.34294,389.0,1.0,-5.0,-0.22501902,-0.16249634,0.26248179556315604,0.5123297722787111,10.341283933379934,-0.31180200729680546,-0.4065234357436713
389,003o0000005Be72,4,0.0037700000000000003,-0.61065,390.0,0.5,-5.0,-0.22501902,-0.16249634,0.253186118643956,0.5031760314680699,10.189505599618002,-0.3630772074724959,-0.34836914337801245
390,003o0000005Be8z,4,-0.43153,-0.12442,391.0,0.0,-5.0,-0.22501902,-0.16249634,0.044096592528356016,0.20999188681555297,4.765341361876428,0.011114374767305485,-0.2096975517307913
391,003o0000005Be7a,4,-0.51395,-0.0052,392.0,-0.5,-5.0,-0.22501902,-0.16249634,0.10822324978115602,0.32897302287749375,7.1101620178015645,0.22274883535600026,0.24208718703950757
392,003o0000005Be9T,4,-0.38166,-0.09011,393.0,-1.0,-5.0,-0.22501902,-0.16249634,0.029776178833956002,0.1725577550675599,3.9796869544628826,-0.11542054832757036,-0.12827422132961475
393,003o0000005Be99,4,0.00255,-0.13237000000000002,394.0,-1.5,-5.0,-0.22501902,-0.16249634,0.05269525522555599,0.22955447115130645,5.166297129778961,0.10065533953457084,-0.20630985882583566
394,003o0000005Be9Q,4,-0.62793,0.01905,395.0,-2.0,-5.0,-0.22501902,-0.16249634,0.19529633137195604,0.4419234451485416,9.149448702434844,-0.4252787240056941,0.1201429909734426
395,003o0000005Be7J,4,-0.47018999999999994,0.02559,396.0,-2.5,-5.0,-0.22501902,-0.16249634,0.09548528072875598,0.30900692666792434,6.731719462147431,0.2784411130876381,0.1339993554882751
396,003o0000005Be8t,4,-0.52373,-0.1049,397.0,-3.0,-5.0,-0.22501902,-0.16249634,0.09254558795395604,0.304213063417658,6.639996058721661,0.2850523716005792,0.10625786276243906
397,003o0000005Be9N,4,-0.5239199999999999,-0.06847,398.0,-3.5,-5.0,-0.22501902,-0.16249634,0.09818274845875599,0.3133412651706698,6.81436185233871,0.27016650200031556,0.15872242959225868
398,003o0000005Be7y,4,0.05856,0.05152,399.0,-4.0,-5.0,-0.22501902,-0.16249634,0.12622005437115602,0.35527461824785067,7.600102602260786,0.08923096159703528,0.3438864490840319
399,003o0000005Be7r,4,-0.20104,-0.40302,400.0,-4.5,-5.0,-0.22501902,-0.16249634,0.058426624419956004,0.24171599951173278,5.412357338113518,0.15571187224381258,-0.1848795209380493
400,003o0000005Be8k,4,-0.35967,-0.2749,401.0,-5.0,-5.0,-0.22501902,-0.16249634,0.030765469196355998,0.1754008814013088,4.040231626740731,-0.10921783523916512,-0.1372477091321621
401,003o0000005Be8y,4,-0.38425,-0.35133000000000003,402,-5.0,-4.5,-0.22501902,-0.16249634,0.061012656140756016,0.24700740098376814,5.5186650427844075,0.17826882513716494,-0.17097626187565027
402,003o0000005Be9f,4,-0.3917,-0.1474,403.0,-5.0,-4.0,-0.22501902,-0.16249634,0.028010448575156003,0.1673632234845995,3.8686887591419716,-0.12503836581164415,-0.11124682310209788
403,003o0000005Be9z,4,-0.4356,-0.06671,404.0,-5.0,-3.5,-0.22501902,-0.16249634,0.053519372068356,0.23134254271178917,5.202626806825046,0.10892433195701068,-0.20409522771509123
404,003o0000005Be9X,4,-0.33326999999999996,-0.31295,405.0,-5.0,-3.0,-0.22501902,-0.16249634,0.034354578478356,0.1853498812472131,4.25094973608418,-0.08252467793271531,-0.16596462276779833
405,003o0000005Be8n,4,-0.55385,-0.24886999999999998,406.0,-5.0,-2.5,-0.22501902,-0.16249634,0.115590222549556,0.33998562109235736,7.316472084428899,0.1740720663008148,0.2920430418334269
406,003o0000005Be7g,4,-0.28324,-0.29889,407.0,-5.0,-2.0,-0.22501902,-0.16249634,0.021992913000356003,0.14830007754669586,3.457066383293582,-0.14098139500952925,-0.04601259894336647
407,003o0000005Be7G,4,-0.52476,-0.12889,408.0,-5.0,-1.5,-0.22501902,-0.16249634,0.09097404117955603,0.3016190331851689,6.590222493250318,0.2875132824048504,0.09116004399047188
408,003o0000005Be83,4,0.07382999999999999,-0.22269,409.0,-5.0,-1.0,-0.22501902,-0.16249634,0.09293401345915597,0.30485080524603503,6.652217718925879,0.2843272747217391,0.1099636954110978
409,003o0000005Be9o,4,-0.41141000000000005,-0.22675,410.0,-5.0,-0.5,-0.22501902,-0.16249634,0.03887013024875603,0.19715509186616517,4.498699633059817,-0.04181004326433384,-0.19267083466625293
410,003o0000005EQNB,2,-0.22083000000000003,0.35056,411.0,-5.0,0.0,0.08462226,-0.24290097,0.4454970060524485,0.6674556210359222,12.782472109551751,0.6519311375282234,0.14311812594358972
411,003o0000005EQLK,2,0.27810999999999997,-0.4957,412.0,-5.0,0.5,0.08462226,-0.24290097,0.10134485509924848,0.31834706704986065,6.909468249533434,0.25792855220564065,0.18659506171480145
412,003o0000005Be02,2,0.35762,-0.31281,413.0,-5.0,1.0,0.08462226,-0.24290097,0.07941503852064849,0.2818067396650557,6.206764951086795,0.2809842544036289,-0.02151481577623254
413,003o0000005Be3M,2,0.13229000000000002,-0.17092000000000002,414.0,-5.0,1.5,0.08462226,-0.24290097,0.007453473478848498,0.0863335014860888,2.0702066494145925,-0.041345801481722844,0.07578916927030183
414,003o0000005Be0N,2,0.33048,-0.09863999999999999,415.0,-5.0,2.0,0.08462226,-0.24290097,0.0812572557832485,0.28505658347641877,6.270068780287781,0.28503206279349724,-0.003738845133507431
415,003o0000005Bes7,2,0.10238,-0.15352000000000002,416.0,-5.0,2.5,0.08462226,-0.24290097,0.008304295128048495,0.09112790532020636,2.18029841882579,-0.05216701505174288,0.07471879059941833
416,003o0000005EQJ1,2,0.30329,-0.16771,417.0,-5.0,3.0,0.08462226,-0.24290097,0.053469262486248496,0.23123421564778968,5.200427341088565,0.10842437446162477,-0.20423862883610894
417,003o0000005EQMc,2,0.40563,0.01926,418.0,-5.0,3.5,0.08462226,-0.24290097,0.17177434333124847,0.41445668450544804,8.668637220325413,-0.30151281697089855,0.28436660235253
418,003o0000005EQMe,2,0.29717,-0.1042,419.0,-5.0,4.0,0.08462226,-0.24290097,0.06441450085804848,0.25380011989368423,5.654475887049404,0.2052702816135174,-0.14926021688432503
419,003o0000005EQMw,2,0.31819000000000003,-0.07408,420.0,-5.0,4.5,0.08462226,-0.24290097,0.08305440908044852,0.2881916186852916,6.330984722196353,0.2878624535544595,0.013770145752865072
420,003o0000005EQN5,2,0.34969,-0.06535,421.0,-5.0,5.0,0.08462226,-0.24290097,0.10178525373664848,0.3190380129963332,6.922567321934876,0.2560167314777802,0.19036986878201786
421,003o0000005Bdza,2,-0.014159999999999999,-0.43816000000000005,422.0,-4.5,5.0,0.08462226,-0.24290097,0.04788402368724852,0.21882418442038923,4.94716526863682,0.05090406710771176,-0.21282105074250082
422,003o0000005Be4O,2,0.06801,-0.26045,423.0,-4.0,5.0,0.08462226,-0.24290097,0.0005839356362485009,0.024164760215001118,0.5969353080494749,0.019985759541264133,0.013583263665528643
423,003o0000005Be7u,2,0.32243,0.33382,424.0,-3.5,5.0,0.08462226,-0.24290097,0.3891595984416485,0.6238265772164957,12.119636215225917,0.5626059352379963,-0.26950725421893185
424,003o0000005Be9a,2,0.014119999999999999,-0.50305,425.0,-3.0,5.0,0.08462226,-0.24290097,0.0726480864750485,0.26953308975902845,5.966229675328992,0.256107289206692,-0.0840068026426926
425,003o0000005Be8M,2,0.23914000000000002,-0.49348000000000003,426.0,-2.5,5.0,0.08462226,-0.24290097,0.08666558225044853,0.2943901870824646,6.4509921559599395,0.2902550173029696,0.04916916900763447
426,003o0000005Be7m,2,-0.09527999999999999,-0.34643,427.0,-2.0,5.0,0.08462226,-0.24290097,0.04308308320584849,0.20756464825650944,4.715141101005492,0.0005712422275015537,-0.20756386219225642
427,003o0000005Be6y,2,0.1036,-0.50472,428.0,-1.5,5.0,0.08462226,-0.24290097,0.06890935908564848,0.2625059220011017,5.827464321257962,0.23571560413185605,-0.11553143751552043
428,003o0000005Be8E,2,-0.15437,-0.31797,429.0,-1.0,5.0,0.08462226,-0.24290097,0.0627526596050485,0.2505048095447441,5.58868293563742,0.1924809518360825,-0.16032386842053242
429,003o0000005Be97,2,-0.1263,-0.4015,430.0,-0.5,5.0,0.08462226,-0.24290097,0.06964185208044851,0.2638974271955839,5.855003576532376,0.24007335598453355,-0.10957479558170266
430,003o0000005Be7c,2,-0.1646,-0.46676000000000006,431.0,0.0,5.0,0.08462226,-0.24290097,0.11222460019204852,0.3349994032711827,7.223271121605871,0.19755542021054226,0.270548435843722
431,003o0000005Be7t,2,0.47048,-0.11363,432.0,0.5,5.0,0.08462226,-0.24290097,0.1655971792026485,0.40693633310709487,8.535363175171701,-0.25631563399117835,0.3160687820306662
432,003o0000005Be9B,2,-0.14240999999999998,-0.3547,433.0,1.0,5.0,0.08462226,-0.24290097,0.0640426701896485,0.25306653312844135,5.639844339230573,0.20247753967964663,-0.1518074968996117
433,003o0000005Be7f,2,-0.09933,-0.3957,434.0,1.5,5.0,0.08462226,-0.24290097,0.0571859775280485,0.2391358976148259,5.360356998429394,0.14433466294859362,-0.19066589259635391
434,003o0000005Be70,2,-0.18927,-0.44225,435.0,2.0,5.0,0.08462226,-0.24290097,0.11475700584984849,0.3387580343694427,7.2935586039555576,0.18006499192660774,0.28693832879613557
435,003o0000005Be6z,2,0.030330000000000003,-0.51155,436.0,2.5,5.0,0.08462226,-0.24290097,0.07511995081584848,0.27408019048418747,6.055612475855724,0.2670135443051744,-0.061836218945187614
436,003o0000005Be6a,2,0.21204,-0.46606000000000003,437.0,3.0,5.0,0.08462226,-0.24290097,0.06603523313724852,0.25697321482451924,5.7176655142507915,0.21696510151635193,-0.1377003190310306
437,003o0000005Be7S,2,-0.11134000000000001,-0.27323000000000003,438.0,3.5,5.0,0.08462226,-0.24290097,0.03932105740504851,0.19829537918229084,4.522500738865089,-0.03742808357480704,-0.19473108628302202
438,003o0000005Be95,2,-0.42923999999999995,0.39769,439.0,4.0,5.0,0.08462226,-0.24290097,0.6744112130978486,0.8212254337865142,14.987739744524836,-0.6172809319060955,0.5416414535492929
439,003o0000005Be92,2,-0.11617000000000001,-0.44365,440.0,4.5,5.0,0.08462226,-0.24290097,0.0806177047218485,0.28393257073088407,6.2481922220427135,0.2837587484803735,-0.009933649012351893
440,003o0000005Be8P,2,0.15159,-0.25504,441.0,5.0,5.0,0.08462226,-0.24290097,0.004632034250048499,0.06805904972924981,1.6460757254556944,-0.005118606625197207,0.067866295878477
441,003o0000005Be4X,3,0.58914,0.08527,442.0,5.5,5.0,0.3863704,0.2248236,0.06059071795712,0.24615181891897528,5.501506449551588,0.17470178106469278,-0.1734070519037336
442,003o0000005Be6j,3,0.55811,0.0164,443.0,5.5,4.5,0.3863704,0.2248236,0.07293488724512,0.2700645982818185,5.976694099144096,0.25747907288137484,-0.08148260104628263
443,003o0000005Be9i,3,0.5054,0.16979,444.0,5.5,4.0,0.3863704,0.2248236,0.017196742805119992,0.1311363519590201,3.0805687157162738,-0.13089225701527527,0.007997490766929283
444,003o0000005Be74,3,0.46965,0.23165999999999998,445.0,5.5,3.5,0.3863704,0.2248236,0.006982228141120001,0.08355972798615371,2.006291637996286,-0.035250467787864566,0.07576036339575414
445,003o0000005Be6m,3,0.5344800000000001,0.21044000000000002,446.0,5.5,3.0,0.3863704,0.2248236,0.02214334156112002,0.14880638951711725,3.4680870300480997,-0.14094532011355576,-0.04772586614412899
446,003o0000005Be6n,3,0.53861,0.12777,447.0,5.5,2.5,0.3863704,0.2248236,0.03259629708112001,0.18054444627603478,4.149393180418592,-0.09636054608043318,-0.15267921351710168
447,003o0000005Be6r,3,0.58758,0.16043,448.0,5.5,2.0,0.3863704,0.2248236,0.04463183885312,0.2112624880406363,4.791579855338995,0.016712580509927705,-0.2106004000609191
448,003o0000005Be6s,3,0.49616000000000005,0.15879000000000001,449.0,5.5,1.5,0.3863704,0.2248236,0.016414192597120007,0.12811788554733491,3.0137664019796873,-0.12707261564403158,0.016332267157508483
449,003o0000005Be7p,3,0.51469,0.09412999999999999,450.0,5.5,1.0,0.3863704,0.2248236,0.033546736825119994,0.1831576829541147,4.204671671529427,-0.08904829291059735,-0.16005354839811722
450,003o0000005Be9w,3,0.5229699999999999,0.0565,451.0,5.5,0.5,0.3863704,0.2248236,0.04699228503711998,0.21677703992148242,4.905139813884224,0.04152570293119729,-0.21276254612405335
451,003o0000005Be9C,3,0.52723,0.14993,452.0,5.5,0.0,0.3863704,0.2248236,0.025450478233119994,0.15953206020458707,3.700413183917787,-0.13526420904780748,-0.08458174734415835
452,003o0000005Be9J,3,0.49946999999999997,0.11532,453.0,5.5,-0.5,0.3863704,0.2248236,0.024782557933119995,0.15742476912201586,3.654937764674911,-0.13713375863985316,-0.0773103497238662
453,003o0000005Be7U,3,0.28002,0.35781999999999997,454.0,5.5,-1.0,0.3863704,0.2248236,0.02899844999311999,0.17028931262155,3.9312748496742813,-0.1198957722728551,-0.12092747324001961
454,003o0000005Be7V,3,0.19924,0.17994000000000002,455.0,5.5,-1.5,0.3863704,0.2248236,0.03703232415312,0.1924378449087393,4.399995518803937,-0.05914329578334948,-0.18312398727911983
455,003o0000005Be7W,3,0.20592,0.29020999999999997,456.0,5.5,-2.0,0.3863704,0.2248236,0.03683772816512,0.19193157156945284,4.3893790148470435,-0.06092336035831917,-0.18200569311911752
456,003o0000005Be7X,3,0.26024,0.36551999999999996,457.0,5.5,-2.5,0.3863704,0.2248236,0.03570435477711997,0.18895595988780023,4.326889434982005,-0.07105161075351922,-0.1750886158105385
457,003o0000005Be7Y,3,0.3697,0.12279000000000001,458.0,5.5,-3.0,0.3863704,0.2248236,0.010688757765120002,0.10338644865319634,2.4596010083855435,-0.0802608483852825,0.06516865796987613
458,003o0000005Be7Z,3,0.20886,0.29922,459.0,5.5,-3.5,0.3863704,0.2248236,0.03704476644112,0.19247017026313454,4.40067322532745,-0.05902909182290125,-0.183194794575838
459,003o0000005Be7b,3,0.1972,0.27958,460.0,5.5,-4.0,0.3863704,0.2248236,0.03878370357712,0.19693578541524645,4.494119471679703,-0.04264457642089604,-0.1922632145757538
460,003o0000005BenK,3,0.28162,0.38683,461.0,5.5,-4.5,0.3863704,0.2248236,0.037218719941120006,0.1929215383028033,4.410134313907473,-0.057427613876709346,-0.1841759732037477
461,003o0000005Be7q,3,0.33108000000000004,0.41685,462.0,5.5,-5.0,0.3863704,0.2248236,0.03993116662911999,0.1998278424772684,4.554452047491197,-0.03142915344143869,-0.19734075844354731
462,003o0000005Be7w,3,0.22474,0.31459000000000004,463.0,5.5,-5.5,0.3863704,0.2248236,0.034182392773120004,0.18488480947097846,4.241139066617054,-0.08393776170129569,-0.1647326468363102
463,003o0000005Be81,3,0.26589,0.34994000000000003,464.0,5.0,-5.5,0.3863704,0.2248236,0.03016964033312,0.17369409987999018,4.003903129271324,-0.11302010221011953,-0.13189426382346633
464,003o0000005Be8p,3,0.21745,0.30978,465.0,4.5,-5.5,0.3863704,0.2248236,0.035751691437119995,0.18908117684507889,4.329522214669508,-0.07063717398868659,-0.17539122295032902
465,003o0000005Be94,3,0.27381,0.37109000000000003,466.0,4.0,-5.5,0.3863704,0.2248236,0.034063703417120006,0.1845635484518002,4.234359830005447,-0.08490479618371534,-0.16387458314858272
